timestamp_verbose,timeStep,latitude,longitude,elevation,speed,heading,distanceToFinalWaypoints,distanceToIntersection
1711577276.6934736,0.09999990463256836,42.302344264862256,-83.69786100544425,244.54742431640625,0.1,182.65,50,208.93
1711577276.793586,0.10011577606201172,42.302344264862256,-83.69786100544425,244.54742431640625,0.2,182.65,50,208.93
1711577276.8936741,0.10008764266967773,42.302344264862256,-83.69786100544425,244.54742431640625,0.3,182.65,50,208.93
1711577276.9937935,0.10009002685546875,42.302344264862256,-83.69786100544425,244.54742431640625,0.4,182.65,50,208.93
1711577277.0938928,0.10012507438659668,42.302344264862256,-83.69786100544425,244.54742431640625,0.5,182.65,50,208.93
1711577277.1939886,0.10008835792541504,42.302344264862256,-83.69786100544425,244.54742431640625,0.6,182.65,50,208.93
1711577277.2940812,0.10009551048278809,42.302344264862256,-83.69786100544425,244.54742431640625,0.7,182.65,50,208.93
1711577277.3942077,0.1001424789428711,42.302344264862256,-83.69786100544425,244.54742431640625,0.8,182.65,50,208.93
1711577277.494318,0.10006952285766602,42.302344264862256,-83.69786100544425,244.54742431640625,0.9,182.65,50,208.93
1711577277.5944269,0.10013127326965332,42.302344264862256,-83.69786100544425,244.54742431640625,1.0,182.65,50,208.93
1711577277.6947348,0.1002953052520752,42.302344264862256,-83.69786100544425,244.54742431640625,1.1,182.65,50,208.93
1711577277.7948287,0.10011982917785645,42.302344264862256,-83.69786100544425,244.54742431640625,1.2,182.65,50,208.93
1711577277.8949435,0.10011553764343262,42.302344264862256,-83.69786100544425,244.54742431640625,1.3,182.65,50,208.93
1711577277.995031,0.10006403923034668,42.302344264862256,-83.69786100544425,244.54742431640625,1.4,182.65,50,208.93
1711577278.0951467,0.10010433197021484,42.302344264862256,-83.69786100544425,244.54742431640625,1.5,182.65,50,208.93
1711577278.1952653,0.10011672973632812,42.302344264862256,-83.69786100544425,244.54742431640625,1.6,182.65,50,208.93
1711577278.2953684,0.10011839866638184,42.302344264862256,-83.69786100544425,244.54742431640625,1.7,182.65,50,208.93
1711577278.3954735,0.10008931159973145,42.302344264862256,-83.69786100544425,244.54742431640625,1.8,182.65,50,208.93
1711577278.495574,0.10010504722595215,42.302344264862256,-83.69786100544425,244.54742431640625,1.9,182.65,50,208.93
1711577278.5956807,0.10010027885437012,42.30232616897584,-83.69786205884073,244.53530883789065,2.0,182.3,50,206.92
1711577278.6957707,0.10007596015930176,42.30232616897584,-83.69786205884073,244.53530883789065,2.1,182.3,50,206.92
1711577278.795879,0.1000978946685791,42.30232616897584,-83.69786205884073,244.53530883789065,2.2,182.3,50,206.92
1711577278.8959749,0.10009980201721191,42.30232616897584,-83.69786205884073,244.53530883789065,2.3,182.3,50,206.92
1711577278.996081,0.10009884834289551,42.30232616897584,-83.69786205884073,244.53530883789065,2.4,182.3,50,206.92
1711577279.0961893,0.10011744499206543,42.30232616897584,-83.69786205884073,244.53530883789065,2.5,182.3,50,206.92
1711577279.1964989,0.10030388832092285,42.30232616897584,-83.69786205884073,244.53530883789065,2.6,182.3,50,206.92
1711577279.296839,0.10033655166625977,42.30232616897584,-83.69786205884073,244.53530883789065,2.7,182.3,50,206.92
1711577279.3969827,0.10011434555053711,42.30230814189247,-83.69786297111098,244.51585388183597,2.8,182.0,50,204.91
1711577279.4970858,0.10010027885437012,42.30230814189247,-83.69786297111098,244.51585388183597,2.9,182.0,50,204.91
1711577279.5971916,0.10011792182922363,42.30230814189247,-83.69786297111098,244.51585388183597,3.0,182.0,50,204.91
1711577279.6972759,0.10006952285766602,42.30230814189247,-83.69786297111098,244.51585388183597,3.1,182.0,50,204.91
1711577279.7974195,0.10015726089477539,42.30230814189247,-83.69786297111098,244.51585388183597,3.2,182.0,50,204.91
1711577279.8975482,0.10011029243469238,42.30230814189247,-83.69786297111098,244.51585388183597,3.3,182.0,50,204.91
1711577279.9976711,0.10013461112976074,42.30230814189247,-83.69786297111098,244.51585388183597,3.4,182.0,50,204.91
1711577280.0977833,0.10008382797241211,42.30229018840964,-83.69786376903471,244.4889678955078,3.5,181.79,50,202.92
1711577280.1978784,0.10007739067077637,42.30229018840964,-83.69786376903471,244.4889678955078,3.6,181.79,50,202.92
1711577280.2980406,0.10015654563903809,42.30229018840964,-83.69786376903471,244.4889678955078,3.7,181.79,50,202.92
1711577280.3981636,0.10011720657348633,42.30229018840964,-83.69786376903471,244.4889678955078,3.8,181.79,50,202.92
1711577280.4982502,0.10010194778442383,42.30229018840964,-83.69786376903471,244.4889678955078,3.9,181.79,50,202.92
1711577280.5984168,0.10009145736694336,42.302262521296086,-83.69786492695539,244.4507598876953,4.0,181.77,50,199.84
1711577280.6985269,0.10012483596801758,42.302262521296086,-83.69786492695539,244.4507598876953,4.1,181.77,50,199.84
1711577280.7986207,0.1000986099243164,42.302262521296086,-83.69786492695539,244.4507598876953,4.2,181.77,50,199.84
1711577280.8987675,0.10013866424560547,42.302262521296086,-83.69786492695539,244.4507598876953,4.3,181.77,50,199.84
1711577280.9989088,0.10015344619750977,42.302262521296086,-83.69786492695539,244.4507598876953,4.4,181.77,50,199.84
1711577281.0990007,0.10008764266967773,42.302262521296086,-83.69786492695539,244.4507598876953,4.5,181.77,50,199.84
1711577281.199116,0.10009241104125977,42.302262521296086,-83.69786492695539,244.4507598876953,4.5,181.77,50,199.84
1711577281.2992382,0.10012650489807129,42.3022445642365,-83.69786569142768,244.4024658203125,4.5,181.84,50,197.84
1711577281.399327,0.10007381439208984,42.3022445642365,-83.69786569142768,244.4024658203125,4.5,181.84,50,197.84
1711577281.4994237,0.10008931159973145,42.3022445642365,-83.69786569142768,244.4024658203125,4.5,181.84,50,197.84
1711577281.599524,0.10010480880737305,42.3022445642365,-83.69786569142768,244.4024658203125,4.5,181.84,50,197.84
1711577281.6996093,0.10008764266967773,42.3022445642365,-83.69786569142768,244.4024658203125,4.5,181.84,50,197.84
1711577281.7997189,0.10009980201721191,42.30222660772006,-83.69786648833211,244.34652709960935,4.5,181.92,50,195.84
1711577281.899825,0.10007286071777344,42.30222660772006,-83.69786648833211,244.34652709960935,4.5,181.92,50,195.84
1711577281.999927,0.1001131534576416,42.30222660772006,-83.69786648833211,244.34652709960935,4.5,181.92,50,195.84
1711577282.1000152,0.10008740425109863,42.30222660772006,-83.69786648833211,244.34652709960935,4.5,181.92,50,195.84
1711577282.2001264,0.10009884834289551,42.30220865174672,-83.69786732118992,244.28396606445312,4.5,182.01,50,193.85
1711577282.3002136,0.10007190704345703,42.30220865174672,-83.69786732118992,244.28396606445312,4.5,182.01,50,193.85
1711577282.4003272,0.1001121997833252,42.30220865174672,-83.69786732118992,244.28396606445312,4.5,182.01,50,193.85
1711577282.5004246,0.10008668899536133,42.30220865174672,-83.69786732118992,244.28396606445312,4.5,182.01,50,193.85
1711577282.600534,0.10010242462158203,42.30219069659074,-83.69786819324429,244.21578979492188,4.5,182.11,50,191.85
1711577282.7006373,0.10008502006530762,42.30219069659074,-83.69786819324429,244.21578979492188,4.5,182.11,50,191.85
1711577282.8007433,0.10010957717895508,42.30219069659074,-83.69786819324429,244.21578979492188,4.5,182.11,50,191.85
1711577282.9008284,0.10008645057678223,42.30219069659074,-83.69786819324429,244.21578979492188,4.5,182.11,50,191.85
1711577283.0009224,0.10008454322814941,42.30219069659074,-83.69786819324429,244.21578979492188,4.5,182.11,50,191.85
1711577283.1010494,0.10009551048278809,42.30217274280028,-83.6978691079238,244.1430206298828,4.5,182.21,50,189.85
1711577283.2011638,0.10011076927185059,42.30217274280028,-83.6978691079238,244.1430206298828,4.5,182.21,50,189.85
1711577283.3012598,0.10010075569152832,42.30217274280028,-83.6978691079238,244.1430206298828,4.5,182.21,50,189.85
1711577283.4013612,0.10008955001831055,42.30217274280028,-83.6978691079238,244.1430206298828,4.5,182.21,50,189.85
1711577283.5016322,0.1002497673034668,42.30215479051248,-83.69787007004692,244.06661987304688,4.5,182.34,50,187.85
1711577283.6017616,0.10013437271118164,42.30215479051248,-83.69787007004692,244.06661987304688,4.5,182.34,50,187.85
1711577283.7019103,0.10013437271118164,42.30215479051248,-83.69787007004692,244.06661987304688,4.5,182.34,50,187.85
1711577283.8020163,0.10008358955383301,42.30215479051248,-83.69787007004692,244.06661987304688,4.5,182.34,50,187.85
1711577283.9021232,0.10012340545654297,42.30215479051248,-83.69787007004692,244.06661987304688,4.5,182.34,50,187.85
1711577284.0022557,0.10009145736694336,42.3021368401385,-83.69787109666369,243.98509216308597,4.5,182.52,50,185.85
1711577284.103033,0.10075187683105469,42.3021368401385,-83.69787109666369,243.98509216308597,4.5,182.52,50,185.85
1711577284.2031507,0.10013794898986816,42.3021368401385,-83.69787109666369,243.98509216308597,4.5,182.52,50,185.85
1711577284.303242,0.10009455680847168,42.3021368401385,-83.69787109666369,243.98509216308597,4.5,182.52,50,185.85
1711577284.4034328,0.10012459754943848,42.30211889291198,-83.6978722105693,243.8971710205078,4.5,182.74,50,183.86
1711577284.5038092,0.10040545463562012,42.30211889291198,-83.6978722105693,243.8971710205078,4.5,182.74,50,183.86
1711577284.6039398,0.10013246536254883,42.30211889291198,-83.6978722105693,243.8971710205078,4.5,182.74,50,183.86
1711577284.7040439,0.10007834434509277,42.30211889291198,-83.6978722105693,243.8971710205078,4.5,182.74,50,183.86
1711577284.8041592,0.10011672973632812,42.30211889291198,-83.6978722105693,243.8971710205078,4.5,182.74,50,183.86
1711577284.9042754,0.10010671615600586,42.30210094883296,-83.69787341611892,243.802978515625,4.5,182.95,50,181.86
1711577285.0044782,0.10021114349365234,42.30210094883296,-83.69787341611892,243.802978515625,4.5,182.95,50,181.86
1711577285.1047385,0.10021162033081055,42.30210094883296,-83.69787341611892,243.802978515625,4.5,182.95,50,181.86
1711577285.204838,0.10012674331665039,42.30210094883296,-83.69787341611892,243.802978515625,4.5,182.95,50,181.86
1711577285.3049357,0.10008931159973145,42.30208300790139,-83.69787471081064,243.70260620117188,4.5,183.16,50,179.86
1711577285.4050376,0.10007596015930176,42.30208300790139,-83.69787471081064,243.70260620117188,4.5,183.16,50,179.86
1711577285.5051398,0.1001121997833252,42.30208300790139,-83.69787471081064,243.70260620117188,4.5,183.16,50,179.86
1711577285.6052265,0.10008525848388672,42.30208300790139,-83.69787471081064,243.70260620117188,4.5,183.16,50,179.86
1711577285.705312,0.10008549690246582,42.30208300790139,-83.69787471081064,243.70260620117188,4.5,183.16,50,179.86
1711577285.805517,0.1000826358795166,42.302065070117294,-83.69787609065995,243.5961761474609,4.5,183.35,50,177.86
1711577285.9056644,0.10020136833190918,42.302065070117294,-83.69787609065995,243.5961761474609,4.5,183.35,50,177.86
1711577286.0058212,0.10015487670898438,42.302065070117294,-83.69787609065995,243.5961761474609,4.5,183.35,50,177.86
1711577286.1059844,0.10016012191772461,42.302065070117294,-83.69787609065995,243.5961761474609,4.5,183.35,50,177.86
1711577286.2063816,0.10039067268371582,42.30204713630309,-83.6978775812419,243.48390197753903,4.5,183.8,50,175.87
1711577286.3065326,0.10010933876037598,42.30204713630309,-83.6978775812419,243.48390197753903,4.5,183.8,50,175.87
1711577286.4067059,0.10016560554504395,42.30204713630309,-83.6978775812419,243.48390197753903,4.5,183.8,50,175.87
1711577286.5068502,0.10016322135925293,42.30204713630309,-83.6978775812419,243.48390197753903,4.5,183.8,50,175.87
1711577286.6069756,0.10013937950134277,42.30202921413465,-83.6978794141221,243.36801147460935,4.5,184.98,50,173.87
1711577286.7070687,0.10006928443908691,42.30202921413465,-83.6978794141221,243.36801147460935,4.5,184.98,50,173.87
1711577286.8072116,0.10010194778442383,42.30202921413465,-83.6978794141221,243.36801147460935,4.5,184.98,50,173.87
1711577286.9073725,0.10016322135925293,42.30202921413465,-83.6978794141221,243.36801147460935,4.5,184.98,50,173.87
1711577287.007505,0.10015368461608887,42.30202921413465,-83.6978794141221,243.36801147460935,4.5,184.98,50,173.87
1711577287.1076145,0.10010862350463867,42.30201131567401,-83.69788191464144,243.24908447265625,4.5,187.01,50,171.87
1711577287.2079105,0.10028910636901855,42.30201131567401,-83.69788191464144,243.24908447265625,4.5,187.01,50,171.87
1711577287.3080132,0.10010910034179688,42.30201131567401,-83.69788191464144,243.24908447265625,4.5,187.01,50,171.87
1711577287.408124,0.10010695457458496,42.30201131567401,-83.69788191464144,243.24908447265625,4.5,187.01,50,171.87
1711577287.508256,0.10008668899536133,42.30199345476518,-83.69788554027865,243.12664794921875,4.5,190.25,50,169.87
1711577287.6083784,0.10009884834289551,42.30199345476518,-83.69788554027865,243.12664794921875,4.5,190.25,50,169.87
1711577287.7084906,0.10012197494506836,42.30199345476518,-83.69788554027865,243.12664794921875,4.5,190.25,50,169.87
1711577287.808601,0.10010814666748047,42.30199345476518,-83.69788554027865,243.12664794921875,4.5,190.25,50,169.87
1711577287.9087257,0.10011625289916992,42.30199345476518,-83.69788554027865,243.12664794921875,4.5,190.25,50,169.87
1711577288.0088313,0.1000981330871582,42.30197563894697,-83.6978905729155,243.000244140625,4.5,193.3,50,167.88
1711577288.108925,0.1000816822052002,42.30197563894697,-83.6978905729155,243.000244140625,4.5,193.3,50,167.88
1711577288.2090137,0.10009431838989258,42.30197563894697,-83.6978905729155,243.000244140625,4.5,193.3,50,167.88
1711577288.3091109,0.10008573532104492,42.30197563894697,-83.6978905729155,243.000244140625,4.5,193.3,50,167.88
1711577288.409212,0.10009384155273438,42.30194639759384,-83.69790067219664,242.80560302734372,4.5,195.46,50,164.6
1711577288.5093262,0.10007762908935547,42.30194639759384,-83.69790067219664,242.80560302734372,4.5,195.46,50,164.6
1711577288.6094313,0.10012507438659668,42.30194639759384,-83.69790067219664,242.80560302734372,4.5,195.46,50,164.6
1711577288.7095184,0.10008573532104492,42.30194639759384,-83.69790067219664,242.80560302734372,4.5,195.46,50,164.6
1711577288.8096125,0.10008740425109863,42.30194639759384,-83.69790067219664,242.80560302734372,4.5,195.46,50,164.6
1711577288.9097106,0.10009384155273438,42.30194639759384,-83.69790067219664,242.80560302734372,4.5,195.46,50,164.6
1711577289.0098143,0.10009980201721191,42.30194639759384,-83.69790067219664,242.80560302734372,4.5,195.46,50,164.6
1711577289.110098,0.1002953052520752,42.30194639759384,-83.69790067219664,242.80560302734372,4.5,195.46,50,164.6
1711577289.210238,0.10008358955383301,42.30192864029087,-83.69790757894887,242.68157958984372,4.5,197.33,50,162.6
1711577289.310348,0.10011482238769531,42.30192864029087,-83.69790757894887,242.68157958984372,4.5,197.33,50,162.6
1711577289.4104357,0.10009026527404785,42.30192864029087,-83.69790757894887,242.68157958984372,4.5,197.33,50,162.6
1711577289.5105214,0.10008454322814941,42.30192864029087,-83.69790757894887,242.68157958984372,4.5,197.33,50,162.6
1711577289.610629,0.10008883476257324,42.3019058153985,-83.69791793722396,242.4192657470703,4.5,200.83,50,160.04
1711577289.7108212,0.10019111633300781,42.3019058153985,-83.69791793722396,242.4192657470703,4.5,200.83,50,160.04
1711577289.8109272,0.10008502006530762,42.3019058153985,-83.69791793722396,242.4192657470703,4.5,200.83,50,160.04
1711577289.9110227,0.10010337829589844,42.3019058153985,-83.69791793722396,242.4192657470703,4.5,200.83,50,160.04
1711577290.0111225,0.10009264945983887,42.3019058153985,-83.69791793722396,242.4192657470703,4.5,200.83,50,160.04
1711577290.111212,0.10009455680847168,42.3019058153985,-83.69791793722396,242.4192657470703,4.5,200.83,50,160.04
1711577290.2113178,0.10008668899536133,42.301887798612086,-83.69792376796988,242.2974395751953,4.5,186.5,50,158.02
1711577290.3114133,0.10008502006530762,42.301887798612086,-83.69792376796988,242.2974395751953,4.5,186.5,50,158.02
1711577290.4114995,0.10008549690246582,42.301887798612086,-83.69792376796988,242.2974395751953,4.5,186.5,50,158.02
1711577290.511593,0.10008955001831055,42.301887798612086,-83.69792376796988,242.2974395751953,4.5,186.5,50,158.02
1711577290.611683,0.10009145736694336,42.301887798612086,-83.69792376796988,242.2974395751953,4.5,186.5,50,158.02
1711577290.7118068,0.10008955001831055,42.3018695926649,-83.69792465596235,242.1778106689453,4.5,178.68,50,156.0
1711577290.811946,0.10013628005981445,42.3018695926649,-83.69792465596235,242.1778106689453,4.5,178.68,50,156.0
1711577290.912034,0.10009074211120605,42.3018695926649,-83.69792465596235,242.1778106689453,4.5,178.68,50,156.0
1711577291.0121284,0.10008978843688965,42.3018695926649,-83.69792465596235,242.1778106689453,4.5,178.68,50,156.0
1711577291.112247,0.10008764266967773,42.30185149198167,-83.69792323348793,242.05975341796875,4.5,175.14,50,153.99
1711577291.212388,0.10009574890136719,42.30185149198167,-83.69792323348793,242.05975341796875,4.5,175.14,50,153.99
1711577291.3126493,0.10029101371765137,42.30185149198167,-83.69792323348793,242.05975341796875,4.5,175.14,50,153.99
1711577291.4129343,0.10030126571655273,42.30185149198167,-83.69792323348793,242.05975341796875,4.5,175.14,50,153.99
1711577291.5130394,0.10008907318115234,42.30185149198167,-83.69792323348793,242.05975341796875,4.5,175.14,50,153.99
1711577291.6131468,0.10009932518005371,42.30183353247466,-83.69792073315392,241.9426422119141,4.5,173.21,50,152.0
1711577291.7132337,0.10007262229919434,42.30183353247466,-83.69792073315392,241.9426422119141,4.5,173.21,50,152.0
1711577291.8133292,0.10008740425109863,42.30183353247466,-83.69792073315392,241.9426422119141,4.5,173.21,50,152.0
1711577291.9134371,0.10009574890136719,42.30183353247466,-83.69792073315392,241.9426422119141,4.5,173.21,50,152.0
1711577292.0135558,0.10012292861938477,42.3018156817956,-83.69791755804572,241.82568359375,4.5,171.95,50,150.02
1711577292.1136434,0.10007095336914062,42.3018156817956,-83.69791755804572,241.82568359375,4.5,171.95,50,150.02
1711577292.2138195,0.1001899242401123,42.3018156817956,-83.69791755804572,241.82568359375,4.5,171.95,50,150.02
1711577292.3139076,0.1000676155090332,42.3018156817956,-83.69791755804572,241.82568359375,4.5,171.95,50,150.02
1711577292.4140122,0.1000981330871582,42.3018156817956,-83.69791755804572,241.82568359375,4.5,171.95,50,150.02
1711577292.5141153,0.10009956359863281,42.3017978830608,-83.697914010709,241.7081451416016,4.5,171.37,50,148.05
1711577292.6142051,0.10007452964782715,42.3017978830608,-83.697914010709,241.7081451416016,4.5,171.37,50,148.05
1711577292.7143006,0.1000983715057373,42.3017978830608,-83.697914010709,241.7081451416016,4.5,171.37,50,148.05
1711577292.8144026,0.10009145736694336,42.3017978830608,-83.697914010709,241.7081451416016,4.5,171.37,50,148.05
1711577292.9145343,0.10009551048278809,42.30178011187195,-83.69791032576728,241.5899810791016,4.5,171.26,50,146.09
1711577293.0146487,0.1001131534576416,42.30178011187195,-83.69791032576728,241.5899810791016,4.5,171.26,50,146.09
1711577293.114739,0.10009622573852539,42.30178011187195,-83.69791032576728,241.5899810791016,4.5,171.26,50,146.09
1711577293.214854,0.10009169578552246,42.30178011187195,-83.69791032576728,241.5899810791016,4.5,171.26,50,146.09
1711577293.3149548,0.10011053085327148,42.30176234725735,-83.69790667474032,241.47125244140625,4.5,171.51,50,144.13
1711577293.4150507,0.10007429122924805,42.30176234725735,-83.69790667474032,241.47125244140625,4.5,171.51,50,144.13
1711577293.5151443,0.10010004043579102,42.30176234725735,-83.69790667474032,241.47125244140625,4.5,171.51,50,144.13
1711577293.6152403,0.10008764266967773,42.30176234725735,-83.69790667474032,241.47125244140625,4.5,171.51,50,144.13
1711577293.7153316,0.1000983715057373,42.30176234725735,-83.69790667474032,241.47125244140625,4.5,171.51,50,144.13
1711577293.8154676,0.10008907318115234,42.30174457208346,-83.69790318939538,241.35289001464844,4.5,172.07,50,142.16
1711577293.9155867,0.10010838508605957,42.30174457208346,-83.69790318939538,241.35289001464844,4.5,172.07,50,142.16
1711577294.0156977,0.10011911392211914,42.30174457208346,-83.69790318939538,241.35289001464844,4.5,172.07,50,142.16
1711577294.1157877,0.10009336471557617,42.30174457208346,-83.69790318939538,241.35289001464844,4.5,172.07,50,142.16
1711577294.2159028,0.10009264945983887,42.30172677593288,-83.69790010426324,241.24046325683597,4.5,173.46,50,140.2
1711577294.3159914,0.1000819206237793,42.30172677593288,-83.69790010426324,241.24046325683597,4.5,173.46,50,140.2
1711577294.4160767,0.10008478164672852,42.30172677593288,-83.69790010426324,241.24046325683597,4.5,173.46,50,140.2
1711577294.5161612,0.10008358955383301,42.30172677593288,-83.69790010426324,241.24046325683597,4.5,173.46,50,140.2
1711577294.6162548,0.10008573532104492,42.30172677593288,-83.69790010426324,241.24046325683597,4.5,173.46,50,140.2
1711577294.716373,0.10010290145874023,42.301708931802864,-83.69789774987393,241.1293792724609,4.5,175.31,50,138.22
1711577294.8164904,0.10008454322814941,42.301708931802864,-83.69789774987393,241.1293792724609,4.5,175.31,50,138.22
1711577294.9166172,0.1001286506652832,42.301708931802864,-83.69789774987393,241.1293792724609,4.5,175.31,50,138.22
1711577295.016746,0.10013818740844727,42.301708931802864,-83.69789774987393,241.1293792724609,4.5,175.31,50,138.22
1711577295.1168537,0.10010027885437012,42.30167508279729,-83.69789603319352,240.9035797119141,4.5,181.81,50,134.47
1711577295.2169456,0.10007667541503906,42.30167508279729,-83.69789603319352,240.9035797119141,4.5,181.81,50,134.47
1711577295.3170571,0.1000978946685791,42.30167508279729,-83.69789603319352,240.9035797119141,4.5,181.81,50,134.47
1711577295.4171612,0.10011482238769531,42.30167508279729,-83.69789603319352,240.9035797119141,4.5,181.81,50,134.47
1711577295.517257,0.10009646415710449,42.30167508279729,-83.69789603319352,240.9035797119141,4.5,181.81,50,134.47
1711577295.6173816,0.10010194778442383,42.30167508279729,-83.69789603319352,240.9035797119141,4.5,181.81,50,134.47
1711577295.7175367,0.10012936592102051,42.30167508279729,-83.69789603319352,240.9035797119141,4.5,181.81,50,134.47
1711577295.817702,0.10016608238220215,42.30167508279729,-83.69789603319352,240.9035797119141,4.5,181.81,50,134.47
1711577295.917869,0.10016274452209473,42.30167508279729,-83.69789603319352,240.9035797119141,4.5,181.81,50,134.47
1711577296.0180683,0.10016918182373047,42.30165707684185,-83.69789684649936,240.77081298828125,4.5,182.01,50,132.47
1711577296.1182058,0.10014963150024414,42.30165707684185,-83.69789684649936,240.77081298828125,4.5,182.01,50,132.47
1711577296.218303,0.10009646415710449,42.30165707684185,-83.69789684649936,240.77081298828125,4.5,182.01,50,132.47
1711577296.3184166,0.1000986099243164,42.30165707684185,-83.69789684649936,240.77081298828125,4.5,182.01,50,132.47
1711577296.4185328,0.10012340545654297,42.30162269714268,-83.69789865676972,240.5305938720703,4.5,182.38,50,128.64
1711577296.5186248,0.10007762908935547,42.30162269714268,-83.69789865676972,240.5305938720703,4.5,182.38,50,128.64
1711577296.6187103,0.10008502006530762,42.30162269714268,-83.69789865676972,240.5305938720703,4.5,182.38,50,128.64
1711577296.718809,0.10009479522705078,42.30162269714268,-83.69789865676972,240.5305938720703,4.5,182.38,50,128.64
1711577296.81893,0.10013508796691895,42.30162269714268,-83.69789865676972,240.5305938720703,4.5,182.38,50,128.64
1711577296.9190338,0.10007500648498535,42.30162269714268,-83.69789865676972,240.5305938720703,4.5,182.38,50,128.64
1711577297.0191393,0.10010838508605957,42.30162269714268,-83.69789865676972,240.5305938720703,4.5,182.38,50,128.64
1711577297.1192336,0.10009956359863281,42.30162269714268,-83.69789865676972,240.5305938720703,4.5,182.38,50,128.64
1711577297.21933,0.10009050369262695,42.30162269714268,-83.69789865676972,240.5305938720703,4.5,182.38,50,128.64
1711577297.3194323,0.10009360313415527,42.301604745589,-83.69789963121706,240.40936279296875,4.5,182.22,50,126.64
1711577297.4195316,0.10007452964782715,42.301604745589,-83.69789963121706,240.40936279296875,4.5,182.22,50,126.64
1711577297.5196507,0.10011005401611328,42.301604745589,-83.69789963121706,240.40936279296875,4.5,182.22,50,126.64
1711577297.6198158,0.10015249252319336,42.301604745589,-83.69789963121706,240.40936279296875,4.5,182.22,50,126.64
1711577297.719924,0.10012006759643555,42.30158679211121,-83.69790054357998,240.28814697265625,4.5,182.08,50,124.64
1711577297.8200245,0.1000819206237793,42.30158679211121,-83.69790054357998,240.28814697265625,4.5,182.08,50,124.64
1711577297.9201655,0.10014486312866211,42.30158679211121,-83.69790054357998,240.28814697265625,4.5,182.08,50,124.64
1711577298.0202634,0.10008978843688965,42.30158679211121,-83.69790054357998,240.28814697265625,4.5,182.08,50,124.64
1711577298.1203713,0.10009622573852539,42.30156908460026,-83.69790154174912,240.16693115234372,4.5,182.84,50,122.67
1711577298.220704,0.10031414031982422,42.30156908460026,-83.69790154174912,240.16693115234372,4.5,182.84,50,122.67
1711577298.3208044,0.10010266304016113,42.30156908460026,-83.69790154174912,240.16693115234372,4.5,182.84,50,122.67
1711577298.4209013,0.10009407997131348,42.30156908460026,-83.69790154174912,240.16693115234372,4.5,182.84,50,122.67
1711577298.5209994,0.10010576248168945,42.30156908460026,-83.69790154174912,240.16693115234372,4.5,182.84,50,122.67
1711577298.6211357,0.10009455680847168,42.30155143074722,-83.69790291205409,240.04611206054688,4.5,183.75,50,120.71
1711577298.721255,0.10010862350463867,42.30155143074722,-83.69790291205409,240.04611206054688,4.5,183.75,50,120.71
1711577298.8213465,0.10010623931884766,42.30155143074722,-83.69790291205409,240.04611206054688,4.5,183.75,50,120.71
1711577298.921432,0.1000821590423584,42.30155143074722,-83.69790291205409,240.04611206054688,4.5,183.75,50,120.71
1711577299.0215344,0.10008573532104492,42.30153379224106,-83.69790466756044,239.9300842285156,4.5,184.69,50,118.74
1711577299.1216218,0.10007500648498535,42.30153379224106,-83.69790466756044,239.9300842285156,4.5,184.69,50,118.74
1711577299.221837,0.10020947456359863,42.30153379224106,-83.69790466756044,239.9300842285156,4.5,184.69,50,118.74
1711577299.3219533,0.10010313987731934,42.30153379224106,-83.69790466756044,239.9300842285156,4.5,184.69,50,118.74
1711577299.4220705,0.10011982917785645,42.30151617360514,-83.69790681429127,239.8201141357422,4.5,185.64,50,116.78
1711577299.5221958,0.10007834434509277,42.30151617360514,-83.69790681429127,239.8201141357422,4.5,185.64,50,116.78
1711577299.6223032,0.10013246536254883,42.30151617360514,-83.69790681429127,239.8201141357422,4.5,185.64,50,116.78
1711577299.7223911,0.10009288787841797,42.30151617360514,-83.69790681429127,239.8201141357422,4.5,185.64,50,116.78
1711577299.8224802,0.10008668899536133,42.30151617360514,-83.69790681429127,239.8201141357422,4.5,185.64,50,116.78
1711577299.922591,0.10008740425109863,42.30149857970537,-83.69790935817703,239.7161865234375,4.5,186.6,50,114.81
1711577300.0230012,0.10039973258972168,42.30149857970537,-83.69790935817703,239.7161865234375,4.5,186.6,50,114.81
1711577300.123117,0.10010886192321777,42.30149857970537,-83.69790935817703,239.7161865234375,4.5,186.6,50,114.81
1711577300.223231,0.10010671615600586,42.30149857970537,-83.69790935817703,239.7161865234375,4.5,186.6,50,114.81
1711577300.3233721,0.10011601448059082,42.301481015544965,-83.69791230496286,239.61831665039065,4.5,187.58,50,112.85
1711577300.423479,0.10010766983032227,42.301481015544965,-83.69791230496286,239.61831665039065,4.5,187.58,50,112.85
1711577300.5235689,0.10008931159973145,42.301481015544965,-83.69791230496286,239.61831665039065,4.5,187.58,50,112.85
1711577300.62366,0.10008859634399414,42.301481015544965,-83.69791230496286,239.61831665039065,4.5,187.58,50,112.85
1711577300.7237706,0.10011053085327148,42.301481015544965,-83.69791230496286,239.61831665039065,4.5,187.58,50,112.85
1711577300.8238962,0.10008931159973145,42.30146348674373,-83.69791566039385,239.5264892578125,4.5,188.57,50,110.89
1711577300.923996,0.10009908676147461,42.30146348674373,-83.69791566039385,239.5264892578125,4.5,188.57,50,110.89
1711577301.0240996,0.10009956359863281,42.30146348674373,-83.69791566039385,239.5264892578125,4.5,188.57,50,110.89
1711577301.12425,0.10010528564453125,42.30146348674373,-83.69791566039385,239.5264892578125,4.5,188.57,50,110.89
1711577301.2244625,0.10024523735046387,42.3014459990587,-83.6979194298445,239.4407196044922,4.5,189.58,50,108.94
1711577301.324569,0.10007333755493164,42.3014459990587,-83.6979194298445,239.4407196044922,4.5,189.58,50,108.94
1711577301.4247713,0.10022187232971191,42.3014459990587,-83.6979194298445,239.4407196044922,4.5,189.58,50,108.94
1711577301.5248716,0.10008883476257324,42.3014459990587,-83.6979194298445,239.4407196044922,4.5,189.58,50,108.94
1711577301.6249893,0.10010194778442383,42.30142851698864,-83.697923626751,239.3609771728516,4.5,190.43,50,106.98
1711577301.7251341,0.10014009475708008,42.30142851698864,-83.697923626751,239.3609771728516,4.5,190.43,50,106.98
1711577301.8252265,0.10008740425109863,42.30142851698864,-83.697923626751,239.3609771728516,4.5,190.43,50,106.98
1711577301.9253325,0.10009121894836426,42.30142851698864,-83.697923626751,239.3609771728516,4.5,190.43,50,106.98
1711577302.0254545,0.10011458396911621,42.30142851698864,-83.697923626751,239.3609771728516,4.5,190.43,50,106.98
1711577302.1255774,0.10012984275817871,42.30141057531716,-83.6979278749003,239.28585815429688,4.5,189.42,50,104.97
1711577302.2257078,0.10009527206420898,42.30141057531716,-83.6979278749003,239.28585815429688,4.5,189.42,50,104.97
1711577302.3258674,0.10013079643249512,42.30141057531716,-83.6979278749003,239.28585815429688,4.5,189.42,50,104.97
1711577302.4259884,0.10016846656799316,42.30141057531716,-83.6979278749003,239.28585815429688,4.5,189.42,50,104.97
1711577302.5261228,0.10009312629699707,42.30139258635137,-83.69793169735436,239.21435546875,4.5,188.42,50,102.96
1711577302.626231,0.10010433197021484,42.30139258635137,-83.69793169735436,239.21435546875,4.5,188.42,50,102.96
1711577302.726374,0.10010504722595215,42.30139258635137,-83.69793169735436,239.21435546875,4.5,188.42,50,102.96
1711577302.8265347,0.10016226768493652,42.30139258635137,-83.69793169735436,239.21435546875,4.5,188.42,50,102.96
1711577302.9266956,0.10018801689147949,42.30139258635137,-83.69793169735436,239.21435546875,4.5,188.42,50,102.96
1711577303.0268455,0.10010552406311035,42.3013745562593,-83.69793509948768,239.1464691162109,4.5,187.45,50,100.95
1711577303.1269522,0.1001129150390625,42.3013745562593,-83.69793509948768,239.1464691162109,4.5,187.45,50,100.95
1711577303.2270699,0.10010743141174316,42.3013745562593,-83.69793509948768,239.1464691162109,4.5,187.45,50,100.95
1711577303.3271668,0.1001121997833252,42.3013745562593,-83.69793509948768,239.1464691162109,4.5,187.45,50,100.95
1711577303.4272683,0.10008502006530762,42.301356490592326,-83.6979380866747,239.0821990966797,4.5,186.48,50,98.94
1711577303.5273614,0.10008025169372559,42.301356490592326,-83.6979380866747,239.0821990966797,4.5,186.48,50,98.94
1711577303.6274495,0.10009074211120605,42.301356490592326,-83.6979380866747,239.0821990966797,4.5,186.48,50,98.94
1711577303.7275689,0.10008907318115234,42.301356490592326,-83.6979380866747,239.0821990966797,4.5,186.48,50,98.94
1711577303.8276856,0.10014224052429199,42.301356490592326,-83.6979380866747,239.0821990966797,4.5,186.48,50,98.94
1711577303.9277894,0.10009002685546875,42.30133839503881,-83.69794066484589,239.02154541015625,4.5,185.53,50,96.92
1711577304.0278773,0.10007309913635254,42.30133839503881,-83.69794066484589,239.02154541015625,4.5,185.53,50,96.92
1711577304.1280372,0.10016608238220215,42.30133839503881,-83.69794066484589,239.02154541015625,4.5,185.53,50,96.92
1711577304.2281318,0.10007643699645996,42.30133839503881,-83.69794066484589,239.02154541015625,4.5,185.53,50,96.92
1711577304.3282683,0.10010743141174316,42.30132027460181,-83.6979428393757,238.9644927978516,4.5,184.6,50,94.9
1711577304.4283774,0.10010266304016113,42.30132027460181,-83.6979428393757,238.9644927978516,4.5,184.6,50,94.9
1711577304.5284915,0.10010361671447754,42.30132027460181,-83.6979428393757,238.9644927978516,4.5,184.6,50,94.9
1711577304.6285965,0.10011696815490723,42.30132027460181,-83.6979428393757,238.9644927978516,4.5,184.6,50,94.9
1711577304.728714,0.10009765625,42.30132027460181,-83.6979428393757,238.9644927978516,4.5,184.6,50,94.9
1711577304.8288267,0.10011816024780273,42.301302134147306,-83.69794461656527,238.91107177734372,4.5,183.68,50,92.88
1711577304.9289277,0.10008621215820312,42.301302134147306,-83.69794461656527,238.91107177734372,4.5,183.68,50,92.88
1711577305.0290637,0.10013675689697266,42.301302134147306,-83.69794461656527,238.91107177734372,4.5,183.68,50,92.88
1711577305.1291819,0.10008716583251953,42.301302134147306,-83.69794461656527,238.91107177734372,4.5,183.68,50,92.88
1711577305.2294686,0.10027217864990234,42.30128397813005,-83.6979460021597,238.86007690429688,4.5,182.77,50,90.86
1711577305.329632,0.10011696815490723,42.30128397813005,-83.6979460021597,238.86007690429688,4.5,182.77,50,90.86
1711577305.429776,0.10016036033630371,42.30128397813005,-83.6979460021597,238.86007690429688,4.5,182.77,50,90.86
1711577305.5298777,0.10012340545654297,42.30128397813005,-83.6979460021597,238.86007690429688,4.5,182.77,50,90.86
1711577305.6299682,0.10008955001831055,42.30128397813005,-83.6979460021597,238.86007690429688,4.5,182.77,50,90.86
1711577305.7301161,0.10008978843688965,42.30126587933452,-83.69794702015878,238.8091583251953,4.5,182.2,50,88.84
1711577305.8302217,0.10012626647949219,42.30126587933452,-83.69794702015878,238.8091583251953,4.5,182.2,50,88.84
1711577305.9303265,0.10010242462158203,42.30126587933452,-83.69794702015878,238.8091583251953,4.5,182.2,50,88.84
1711577306.0304244,0.1000967025756836,42.30126587933452,-83.69794702015878,238.8091583251953,4.5,182.2,50,88.84
1711577306.1306622,0.10024094581604004,42.30123297505574,-83.6979488353403,238.7071533203125,4.5,182.77,50,85.18
1711577306.2307594,0.10005617141723633,42.30123297505574,-83.6979488353403,238.7071533203125,4.5,182.77,50,85.18
1711577306.3308542,0.10010528564453125,42.30123297505574,-83.6979488353403,238.7071533203125,4.5,182.77,50,85.18
1711577306.4309769,0.1001138687133789,42.30123297505574,-83.6979488353403,238.7071533203125,4.5,182.77,50,85.18
1711577306.5310814,0.10010290145874023,42.30123297505574,-83.6979488353403,238.7071533203125,4.5,182.77,50,85.18
1711577306.6311698,0.10009551048278809,42.30123297505574,-83.6979488353403,238.7071533203125,4.5,182.77,50,85.18
1711577306.7312677,0.1000967025756836,42.30123297505574,-83.6979488353403,238.7071533203125,4.5,182.77,50,85.18
1711577306.8313656,0.10008788108825684,42.30123297505574,-83.6979488353403,238.7071533203125,4.5,182.77,50,85.18
1711577306.931489,0.1000969409942627,42.30121503593293,-83.69794996777857,238.65594482421875,4.5,182.54,50,83.19
1711577307.031598,0.10010051727294922,42.30121503593293,-83.69794996777857,238.65594482421875,4.5,182.54,50,83.19
1711577307.1317003,0.1000971794128418,42.30121503593293,-83.69794996777857,238.65594482421875,4.5,182.54,50,83.19
1711577307.231834,0.10010576248168945,42.30121503593293,-83.69794996777857,238.65594482421875,4.5,182.54,50,83.19
1711577307.3319924,0.1001589298248291,42.30121503593293,-83.69794996777857,238.65594482421875,4.5,182.54,50,83.19
1711577307.4322083,0.10024690628051758,42.30118212402016,-83.69795185579345,238.56329345703125,4.5,182.37,50,79.52
1711577307.5323524,0.10011553764343262,42.30118212402016,-83.69795185579345,238.56329345703125,4.5,182.37,50,79.52
1711577307.632458,0.10009574890136719,42.30118212402016,-83.69795185579345,238.56329345703125,4.5,182.37,50,79.52
1711577307.732606,0.1001129150390625,42.30118212402016,-83.69795185579345,238.56329345703125,4.5,182.37,50,79.52
1711577307.8327608,0.10019755363464355,42.30118212402016,-83.69795185579345,238.56329345703125,4.5,182.37,50,79.52
1711577307.932862,0.10008764266967773,42.30118212402016,-83.69795185579345,238.56329345703125,4.5,182.37,50,79.52
1711577308.032977,0.10010170936584473,42.30118212402016,-83.69795185579345,238.56329345703125,4.5,182.37,50,79.52
1711577308.133069,0.1001138687133789,42.30118212402016,-83.69795185579345,238.56329345703125,4.5,182.37,50,79.52
1711577308.2331812,0.10009360313415527,42.30116417957137,-83.69795282245707,238.51348876953125,4.5,182.33,50,77.53
1711577308.3332806,0.10008764266967773,42.30116417957137,-83.69795282245707,238.51348876953125,4.5,182.33,50,77.53
1711577308.4333797,0.10009384155273438,42.30116417957137,-83.69795282245707,238.51348876953125,4.5,182.33,50,77.53
1711577308.5334852,0.10010170936584473,42.30116417957137,-83.69795282245707,238.51348876953125,4.5,182.33,50,77.53
1711577308.6335917,0.10009503364562988,42.30118068854668,-83.69795193381594,238.5592803955078,4.5,182.37,50,79.36
1711577308.7336862,0.10008883476257324,42.30118068854668,-83.69795193381594,238.5592803955078,4.5,182.37,50,79.36
1711577308.8337715,0.1000823974609375,42.30118068854668,-83.69795193381594,238.5592803955078,4.5,182.37,50,79.36
1711577308.933859,0.10008621215820312,42.30118068854668,-83.69795193381594,238.5592803955078,4.5,182.37,50,79.36
1711577309.033982,0.10008883476257324,42.30116274396039,-83.69795289908961,238.5095367431641,4.5,182.23,50,77.37
1711577309.134076,0.10009193420410156,42.30116274396039,-83.69795289908961,238.5095367431641,4.5,182.23,50,77.37
1711577309.2341957,0.10009098052978516,42.30116274396039,-83.69795289908961,238.5095367431641,4.5,182.23,50,77.37
1711577309.3343859,0.10023093223571777,42.30116274396039,-83.69795289908961,238.5095367431641,4.5,182.23,68.12,77.37
1711577309.4345345,0.10013389587402344,42.30116274396039,-83.69795289908961,238.5095367431641,4.5,182.23,68.12,77.37
1711577309.5346406,0.10008811950683594,42.30116714043743,-83.69795266409547,238.52166748046875,4.5,182.35,67.65,77.86
1711577309.634748,0.10007524490356445,42.30114919581303,-83.69795362603325,238.4723052978516,4.5,182.25,69.55,75.86
1711577309.7348435,0.1000826358795166,42.30114919581303,-83.69795362603325,238.4723052978516,4.5,182.25,69.55,75.86
1711577309.8349733,0.10010099411010742,42.30114919581303,-83.69795362603325,238.4723052978516,4.5,182.25,69.55,75.86
1711577309.9350858,0.10013747215270996,42.30114919581303,-83.69795362603325,238.4723052978516,4.5,182.25,69.55,75.86
1711577310.0351996,0.1000969409942627,42.30116211597056,-83.69795293300439,238.5077972412109,4.5,182.36,68.18,77.3
1711577310.1353035,0.10008955001831055,42.30116211597056,-83.69795293300439,238.5077972412109,4.5,182.36,68.18,77.3
1711577310.2354007,0.10009765625,42.30116211597056,-83.69795293300439,238.5077972412109,4.5,182.36,68.18,77.3
1711577310.3355088,0.10010004043579102,42.301128739325605,-83.69795473539837,238.4240875244141,4.5,182.54,71.73,73.58
1711577310.435626,0.10010027885437012,42.301128739325605,-83.69795473539837,238.4240875244141,4.5,182.54,71.73,73.58
1711577310.5358026,0.10017776489257812,42.301128739325605,-83.69795473539837,238.4240875244141,4.5,182.54,71.73,73.58
1711577310.6361375,0.10033607482910156,42.301128739325605,-83.69795473539837,238.4240875244141,4.5,182.54,71.73,73.58
1711577310.7362378,0.10008764266967773,42.301128739325605,-83.69795473539837,238.4240875244141,4.5,182.54,71.73,73.58
1711577310.8363357,0.10010743141174316,42.301128739325605,-83.69795473539837,238.4240875244141,4.5,182.54,71.73,73.58
1711577310.9364223,0.1000826358795166,42.301128739325605,-83.69795473539837,238.4240875244141,4.5,182.54,71.73,73.58
1711577311.0365162,0.10008955001831055,42.301128739325605,-83.69795473539837,238.4240875244141,4.5,182.54,71.73,73.58
1711577311.1366053,0.10009050369262695,42.301128739325605,-83.69795473539837,238.4240875244141,4.5,182.54,71.73,73.58
1711577311.2367277,0.10008406639099121,42.30111079397062,-83.6979559075892,238.3750762939453,4.5,182.98,73.64,71.59
1711577311.3368373,0.10010123252868652,42.30111079397062,-83.6979559075892,238.3750762939453,4.5,182.98,73.64,71.59
1711577311.4369652,0.10011529922485352,42.30111079397062,-83.6979559075892,238.3750762939453,4.5,182.98,73.64,71.59
1711577311.5371208,0.10016059875488281,42.30111079397062,-83.6979559075892,238.3750762939453,4.5,182.98,73.64,71.59
1711577311.6372406,0.10011744499206543,42.30109285440176,-83.69795725658162,238.3260498046875,4.5,183.38,75.55,69.59
1711577311.7373793,0.10009551048278809,42.30109285440176,-83.69795725658162,238.3260498046875,4.5,183.38,75.55,69.59
1711577311.8374915,0.10014629364013672,42.30109285440176,-83.69795725658162,238.3260498046875,4.5,183.38,75.55,69.59
1711577311.9376364,0.10013842582702637,42.30109285440176,-83.69795725658162,238.3260498046875,4.5,183.38,75.55,69.59
1711577312.0377321,0.1000971794128418,42.30109285440176,-83.69795725658162,238.3260498046875,4.5,183.38,75.55,69.59
1711577312.1378837,0.10013532638549805,42.301074753940696,-83.6979586571875,238.27703857421875,4.5,182.99,77.48,67.58
1711577312.2380219,0.10014009475708008,42.301074753940696,-83.6979586571875,238.27703857421875,4.5,182.99,77.48,67.58
1711577312.338104,0.1000676155090332,42.301074753940696,-83.6979586571875,238.27703857421875,4.5,182.99,77.48,67.58
1711577312.4382105,0.10008525848388672,42.301074753940696,-83.6979586571875,238.27703857421875,4.5,182.99,77.48,67.58
1711577312.538382,0.10012030601501465,42.30105657935332,-83.69795978999643,238.22804260253903,4.5,182.31,79.43,65.55
1711577312.6385026,0.10013818740844727,42.30105657935332,-83.69795978999643,238.22804260253903,4.5,182.31,79.43,65.55
1711577312.738688,0.10019946098327637,42.30105657935332,-83.69795978999643,238.22804260253903,4.5,182.31,79.43,65.55
1711577312.8388784,0.1001746654510498,42.30105657935332,-83.69795978999643,238.22804260253903,4.5,182.31,79.43,65.55
1711577312.939261,0.10039424896240234,42.30105657935332,-83.69795978999643,238.22804260253903,4.5,182.31,79.43,65.55
1711577313.0394382,0.1001427173614502,42.301038385193806,-83.697960620167,238.1796112060547,4.5,181.59,81.38,63.53
1711577313.1397471,0.10029458999633789,42.301038385193806,-83.697960620167,238.1796112060547,4.5,181.59,81.38,63.53
1711577313.2399726,0.10023260116577148,42.301038385193806,-83.697960620167,238.1796112060547,4.5,181.59,81.38,63.53
1711577313.3400671,0.1000819206237793,42.301038385193806,-83.697960620167,238.1796112060547,4.5,181.59,81.38,63.53
1711577313.4401598,0.1000978946685791,42.30102017231877,-83.69796113009316,238.13204956054688,4.5,180.83,83.35,61.5
1711577313.540242,0.10005617141723633,42.30102017231877,-83.69796113009316,238.13204956054688,4.5,180.83,83.35,61.5
1711577313.640358,0.10009050369262695,42.30102017231877,-83.69796113009316,238.13204956054688,4.5,180.83,83.35,61.5
1711577313.7405047,0.1001729965209961,42.30102017231877,-83.69796113009316,238.13204956054688,4.5,180.83,83.35,61.5
1711577313.8407154,0.10019350051879883,42.30102017231877,-83.69796113009316,238.13204956054688,4.5,180.83,83.35,61.5
1711577313.940851,0.10010576248168945,42.30100194254448,-83.69796130216893,238.0853576660156,4.5,180.03,85.33,59.48
1711577314.0410056,0.10017275810241699,42.30100194254448,-83.69796130216893,238.0853576660156,4.5,180.03,85.33,59.48
1711577314.1411982,0.10016751289367676,42.30100194254448,-83.69796130216893,238.0853576660156,4.5,180.03,85.33,59.48
1711577314.2413228,0.10011029243469238,42.30100194254448,-83.69796130216893,238.0853576660156,4.5,180.03,85.33,59.48
1711577314.341439,0.10012149810791016,42.300983698543774,-83.69796111878824,238.0395355224609,4.5,179.18,87.32,57.45
1711577314.4415565,0.10010099411010742,42.300983698543774,-83.69796111878824,238.0395355224609,4.5,179.18,87.32,57.45
1711577314.5416722,0.1001291275024414,42.300983698543774,-83.69796111878824,238.0395355224609,4.5,179.18,87.32,57.45
1711577314.6418247,0.10013699531555176,42.300983698543774,-83.69796111878824,238.0395355224609,4.5,179.18,87.32,57.45
1711577314.7419374,0.10010004043579102,42.300983698543774,-83.69796111878824,238.0395355224609,4.5,179.18,87.32,57.45
1711577314.8421466,0.10021209716796875,42.30096544391475,-83.69796056253041,237.99456787109372,4.5,178.3,89.32,55.42
1711577314.9423382,0.10016632080078125,42.30096544391475,-83.69796056253041,237.99456787109372,4.5,178.3,89.32,55.42
1711577315.0424573,0.10013604164123535,42.30096544391475,-83.69796056253041,237.99456787109372,4.5,178.3,89.32,55.42
1711577315.1425416,0.1000673770904541,42.30096544391475,-83.69796056253041,237.99456787109372,4.5,178.3,89.32,55.42
1711577315.242651,0.10009527206420898,42.30094718311227,-83.69795961560408,237.9504852294922,4.5,177.38,91.33,53.39
1711577315.342748,0.10007548332214355,42.30094718311227,-83.69795961560408,237.9504852294922,4.5,177.38,91.33,53.39
1711577315.4429393,0.10019159317016602,42.30094718311227,-83.69795961560408,237.9504852294922,4.5,177.38,91.33,53.39
1711577315.5431662,0.10023379325866699,42.30094718311227,-83.69795961560408,237.9504852294922,4.5,177.38,91.33,53.39
1711577315.6432564,0.10008454322814941,42.30094718311227,-83.69795961560408,237.9504852294922,4.5,177.38,91.33,53.39
1711577315.7433794,0.10010814666748047,42.30092892141349,-83.69795826086654,237.90725708007807,4.5,176.42,93.34,51.36
1711577315.8434865,0.10008573532104492,42.30092892141349,-83.69795826086654,237.90725708007807,4.5,176.42,93.34,51.36
1711577315.9436316,0.10015320777893066,42.30092892141349,-83.69795826086654,237.90725708007807,4.5,176.42,93.34,51.36
1711577316.0438955,0.10026717185974121,42.30092892141349,-83.69795826086654,237.90725708007807,4.5,176.42,93.34,51.36
1711577316.1441123,0.10018801689147949,42.30091098994859,-83.69795664815435,237.86497497558597,4.5,176.45,95.33,49.37
1711577316.2442756,0.10016679763793945,42.30091098994859,-83.69795664815435,237.86497497558597,4.5,176.45,95.33,49.37
1711577316.344365,0.1000666618347168,42.30091098994859,-83.69795664815435,237.86497497558597,4.5,176.45,95.33,49.37
1711577316.4444864,0.10013914108276367,42.30091098994859,-83.69795664815435,237.86497497558597,4.5,176.45,95.33,49.37
1711577316.5445855,0.10006904602050781,42.30089335311348,-83.69795538413418,237.8240203857422,4.5,177.38,97.27,47.42
1711577316.6447601,0.10016822814941406,42.30089335311348,-83.69795538413418,237.8240203857422,4.5,177.38,97.27,47.42
1711577316.744895,0.10008955001831055,42.30089335311348,-83.69795538413418,237.8240203857422,4.5,177.38,97.27,47.42
1711577316.8450053,0.10014748573303223,42.30089335311348,-83.69795538413418,237.8240203857422,4.5,177.38,97.27,47.42
1711577316.945132,0.10013794898986816,42.30089335311348,-83.69795538413418,237.8240203857422,4.5,177.38,97.27,47.42
1711577317.045288,0.10011482238769531,42.30087571819246,-83.69795449947759,237.7844390869141,4.5,178.27,99.21,45.46
1711577317.1454573,0.10015225410461426,42.30087571819246,-83.69795449947759,237.7844390869141,4.5,178.27,99.21,45.46
1711577317.245637,0.1001884937286377,42.30087571819246,-83.69795449947759,237.7844390869141,4.5,178.27,99.21,45.46
1711577317.3458946,0.10022759437561035,42.30087571819246,-83.69795449947759,237.7844390869141,4.5,178.27,99.21,45.46
1711577317.446009,0.10011792182922363,42.30085808994869,-83.69795397694921,237.74624633789065,4.5,179.12,101.15,43.5
1711577317.5461168,0.10007882118225098,42.30085808994869,-83.69795397694921,237.74624633789065,4.5,179.12,101.15,43.5
1711577317.6462698,0.10016989707946777,42.30085808994869,-83.69795397694921,237.74624633789065,4.5,179.12,101.15,43.5
1711577317.7464478,0.10015225410461426,42.30085808994869,-83.69795397694921,237.74624633789065,4.5,179.12,101.15,43.5
1711577317.8466132,0.10017204284667969,42.30085808994869,-83.69795397694921,237.74624633789065,4.5,179.12,101.15,43.5
1711577317.946766,0.10013079643249512,42.3008404723916,-83.69795379922098,237.7094268798828,4.5,179.93,103.08,41.55
1711577318.0469258,0.10013389587402344,42.3008404723916,-83.69795379922098,237.7094268798828,4.5,179.93,103.08,41.55
1711577318.1470528,0.1001427173614502,42.3008404723916,-83.69795379922098,237.7094268798828,4.5,179.93,103.08,41.55
1711577318.247183,0.10012388229370117,42.3008404723916,-83.69795379922098,237.7094268798828,4.5,179.93,103.08,41.55
1711577318.3472962,0.10010290145874023,42.30082286862236,-83.69795394850156,237.6739959716797,4.5,180.7,105.0,39.59
1711577318.4473984,0.10010313987731934,42.30082286862236,-83.69795394850156,237.6739959716797,4.5,180.7,105.0,39.59
1711577318.5474856,0.10007143020629883,42.30082286862236,-83.69795394850156,237.6739959716797,4.5,180.7,105.0,39.59
1711577318.6475806,0.10009264945983887,42.30082286862236,-83.69795394850156,237.6739959716797,4.5,180.7,105.0,39.59
1711577318.747712,0.10013318061828613,42.30080528088561,-83.69795440727759,237.63995361328125,4.5,181.43,106.93,37.63
1711577318.8478448,0.10006260871887207,42.30080528088561,-83.69795440727759,237.63995361328125,4.5,181.43,106.93,37.63
1711577318.9480112,0.10020184516906738,42.30080528088561,-83.69795440727759,237.63995361328125,4.5,181.43,106.93,37.63
1711577319.0482154,0.10018658638000488,42.30080528088561,-83.69795440727759,237.63995361328125,4.5,181.43,106.93,37.63
1711577319.148409,0.10021352767944336,42.30080528088561,-83.69795440727759,237.63995361328125,4.5,181.43,106.93,37.63
1711577319.248527,0.10011553764343262,42.3007877106206,-83.69795515822103,237.6072998046875,4.5,182.12,108.84,35.68
1711577319.3486223,0.10006475448608398,42.3007877106206,-83.69795515822103,237.6072998046875,4.5,182.12,108.84,35.68
1711577319.4487495,0.10012102127075195,42.3007877106206,-83.69795515822103,237.6072998046875,4.5,182.12,108.84,35.68
1711577319.5488367,0.10010671615600586,42.3007877106206,-83.69795515822103,237.6072998046875,4.5,182.12,108.84,35.68
1711577319.6489134,0.10006499290466309,42.30077015834132,-83.69795618344786,237.57550048828125,4.5,182.76,110.75,33.73
1711577319.7490158,0.10005784034729004,42.30077015834132,-83.69795618344786,237.57550048828125,4.5,182.76,110.75,33.73
1711577319.8491564,0.10011720657348633,42.30077015834132,-83.69795618344786,237.57550048828125,4.5,182.76,110.75,33.73
1711577319.9492896,0.10015082359313965,42.30077015834132,-83.69795618344786,237.57550048828125,4.5,182.76,110.75,33.73
1711577320.0494401,0.10012221336364746,42.30075249795894,-83.6979574538618,237.543701171875,4.5,183.08,112.67,31.76
1711577320.149651,0.10020756721496582,42.30075249795894,-83.6979574538618,237.543701171875,4.5,183.08,112.67,31.76
1711577320.2498095,0.10017752647399902,42.30075249795894,-83.6979574538618,237.543701171875,4.5,183.08,112.67,31.76
1711577320.3498995,0.10007262229919434,42.30075249795894,-83.6979574538618,237.543701171875,4.5,183.08,112.67,31.76
1711577320.4499862,0.10009384155273438,42.30075249795894,-83.6979574538618,237.543701171875,4.5,183.08,112.67,31.76
1711577320.5501072,0.10010099411010742,42.300717451648495,-83.69795967472328,237.4816131591797,4.5,182.26,116.5,27.86
1711577320.6502023,0.10007119178771973,42.300717451648495,-83.69795967472328,237.4816131591797,4.5,182.26,116.5,27.86
1711577320.750313,0.10008764266967773,42.300717451648495,-83.69795967472328,237.4816131591797,4.5,182.26,116.5,27.86
1711577320.8504183,0.10011672973632812,42.300717451648495,-83.69795967472328,237.4816131591797,4.5,182.26,116.5,27.86
1711577320.9505174,0.1000969409942627,42.300717451648495,-83.69795967472328,237.4816131591797,4.5,182.26,116.5,27.86
1711577321.0506127,0.10011506080627441,42.300717451648495,-83.69795967472328,237.4816131591797,4.5,182.26,116.5,27.86
1711577321.1508245,0.10017514228820801,42.300717451648495,-83.69795967472328,237.4816131591797,4.5,182.26,116.5,27.86
1711577321.250994,0.10016918182373047,42.300717451648495,-83.69795967472328,237.4816131591797,4.5,182.26,116.5,27.86
1711577321.3511527,0.10013103485107422,42.30069949934838,-83.69796063267654,237.45004272460935,4.5,182.26,118.46,25.86
1711577321.4513166,0.10014724731445312,42.30069949934838,-83.69796063267654,237.45004272460935,4.5,182.26,118.46,25.86
1711577321.5514352,0.10013151168823242,42.30069949934838,-83.69796063267654,237.45004272460935,4.5,182.26,118.46,25.86
1711577321.6515594,0.100128173828125,42.30069949934838,-83.69796063267654,237.45004272460935,4.5,182.26,118.46,25.86
1711577321.7516603,0.1000981330871582,42.30069949934838,-83.69796063267654,237.45004272460935,4.5,182.26,118.46,25.86
1711577321.8518183,0.10010170936584473,42.30068154702602,-83.69796159007383,237.41891479492188,4.5,182.26,120.42,23.86
1711577321.952002,0.10018587112426758,42.30068154702602,-83.69796159007383,237.41891479492188,4.5,182.26,120.42,23.86
1711577322.0521574,0.10012483596801758,42.30068154702602,-83.69796159007383,237.41891479492188,4.5,182.26,120.42,23.86
1711577322.1523225,0.10019469261169434,42.30068154702602,-83.69796159007383,237.41891479492188,4.5,182.26,120.42,23.86
1711577322.2524624,0.10011672973632812,42.3006521261502,-83.69796316414542,237.36886596679688,4.5,182.27,123.64,20.59
1711577322.3525712,0.10009551048278809,42.3006521261502,-83.69796316414542,237.36886596679688,4.5,182.27,123.64,20.59
1711577322.4527013,0.10010433197021484,42.3006521261502,-83.69796316414542,237.36886596679688,4.5,182.27,123.64,20.59
1711577322.5528011,0.10013270378112793,42.3006521261502,-83.69796316414542,237.36886596679688,4.5,182.27,123.64,20.59
1711577322.6528866,0.10008549690246582,42.3006521261502,-83.69796316414542,237.36886596679688,4.5,182.27,123.64,20.59
1711577322.7529778,0.10008597373962402,42.3006521261502,-83.69796316414542,237.36886596679688,4.5,182.27,123.64,20.59
1711577322.8530715,0.10008835792541504,42.3006521261502,-83.69796316414542,237.36886596679688,4.5,182.27,123.64,20.59
1711577322.9531977,0.10009241104125977,42.30062851972269,-83.69796445355533,237.32955932617188,4.5,182.35,126.22,17.96
1711577323.053304,0.10009980201721191,42.30062851972269,-83.69796445355533,237.32955932617188,4.5,182.35,126.22,17.96
1711577323.1534317,0.10010766983032227,42.30062851972269,-83.69796445355533,237.32955932617188,4.5,182.35,126.22,17.96
1711577323.2535603,0.10013484954833984,42.30062851972269,-83.69796445355533,237.32955932617188,4.5,182.35,126.22,17.96
1711577323.353655,0.10010862350463867,42.30062851972269,-83.69796445355533,237.32955932617188,4.5,182.35,126.22,17.96
1711577323.453745,0.10008955001831055,42.30062851972269,-83.69796445355533,237.32955932617188,4.5,182.35,126.22,17.96
1711577323.5538647,0.10008883476257324,42.30059522031851,-83.69796630459754,237.2754364013672,4.5,182.32,129.87,14.26
1711577323.6540065,0.10010051727294922,42.30059522031851,-83.69796630459754,237.2754364013672,4.5,182.32,129.87,14.26
1711577323.7543025,0.10032939910888672,42.30059522031851,-83.69796630459754,237.2754364013672,4.5,182.32,129.87,14.26
1711577323.854446,0.10010266304016113,42.30059522031851,-83.69796630459754,237.2754364013672,4.5,182.32,129.87,14.26
1711577323.9548411,0.10041332244873047,42.30059522031851,-83.69796630459754,237.2754364013672,4.5,182.32,129.87,14.26
1711577324.0550094,0.10019922256469727,42.30059522031851,-83.69796630459754,237.2754364013672,4.5,182.32,129.87,14.26
1711577324.1550999,0.10007071495056152,42.30059522031851,-83.69796630459754,237.2754364013672,4.5,182.32,129.87,14.26
1711577324.2552414,0.1001441478729248,42.30059522031851,-83.69796630459754,237.2754364013672,4.5,182.32,129.87,14.26
1711577324.355499,0.10023069381713867,42.30057726812626,-83.69796726727664,237.2469024658203,4.5,182.23,131.84,12.26
1711577324.4555974,0.10008454322814941,42.30057726812626,-83.69796726727664,237.2469024658203,4.5,182.23,131.84,12.26
1711577324.5557265,0.10014200210571289,42.30057726812626,-83.69796726727664,237.2469024658203,4.5,182.23,131.84,12.26
1711577324.6558766,0.10011482238769531,42.30057726812626,-83.69796726727664,237.2469024658203,4.5,182.23,131.84,12.26
1711577324.7559736,0.10010647773742676,42.30057726812626,-83.69796726727664,237.2469024658203,4.5,182.23,131.84,12.26
1711577324.856159,0.1001579761505127,42.30056120029207,-83.69796810773283,237.2217254638672,4.5,182.2,133.61,10.47
1711577324.9562585,0.10009980201721191,42.30056120029207,-83.69796810773283,237.2217254638672,4.5,182.2,133.61,10.47
1711577325.0563838,0.10012555122375488,42.30056120029207,-83.69796810773283,237.2217254638672,4.5,182.2,133.61,10.47
1711577325.1565006,0.1001126766204834,42.30056120029207,-83.69796810773283,237.2217254638672,4.5,182.2,133.61,10.47
1711577325.2565985,0.10006976127624512,42.3005432470907,-83.69796903631183,237.19403076171875,4.5,182.18,135.58,8.47
1711577325.3567302,0.10010409355163574,42.3005432470907,-83.69796903631183,237.19403076171875,4.3,182.18,135.58,8.47
1711577325.456839,0.10013842582702637,42.3005432470907,-83.69796903631183,237.19403076171875,4.1,182.18,135.58,8.47
1711577325.5569353,0.10009217262268066,42.3005432470907,-83.69796903631183,237.19403076171875,3.9,182.18,135.58,8.47
1711577325.6570559,0.1000986099243164,42.3005432470907,-83.69796903631183,237.19403076171875,3.7,182.18,135.58,8.47
1711577325.7572024,0.10013675689697266,42.30052097595615,-83.69797017922106,237.1602783203125,3.5,182.17,138.02,5.99
1711577325.8573225,0.10011076927185059,42.30052097595615,-83.69797017922106,237.1602783203125,3.3,182.17,138.02,5.99
1711577325.9574337,0.10010886192321777,42.30052097595615,-83.69797017922106,237.1602783203125,3.1,182.17,138.02,5.99
1711577326.05762,0.10016107559204102,42.30052097595615,-83.69797017922106,237.1602783203125,2.9,182.17,138.02,5.99
1711577326.157726,0.10013747215270996,42.30052097595615,-83.69797017922106,237.1602783203125,2.7,182.17,138.02,5.99
1711577326.2578392,0.10009384155273438,42.30052097595615,-83.69797017922106,237.1602783203125,2.5,182.17,138.02,5.99
1711577326.357962,0.10012698173522949,42.30052097595615,-83.69797017922106,237.1602783203125,2.3,182.17,138.02,5.99
1711577326.458084,0.10011458396911621,42.30052097595615,-83.69797017922106,237.1602783203125,2.1,182.17,138.02,5.99
1711577326.558211,0.10014486312866211,42.30052097595615,-83.69797017922106,237.1602783203125,1.9,182.17,138.02,5.99
1711577326.6583169,0.10008788108825684,42.30050302282899,-83.69797111067261,237.133544921875,1.7,182.26,140.0,4.0
1711577326.7584214,0.10008430480957031,42.30050302282899,-83.69797111067261,237.133544921875,1.5,182.26,140.0,4.0
1711577326.8586369,0.10020232200622559,42.30050302282899,-83.69797111067261,237.133544921875,1.3,182.26,140.0,4.0
1711577326.958743,0.10012555122375488,42.30050302282899,-83.69797111067261,237.133544921875,1.1,182.26,140.0,4.0
1711577327.0588763,0.10010623931884766,42.30050302282899,-83.69797111067261,237.133544921875,0.9,182.26,140.0,4.0
1711577327.159003,0.10013318061828613,42.30050302282899,-83.69797111067261,237.133544921875,0.7,182.26,140.0,4.0
1711577327.2591448,0.10013484954833984,42.30050302282899,-83.69797111067261,237.133544921875,0.5,182.26,140.0,4.0
1711577327.3592887,0.1001429557800293,42.30050302282899,-83.69797111067261,237.133544921875,0.3,182.26,140.0,4.0
1711577327.4594274,0.10015273094177246,42.30050302282899,-83.69797111067261,237.133544921875,0.1,182.26,140.0,4.0
1711577327.5595546,0.10011506080627441,42.30050302282899,-83.69797111067261,237.133544921875,0.0,182.26,140.0,4.0
1711577327.659701,0.10016298294067383,42.30050302282899,-83.69797111067261,237.133544921875,0.0,182.26,140.0,4.0
1711577327.7598197,0.10011625289916992,42.30050302282899,-83.69797111067261,237.133544921875,0.0,182.26,140.0,4.0
1711577327.859959,0.10011982917785645,42.30050302282899,-83.69797111067261,237.133544921875,0.0,182.26,140.0,4.0
1711577327.9601016,0.10013270378112793,42.30050302282899,-83.69797111067261,237.133544921875,0.0,182.26,140.0,4.0
1711577328.0602238,0.1001436710357666,42.30050302282899,-83.69797111067261,237.133544921875,0.0,182.26,140.0,4.0
1711577328.1603482,0.10010766983032227,42.30050302282899,-83.69797111067261,237.133544921875,0.0,182.26,140.0,4.0
1711577328.260459,0.10012626647949219,42.30050302282899,-83.69797111067261,237.133544921875,0.0,182.26,140.0,4.0
1711577328.3605585,0.1000986099243164,42.30050302282899,-83.69797111067261,237.133544921875,0.0,182.26,140.0,4.0
1711577328.4606798,0.10010004043579102,42.30050302282899,-83.69797111067261,237.133544921875,0.0,182.26,140.0,4.0
1711577328.5608838,0.10020112991333008,42.30050302282899,-83.69797111067261,237.133544921875,0.0,182.26,140.0,4.0
1711577328.6609817,0.10011959075927734,42.30050302282899,-83.69797111067261,237.133544921875,0.0,182.26,140.0,4.0
1711577328.761084,0.10008907318115234,42.30050302282899,-83.69797111067261,237.133544921875,0.0,182.26,140.0,4.0
1711577328.8611786,0.10010409355163574,42.30050302282899,-83.69797111067261,237.133544921875,0.0,182.26,140.0,4.0
1711577328.961339,0.10014152526855469,42.30050302282899,-83.69797111067261,237.133544921875,0.0,182.26,140.0,4.0
1711577329.0614512,0.10011649131774902,42.30050302282899,-83.69797111067261,237.133544921875,0.0,182.26,140.0,4.0
1711577329.1615577,0.10011029243469238,42.30050302282899,-83.69797111067261,237.133544921875,0.0,182.26,140.0,4.0
1711577329.2616687,0.10010957717895508,42.30050302282899,-83.69797111067261,237.133544921875,0.0,182.26,140.0,4.0
1711577329.361873,0.10019874572753906,42.30050302282899,-83.69797111067261,237.133544921875,0.0,182.26,140.0,4.0
1711577329.4620924,0.10020041465759277,42.30050302282899,-83.69797111067261,237.133544921875,0.0,182.26,140.0,4.0
1711577329.562389,0.10030555725097656,42.30050302282899,-83.69797111067261,237.133544921875,0.0,182.26,140.0,4.0
1711577329.6625462,0.10014486312866211,42.30050302282899,-83.69797111067261,237.133544921875,0.0,182.26,140.0,4.0
1711577329.7626553,0.10013246536254883,42.30050302282899,-83.69797111067261,237.133544921875,0.0,182.26,140.0,4.0
1711577329.8627508,0.10009431838989258,42.30050302282899,-83.69797111067261,237.133544921875,0.0,182.26,140.0,4.0
1711577329.9628897,0.10014176368713379,42.30050302282899,-83.69797111067261,237.133544921875,0.0,182.26,140.0,4.0
1711577330.0630126,0.10009598731994629,42.30050302282899,-83.69797111067261,237.133544921875,0.0,182.26,140.0,4.0
1711577330.1631262,0.10013413429260254,42.30050302282899,-83.69797111067261,237.133544921875,0.0,182.26,140.0,4.0
1711577330.2632384,0.10010170936584473,42.30050302282899,-83.69797111067261,237.133544921875,0.0,182.26,140.0,4.0
1711577330.363376,0.10014677047729492,42.30050302282899,-83.69797111067261,237.133544921875,0.0,182.26,140.0,4.0
1711577330.4634972,0.10009765625,42.30050302282899,-83.69797111067261,237.133544921875,0.0,182.26,140.0,4.0
1711577330.563652,0.10015463829040527,42.30050302282899,-83.69797111067261,237.133544921875,0.0,182.26,140.0,4.0
1711577330.6637635,0.1001288890838623,42.30050302282899,-83.69797111067261,237.133544921875,0.0,182.26,140.0,4.0
1711577330.7638934,0.10010409355163574,42.30050302282899,-83.69797111067261,237.133544921875,0.0,182.26,140.0,4.0
1711577330.8640115,0.10013771057128906,42.30050302282899,-83.69797111067261,237.133544921875,0.0,182.26,140.0,4.0
1711577330.9641852,0.1001596450805664,42.30050302282899,-83.69797111067261,237.133544921875,0.0,182.26,140.0,4.0
1711577331.0642705,0.10010147094726562,42.30050302282899,-83.69797111067261,237.133544921875,0.0,182.26,140.0,4.0
1711577331.164377,0.10009503364562988,42.30050302282899,-83.69797111067261,237.133544921875,0.0,182.26,140.0,4.0
1711577331.2644925,0.1001121997833252,42.30050302282899,-83.69797111067261,237.133544921875,0.0,182.26,140.0,4.0
1711577331.3646083,0.10011529922485352,42.30050302282899,-83.69797111067261,237.133544921875,0.0,182.26,140.0,4.0
1711577331.4647338,0.10012364387512207,42.30050302282899,-83.69797111067261,237.133544921875,0.0,182.26,140.0,4.0
1711577331.5648751,0.1001274585723877,42.30050302282899,-83.69797111067261,237.133544921875,0.0,182.26,140.0,4.0
1711577331.6650417,0.10016107559204102,42.30050302282899,-83.69797111067261,237.133544921875,0.0,182.26,140.0,4.0
1711577331.7651627,0.10013961791992188,42.30050302282899,-83.69797111067261,237.133544921875,0.0,182.26,140.0,4.0
1711577331.8652577,0.10009765625,42.30050302282899,-83.69797111067261,237.133544921875,0.0,182.26,140.0,4.0
1711577331.9653616,0.10009908676147461,42.30050302282899,-83.69797111067261,237.133544921875,0.0,182.26,140.0,4.0
1711577332.065475,0.10009932518005371,42.30050302282899,-83.69797111067261,237.133544921875,0.0,182.26,140.0,4.0
1711577332.16561,0.10014200210571289,42.30050302282899,-83.69797111067261,237.133544921875,0.0,182.26,140.0,4.0
1711577332.2657433,0.10012698173522949,42.30050302282899,-83.69797111067261,237.133544921875,0.0,182.26,140.0,4.0
1711577332.3658814,0.10013365745544434,42.30050302282899,-83.69797111067261,237.133544921875,0.0,182.26,140.0,4.0
1711577332.4660084,0.10013842582702637,42.30050302282899,-83.69797111067261,237.133544921875,0.0,182.26,140.0,4.0
1711577332.5661209,0.10010433197021484,42.30050302282899,-83.69797111067261,237.133544921875,0.0,182.26,140.0,4.0
1711577332.6662204,0.10010457038879395,42.30050302282899,-83.69797111067261,237.133544921875,0.0,182.26,140.0,4.0
1711577332.766339,0.10010457038879395,42.30050302282899,-83.69797111067261,237.133544921875,0.0,182.26,140.0,4.0
1711577332.8664482,0.10012173652648926,42.30050302282899,-83.69797111067261,237.133544921875,0.0,182.26,140.0,4.0
1711577332.966546,0.1000969409942627,42.30050302282899,-83.69797111067261,237.133544921875,0.0,182.26,140.0,4.0
1711577333.066652,0.10010218620300293,42.30050302282899,-83.69797111067261,237.133544921875,0.0,182.26,140.0,4.0
1711577333.1667788,0.10010981559753418,42.30050302282899,-83.69797111067261,237.133544921875,0.0,182.26,140.0,4.0
1711577333.2669516,0.1001884937286377,42.30050302282899,-83.69797111067261,237.133544921875,0.0,182.26,140.0,4.0
1711577333.3670592,0.10010266304016113,42.30050302282899,-83.69797111067261,237.133544921875,0.0,182.26,140.0,4.0
1711577333.4671652,0.10010099411010742,42.30050302282899,-83.69797111067261,237.133544921875,0.0,182.26,140.0,4.0
1711577333.567511,0.10033988952636719,42.30050302282899,-83.69797111067261,237.133544921875,0.0,182.26,140.0,4.0
1711577333.6678088,0.10028219223022461,42.30050302282899,-83.69797111067261,237.133544921875,0.0,182.26,140.0,4.0
1711577333.7679415,0.10013866424560547,42.30050302282899,-83.69797111067261,237.133544921875,0.0,182.26,140.0,4.0
1711577333.8680804,0.10013413429260254,42.30050302282899,-83.69797111067261,237.133544921875,0.0,182.26,140.0,4.0
1711577333.9681962,0.10012412071228027,42.30050302282899,-83.69797111067261,237.133544921875,0.0,182.26,140.0,4.0
1711577334.068316,0.10011792182922363,42.30050302282899,-83.69797111067261,237.133544921875,0.0,182.26,140.0,4.0
1711577334.168545,0.10021591186523438,42.30050302282899,-83.69797111067261,237.133544921875,0.0,182.26,140.0,4.0
1711577334.268791,0.10025596618652344,42.30050302282899,-83.69797111067261,237.133544921875,0.0,182.26,140.0,4.0
1711577334.3688958,0.10011053085327148,42.30050302282899,-83.69797111067261,237.133544921875,0.0,182.26,140.0,4.0
1711577334.4690068,0.10010337829589844,42.30050302282899,-83.69797111067261,237.133544921875,0.0,182.26,140.0,4.0
1711577334.5691345,0.1001138687133789,42.30050302282899,-83.69797111067261,237.133544921875,0.0,182.26,140.0,4.0
1711577334.6693075,0.10018229484558105,42.30050302282899,-83.69797111067261,237.133544921875,0.0,182.26,140.0,4.0
1711577334.7694147,0.10010337829589844,42.30050302282899,-83.69797111067261,237.133544921875,0.0,182.26,140.0,4.0
1711577334.869532,0.10012245178222656,42.30050302282899,-83.69797111067261,237.133544921875,0.0,182.26,140.0,4.0
1711577334.969639,0.10010266304016113,42.30050302282899,-83.69797111067261,237.133544921875,0.0,182.26,140.0,4.0
1711577335.0698135,0.1001732349395752,42.30050302282899,-83.69797111067261,237.133544921875,0.0,182.26,140.0,4.0
1711577335.1699185,0.1001121997833252,42.30050302282899,-83.69797111067261,237.133544921875,0.0,182.26,140.0,4.0
1711577335.2700284,0.10009312629699707,42.30050302282899,-83.69797111067261,237.133544921875,0.0,182.26,140.0,4.0
1711577335.37014,0.10012030601501465,42.30050302282899,-83.69797111067261,237.133544921875,0.0,182.26,140.0,4.0
1711577335.470235,0.10009431838989258,42.30050302282899,-83.69797111067261,237.133544921875,0.0,182.26,140.0,4.0
1711577335.5703263,0.10009098052978516,42.30050302282899,-83.69797111067261,237.133544921875,0.0,182.26,140.0,4.0
1711577335.6704538,0.10010576248168945,42.30050302282899,-83.69797111067261,237.133544921875,0.0,182.26,140.0,4.0
1711577335.7705908,0.10013771057128906,42.30050302282899,-83.69797111067261,237.133544921875,0.0,182.26,140.0,4.0
1711577335.8707137,0.10012960433959961,42.30050302282899,-83.69797111067261,237.133544921875,0.0,182.26,140.0,4.0
1711577335.9708722,0.1001276969909668,42.30050302282899,-83.69797111067261,237.133544921875,0.0,182.26,140.0,4.0
1711577336.0710664,0.10020875930786133,42.30050302282899,-83.69797111067261,237.133544921875,0.0,182.26,140.0,4.0
1711577336.1712189,0.1001439094543457,42.30050302282899,-83.69797111067261,237.133544921875,0.0,182.26,140.0,4.0
1711577336.2713563,0.10013484954833984,42.30050302282899,-83.69797111067261,237.133544921875,0.0,182.26,140.0,4.0
1711577336.3714795,0.10013461112976074,42.30050302282899,-83.69797111067261,237.133544921875,0.0,182.26,140.0,4.0
1711577336.4715924,0.10012674331665039,42.30050302282899,-83.69797111067261,237.133544921875,0.0,182.26,140.0,4.0
1711577336.5717125,0.10009646415710449,42.30050302282899,-83.69797111067261,237.133544921875,0.0,182.26,140.0,4.0
1711577336.671853,0.10013937950134277,42.30050302282899,-83.69797111067261,237.133544921875,0.0,182.26,140.0,4.0
1711577336.7719953,0.10014009475708008,42.30050302282899,-83.69797111067261,237.133544921875,0.0,182.26,140.0,4.0
1711577336.8721519,0.10014939308166504,42.30050302282899,-83.69797111067261,237.133544921875,0.0,182.26,140.0,4.0
1711577336.972297,0.1001443862915039,42.30050302282899,-83.69797111067261,237.133544921875,0.0,182.26,140.0,4.0
1711577337.0724492,0.10016489028930664,42.30050302282899,-83.69797111067261,237.133544921875,0.0,182.26,140.0,4.0
1711577337.172553,0.10010576248168945,42.30050302282899,-83.69797111067261,237.133544921875,0.0,182.26,140.0,4.0
1711577337.2727013,0.1001124382019043,42.30050302282899,-83.69797111067261,237.133544921875,0.0,182.26,140.0,4.0
1711577337.3729122,0.10025668144226074,42.30050302282899,-83.69797111067261,237.133544921875,0.0,182.26,50,4.0
1711577337.473013,0.10009431838989258,42.30050302282899,-83.69797111067261,237.133544921875,0.1,182.26,50,4.0
1711577337.5730858,0.1000673770904541,42.30050302282899,-83.69797111067261,237.133544921875,0.2,182.26,50,4.0
1711577337.6732593,0.10016202926635742,42.30050302282899,-83.69797111067261,237.133544921875,0.3,182.26,50,4.0
1711577337.7733614,0.10009407997131348,42.30050302282899,-83.69797111067261,237.133544921875,0.4,182.26,50,4.0
1711577337.8734539,0.10010218620300293,42.30050302282899,-83.69797111067261,237.133544921875,0.5,182.26,50,4.0
1711577337.9735286,0.10008001327514648,42.30050302282899,-83.69797111067261,237.133544921875,0.6,182.26,50,4.0
1711577338.0736146,0.10007476806640625,42.30050302282899,-83.69797111067261,237.133544921875,0.7,182.26,50,4.0
1711577338.1736965,0.10008740425109863,42.30050302282899,-83.69797111067261,237.133544921875,0.8,182.26,50,4.0
1711577338.2739518,0.10023641586303711,42.30050302282899,-83.69797111067261,237.133544921875,0.9,182.26,50,4.0
1711577338.3740664,0.1001291275024414,42.30050302282899,-83.69797111067261,237.133544921875,1.0,182.26,50,4.0
1711577338.4741576,0.10008621215820312,42.30050302282899,-83.69797111067261,237.133544921875,1.1,182.26,50,4.0
1711577338.574259,0.10009217262268066,42.30050302282899,-83.69797111067261,237.133544921875,1.2,182.26,50,4.0
1711577338.674352,0.10010623931884766,42.30050302282899,-83.69797111067261,237.133544921875,1.3,182.26,50,4.0
1711577338.7744668,0.10009026527404785,42.30050302282899,-83.69797111067261,237.133544921875,1.4,182.26,50,4.0
1711577338.874569,0.1001136302947998,42.30050302282899,-83.69797111067261,237.133544921875,1.5,182.26,50,4.0
1711577338.974686,0.10010004043579102,42.30048507045064,-83.6979720680699,237.1069183349609,1.6,182.26,50,2.0
1711577339.07477,0.10007929801940918,42.30048507045064,-83.6979720680699,237.1069183349609,1.7,182.26,50,2.0
1711577339.1748552,0.10007953643798828,42.30048507045064,-83.6979720680699,237.1069183349609,1.8,182.26,50,2.0
1711577339.2749896,0.10010170936584473,42.30048507045064,-83.6979720680699,237.1069183349609,1.9,182.26,50,2.0
1711577339.3750882,0.10013127326965332,42.30048507045064,-83.6979720680699,237.1069183349609,2.0,182.26,50,2.0
1711577339.4752622,0.10018682479858398,42.30048507045064,-83.6979720680699,237.1069183349609,2.1,182.26,50,2.0
1711577339.575326,0.10006117820739746,42.30048507045064,-83.6979720680699,237.1069183349609,2.2,182.26,50,2.0
1711577339.6754193,0.1000680923461914,42.30048507045064,-83.6979720680699,237.1069183349609,2.3,182.26,50,2.0
1711577339.775519,0.10010194778442383,42.30048507045064,-83.6979720680699,237.1069183349609,2.4,182.26,50,2.0
1711577339.8756104,0.1000981330871582,42.30048507045064,-83.6979720680699,237.1069183349609,2.5,182.26,50,2.0
1711577339.975762,0.10009098052978516,42.30046711803288,-83.69797302407724,237.08029174804688,2.6,182.25,143.94,0.0
1711577340.075884,0.10012412071228027,42.30046711803288,-83.69797302407724,237.08029174804688,2.7,182.25,143.94,0.0
1711577340.1759884,0.10011553764343262,42.30046711803288,-83.69797302407724,237.08029174804688,2.8,182.25,143.94,0.0
1711577340.2760847,0.10009598731994629,42.30046711803288,-83.69797302407724,237.08029174804688,2.9,182.25,143.94,0.0
1711577340.3761785,0.10009288787841797,42.30046711803288,-83.69797302407724,237.08029174804688,3.0,182.25,143.94,0.0
1711577340.4763253,0.10014057159423828,42.30046711803288,-83.69797302407724,237.08029174804688,3.1,182.25,143.94,0.0
1711577340.5766265,0.10030961036682129,42.30046711803288,-83.69797302407724,237.08029174804688,3.2,182.25,143.94,0.0
1711577340.6767945,0.10016679763793945,42.30044915280232,-83.69797397860196,237.0536651611328,3.3,182.22,145.92,2.0
1711577340.7768736,0.10006070137023926,42.30044915280232,-83.69797397860196,237.0536651611328,3.4,182.22,145.92,2.0
1711577340.8769808,0.10008859634399414,42.30044915280232,-83.69797397860196,237.0536651611328,3.5,182.22,145.92,2.0
1711577340.97709,0.10010838508605957,42.30044915280232,-83.69797397860196,237.0536651611328,3.6,182.22,145.92,2.0
1711577341.0771976,0.10011649131774902,42.30044915280232,-83.69797397860196,237.0536651611328,3.7,182.22,145.92,2.0
1711577341.1773627,0.10014200210571289,42.30043110047424,-83.69797487595342,237.0264587402344,3.8,181.99,147.9,4.01
1711577341.2774565,0.1000814437866211,42.30043110047424,-83.69797487595342,237.0264587402344,3.9,181.99,147.9,4.01
1711577341.377547,0.10009598731994629,42.30043110047424,-83.69797487595342,237.0264587402344,4.0,181.99,147.9,4.01
1711577341.4776382,0.10008597373962402,42.30043110047424,-83.69797487595342,237.0264587402344,4.1,181.99,147.9,4.01
1711577341.5777225,0.10009050369262695,42.30043110047424,-83.69797487595342,237.0264587402344,4.2,181.99,147.9,4.01
1711577341.6778183,0.10008025169372559,42.300413045605154,-83.6979756748038,236.99838256835935,4.3,181.76,149.89,6.02
1711577341.777921,0.10007572174072266,42.300413045605154,-83.6979756748038,236.99838256835935,4.4,181.76,149.89,6.02
1711577341.8780465,0.1001138687133789,42.300413045605154,-83.6979756748038,236.99838256835935,4.5,181.76,149.89,6.02
1711577341.9781566,0.100128173828125,42.300413045605154,-83.6979756748038,236.99838256835935,4.5,181.76,149.89,6.02
1711577342.0782964,0.1000983715057373,42.300413045605154,-83.6979756748038,236.99838256835935,4.5,181.76,149.89,6.02
1711577342.1784625,0.10015439987182617,42.30039498853773,-83.69797637478241,236.96942138671875,4.5,181.53,151.88,8.03
1711577342.278625,0.10012555122375488,42.30039498853773,-83.69797637478241,236.96942138671875,4.5,181.53,151.88,8.03
1711577342.3787525,0.10017251968383789,42.30039498853773,-83.69797637478241,236.96942138671875,4.5,181.53,151.88,8.03
1711577342.4788392,0.10008502006530762,42.30039498853773,-83.69797637478241,236.96942138671875,4.5,181.53,151.88,8.03
1711577342.5789657,0.10008668899536133,42.300376929528994,-83.69797697700125,236.9395904541016,4.5,181.3,153.87,10.03
1711577342.6791098,0.10011005401611328,42.300376929528994,-83.69797697700125,236.9395904541016,4.5,181.3,153.87,10.03
1711577342.7792668,0.10015606880187988,42.300376929528994,-83.69797697700125,236.9395904541016,4.5,181.3,153.87,10.03
1711577342.879426,0.10015130043029785,42.300376929528994,-83.69797697700125,236.9395904541016,4.5,181.3,153.87,10.03
1711577342.9795516,0.10016059875488281,42.300376929528994,-83.69797697700125,236.9395904541016,4.5,181.3,153.87,10.03
1711577343.0796714,0.10009002685546875,42.30035888256032,-83.69797748146028,236.90887451171875,4.5,181.1,155.86,12.04
1711577343.1797688,0.10009121894836426,42.30035888256032,-83.69797748146028,236.90887451171875,4.5,181.1,155.86,12.04
1711577343.279863,0.10009050369262695,42.30035888256032,-83.69797748146028,236.90887451171875,4.5,181.1,155.86,12.04
1711577343.3800225,0.10016202926635742,42.30035888256032,-83.69797748146028,236.90887451171875,4.5,181.1,155.86,12.04
1711577343.4802413,0.10020184516906738,42.30034091949205,-83.6979779473714,236.8772735595703,4.5,181.1,157.85,14.04
1711577343.5803332,0.10007548332214355,42.30034091949205,-83.6979779473714,236.8772735595703,4.5,181.1,157.85,14.04
1711577343.6804302,0.10009288787841797,42.30034091949205,-83.6979779473714,236.8772735595703,4.5,181.1,157.85,14.04
1711577343.7805328,0.10009288787841797,42.30034091949205,-83.6979779473714,236.8772735595703,4.5,181.1,157.85,14.04
1711577343.8806412,0.10010814666748047,42.30034091949205,-83.6979779473714,236.8772735595703,4.5,181.1,157.85,14.04
1711577343.9808006,0.10015344619750977,42.30032307911577,-83.69797846091144,236.84454345703125,4.5,181.38,159.82,16.02
1711577344.0809054,0.10007643699645996,42.30032307911577,-83.69797846091144,236.84454345703125,4.5,181.38,159.82,16.02
1711577344.1810117,0.10011553764343262,42.30032307911577,-83.69797846091144,236.84454345703125,4.5,181.38,159.82,16.02
1711577344.2811205,0.1000981330871582,42.30032307911577,-83.69797846091144,236.84454345703125,4.5,181.38,159.82,16.02
1711577344.38123,0.10010671615600586,42.30030526225951,-83.69797911335378,236.8102264404297,4.5,181.72,161.78,18.0
1711577344.4813488,0.10009002685546875,42.30030526225951,-83.69797911335378,236.8102264404297,4.5,181.72,161.78,18.0
1711577344.5814815,0.10015273094177246,42.30030526225951,-83.69797911335378,236.8102264404297,4.5,181.72,161.78,18.0
1711577344.6815507,0.10007858276367188,42.30030526225951,-83.69797911335378,236.8102264404297,4.5,181.72,161.78,18.0
1711577344.7819355,0.10032844543457031,42.30028744849952,-83.6979799065517,236.77430725097656,4.5,182.05,163.75,19.99
1711577344.8820765,0.10015034675598145,42.30028744849952,-83.6979799065517,236.77430725097656,4.5,182.05,163.75,19.99
1711577344.9821575,0.1000661849975586,42.30028744849952,-83.6979799065517,236.77430725097656,4.5,182.05,163.75,19.99
1711577345.0822442,0.1000833511352539,42.30028744849952,-83.6979799065517,236.77430725097656,4.5,182.05,163.75,19.99
1711577345.1823506,0.10008883476257324,42.30028744849952,-83.6979799065517,236.77430725097656,4.5,182.05,163.75,19.99
1711577345.2824714,0.10012340545654297,42.300269638435424,-83.69798084078315,236.7368011474609,4.5,182.39,165.71,21.97
1711577345.382565,0.10008025169372559,42.300269638435424,-83.69798084078315,236.7368011474609,4.5,182.39,165.71,21.97
1711577345.482661,0.10008573532104492,42.300269638435424,-83.69798084078315,236.7368011474609,4.5,182.39,165.71,21.97
1711577345.5827491,0.1000978946685791,42.300269638435424,-83.69798084078315,236.7368011474609,4.5,182.39,165.71,21.97
1711577345.6828635,0.10008764266967773,42.3002518326841,-83.69798191614082,236.69769287109372,4.5,182.73,167.67,23.95
1711577345.7830412,0.10016942024230957,42.3002518326841,-83.69798191614082,236.69769287109372,4.5,182.73,167.67,23.95
1711577345.8831618,0.1000971794128418,42.3002518326841,-83.69798191614082,236.69769287109372,4.5,182.73,167.67,23.95
1711577345.9832635,0.10011982917785645,42.3002518326841,-83.69798191614082,236.69769287109372,4.5,182.73,167.67,23.95
1711577346.0834746,0.10022711753845215,42.3002518326841,-83.69798191614082,236.69769287109372,4.5,182.73,167.67,23.95
1711577346.1835637,0.10006189346313477,42.30023403189659,-83.6979831329027,236.656982421875,4.5,183.06,169.63,25.93
1711577346.2836497,0.10006856918334961,42.30023403189659,-83.6979831329027,236.656982421875,4.5,183.06,169.63,25.93
1711577346.3837402,0.10009050369262695,42.30023403189659,-83.6979831329027,236.656982421875,4.5,183.06,169.63,25.93
1711577346.4838274,0.10008358955383301,42.30023403189659,-83.6979831329027,236.656982421875,4.5,183.06,169.63,25.93
1711577346.583954,0.10009074211120605,42.300216236689806,-83.69798449116145,236.61492919921875,4.5,183.4,171.59,27.91
1711577346.6841886,0.10023760795593262,42.300216236689806,-83.69798449116145,236.61492919921875,4.5,183.4,171.59,27.91
1711577346.784312,0.10013723373413086,42.300216236689806,-83.69798449116145,236.61492919921875,4.5,183.4,171.59,27.91
1711577346.8844,0.10006189346313477,42.300216236689806,-83.69798449116145,236.61492919921875,4.5,183.4,171.59,27.91
1711577346.984506,0.10009264945983887,42.300198406147445,-83.6979859886005,236.57272338867188,4.5,183.64,173.56,29.9
1711577347.0846117,0.1000971794128418,42.300198406147445,-83.6979859886005,236.57272338867188,4.5,183.64,173.56,29.9
1711577347.1847918,0.10015678405761719,42.300198406147445,-83.6979859886005,236.57272338867188,4.5,183.64,173.56,29.9
1711577347.2849898,0.10021543502807617,42.300198406147445,-83.6979859886005,236.57272338867188,4.5,183.64,173.56,29.9
1711577347.3852222,0.10022187232971191,42.300198406147445,-83.6979859886005,236.57272338867188,4.5,183.64,173.56,29.9
1711577347.4853475,0.10013604164123535,42.300169730251554,-83.69798845705832,236.5052032470703,4.5,183.73,176.72,33.09
1711577347.5854912,0.1000666618347168,42.300169730251554,-83.69798845705832,236.5052032470703,4.5,183.73,176.72,33.09
1711577347.6856728,0.10024476051330566,42.300169730251554,-83.69798845705832,236.5052032470703,4.5,183.73,176.72,33.09
1711577347.7857723,0.10007953643798828,42.300169730251554,-83.69798845705832,236.5052032470703,4.5,183.73,176.72,33.09
1711577347.8858767,0.10009574890136719,42.300169730251554,-83.69798845705832,236.5052032470703,4.5,183.73,176.72,33.09
1711577347.9859848,0.10011744499206543,42.300169730251554,-83.69798845705832,236.5052032470703,4.5,183.73,176.72,33.09
1711577348.0860834,0.10009002685546875,42.300169730251554,-83.69798845705832,236.5052032470703,4.5,183.73,176.72,33.09
1711577348.1862288,0.10011816024780273,42.30015235608059,-83.69799017355342,236.4642791748047,4.5,184.71,178.63,35.03
1711577348.2863374,0.10010194778442383,42.30015235608059,-83.69799017355342,236.4642791748047,4.5,184.71,178.63,35.03
1711577348.3864508,0.10009455680847168,42.30015235608059,-83.69799017355342,236.4642791748047,4.5,184.71,178.63,35.03
1711577348.4865673,0.10014462471008301,42.30015235608059,-83.69799017355342,236.4642791748047,4.5,184.71,178.63,35.03
1711577348.586679,0.10006976127624512,42.30013528264303,-83.69799241016766,236.4254302978516,4.5,186.57,180.51,36.93
1711577348.6867661,0.10009098052978516,42.30013528264303,-83.69799241016766,236.4254302978516,4.5,186.57,180.51,36.93
1711577348.78687,0.10010766983032227,42.30013528264303,-83.69799241016766,236.4254302978516,4.5,186.57,180.51,36.93
1711577348.886979,0.10009145736694336,42.30013528264303,-83.69799241016766,236.4254302978516,4.5,186.57,180.51,36.93
1711577348.987085,0.10009479522705078,42.3001185616157,-83.69799555997878,236.3878936767578,4.5,189.37,182.34,38.8
1711577349.0871732,0.10007381439208984,42.3001185616157,-83.69799555997878,236.3878936767578,4.5,189.37,182.34,38.8
1711577349.18728,0.10008668899536133,42.3001185616157,-83.69799555997878,236.3878936767578,4.5,189.37,182.34,38.8
1711577349.287446,0.10016989707946777,42.3001185616157,-83.69799555997878,236.3878936767578,4.5,189.37,182.34,38.8
1711577349.3875875,0.10011625289916992,42.30010221993373,-83.69799982137893,236.3509521484375,4.5,192.53,184.12,40.63
1711577349.4876919,0.10010027885437012,42.30010221993373,-83.69799982137893,236.3509521484375,4.5,192.53,184.12,40.63
1711577349.5877852,0.10009074211120605,42.30010221993373,-83.69799982137893,236.3509521484375,4.5,192.53,184.12,40.63
1711577349.687891,0.10009884834289551,42.30010221993373,-83.69799982137893,236.3509521484375,4.5,192.53,184.12,40.63
1711577349.787994,0.10010051727294922,42.30010221993373,-83.69799982137893,236.3509521484375,4.5,192.53,184.12,40.63
1711577349.8881593,0.1001119613647461,42.30008628549186,-83.6980053088073,236.31382751464844,4.5,196.1,185.85,42.43
1711577349.9883213,0.10013771057128906,42.30008628549186,-83.6980053088073,236.31382751464844,4.5,196.1,185.85,42.43
1711577350.0884752,0.10015749931335449,42.30008628549186,-83.6980053088073,236.31382751464844,4.5,196.1,185.85,42.43
1711577350.1886373,0.10015058517456055,42.30008628549186,-83.6980053088073,236.31382751464844,4.5,196.1,185.85,42.43
1711577350.2888188,0.10018134117126465,42.300066687148416,-83.69801421551168,236.2649688720703,4.5,201.32,187.97,44.65
1711577350.3889444,0.10010838508605957,42.300066687148416,-83.69801421551168,236.2649688720703,4.5,201.32,187.97,44.65
1711577350.4890447,0.10012030601501465,42.300066687148416,-83.69801421551168,236.2649688720703,4.5,201.32,187.97,44.65
1711577350.5891538,0.10008621215820312,42.300066687148416,-83.69801421551168,236.2649688720703,4.5,201.32,187.97,44.65
1711577350.6892555,0.10012054443359375,42.300066687148416,-83.69801421551168,236.2649688720703,4.5,201.32,187.97,44.65
1711577350.7893867,0.10008883476257324,42.30005051203125,-83.69802283597912,236.22564697265625,4.5,202.76,189.72,46.51
1711577350.8895004,0.10011434555053711,42.30005051203125,-83.69802283597912,236.22564697265625,4.5,202.76,189.72,46.51
1711577350.98961,0.10010814666748047,42.30005051203125,-83.69802283597912,236.22564697265625,4.5,202.76,189.72,46.51
1711577351.0897086,0.10010719299316406,42.30005051203125,-83.69802283597912,236.22564697265625,4.5,202.76,189.72,46.51
1711577351.1898398,0.10009026527404785,42.30003638197425,-83.69803195089794,236.1864013671875,4.5,208.22,191.24,48.14
1711577351.2899454,0.10010313987731934,42.30003638197425,-83.69803195089794,236.1864013671875,4.5,208.22,191.24,48.14
1711577351.3900743,0.10010790824890137,42.30003638197425,-83.69803195089794,236.1864013671875,4.5,208.22,191.24,48.14
1711577351.49018,0.1001276969909668,42.30003638197425,-83.69803195089794,236.1864013671875,4.5,208.22,191.24,48.14
1711577351.5903156,0.10009145736694336,42.30001037002427,-83.69805540175697,236.10922241210935,4.5,219.11,194.02,51.24
1711577351.6904378,0.1001121997833252,42.30001037002427,-83.69805540175697,236.10922241210935,4.5,219.11,194.02,51.24
1711577351.790585,0.10011911392211914,42.30001037002427,-83.69805540175697,236.10922241210935,4.5,219.11,194.02,51.24
1711577351.8907452,0.10015749931335449,42.30001037002427,-83.69805540175697,236.10922241210935,4.5,219.11,194.02,51.24
1711577351.9908981,0.10015106201171875,42.30001037002427,-83.69805540175697,236.10922241210935,4.5,219.11,194.02,51.24
1711577352.0910108,0.10015010833740234,42.30001037002427,-83.69805540175697,236.10922241210935,4.5,219.11,194.02,51.24
1711577352.191113,0.10009026527404785,42.30001037002427,-83.69805540175697,236.10922241210935,4.5,219.11,194.02,51.24
1711577352.2912362,0.1001129150390625,42.30001037002427,-83.69805540175697,236.10922241210935,4.5,219.11,194.02,51.24
1711577352.391388,0.10012245178222656,42.29999849625386,-83.69806970637697,236.0713348388672,4.5,223.91,195.28,52.71
1711577352.4914906,0.10011124610900879,42.29999849625386,-83.69806970637697,236.0713348388672,4.5,223.91,195.28,52.71
1711577352.5916266,0.10009145736694336,42.29999849625386,-83.69806970637697,236.0713348388672,4.5,223.91,195.28,52.71
1711577352.691759,0.10016322135925293,42.29999849625386,-83.69806970637697,236.0713348388672,4.5,223.91,195.28,52.71
1711577352.7918947,0.10009908676147461,42.29998728824648,-83.69808542086918,236.03366088867188,4.5,228.13,196.48,54.15
1711577352.8920188,0.10012125968933105,42.29998728824648,-83.69808542086918,236.03366088867188,4.5,228.13,196.48,54.15
1711577352.9921474,0.10011911392211914,42.29998728824648,-83.69808542086918,236.03366088867188,4.5,228.13,196.48,54.15
1711577353.0922453,0.1001126766204834,42.29998728824648,-83.69808542086918,236.03366088867188,4.5,228.13,196.48,54.15
1711577353.192467,0.10019969940185547,42.29997696415478,-83.69810219904349,235.9961700439453,4.5,232.32,197.58,55.53
1711577353.2929149,0.10043120384216309,42.29997696415478,-83.69810219904349,235.9961700439453,4.5,232.32,197.58,55.53
1711577353.3930302,0.10010027885437012,42.29997696415478,-83.69810219904349,235.9961700439453,4.5,232.32,197.58,55.53
1711577353.4933302,0.10031294822692871,42.29997696415478,-83.69810219904349,235.9961700439453,4.5,232.32,197.58,55.53
1711577353.5934603,0.10009241104125977,42.29995824225904,-83.69813964549039,235.9219970703125,4.5,237.73,199.59,58.22
1711577353.6936247,0.10011506080627441,42.29995824225904,-83.69813964549039,235.9219970703125,4.5,237.73,199.59,58.22
1711577353.7938612,0.10028529167175293,42.29995824225904,-83.69813964549039,235.9219970703125,4.5,237.73,199.59,58.22
1711577353.894055,0.10017824172973633,42.29995824225904,-83.69813964549039,235.9219970703125,4.5,237.73,199.59,58.22
1711577353.994254,0.10020947456359863,42.29995824225904,-83.69813964549039,235.9219970703125,4.5,237.73,199.59,58.22
1711577354.094359,0.10009932518005371,42.29995824225904,-83.69813964549039,235.9219970703125,4.5,237.73,199.59,58.22
1711577354.1945662,0.10021519660949707,42.29995824225904,-83.69813964549039,235.9219970703125,4.5,237.73,199.59,58.22
1711577354.2947369,0.10018181800842285,42.29995824225904,-83.69813964549039,235.9219970703125,4.5,237.73,199.59,58.22
1711577354.3948777,0.10008001327514648,42.29994944940992,-83.6981593954696,235.8849639892578,4.5,240.11,200.55,59.57
1711577354.4950335,0.10015177726745605,42.29994944940992,-83.6981593954696,235.8849639892578,4.5,240.11,200.55,59.57
1711577354.5951762,0.10013628005981445,42.29994944940992,-83.6981593954696,235.8849639892578,4.5,240.11,200.55,59.57
1711577354.695255,0.1000967025756836,42.29994944940992,-83.6981593954696,235.8849639892578,4.5,240.11,200.55,59.57
1711577354.7954547,0.10014963150024414,42.29993795107222,-83.69818839704604,235.8468017578125,4.5,243.53,201.83,61.45
1711577354.8955708,0.10012936592102051,42.29993795107222,-83.69818839704604,235.8468017578125,4.5,243.53,201.83,61.45
1711577354.9956534,0.10008096694946289,42.29993795107222,-83.69818839704604,235.8468017578125,4.5,243.53,201.83,61.45
1711577355.0957355,0.10006427764892578,42.29993795107222,-83.69818839704604,235.8468017578125,4.5,243.53,201.83,61.45
1711577355.195835,0.10010457038879395,42.29993795107222,-83.69818839704604,235.8468017578125,4.5,243.53,201.83,61.45
