timestamp, desired_lat, desired_lon, desired_heading, current_lat, current_lon, current_speed, current_heading, travel_distance, calculated_distance, calculated_distance_next, starting_index, selected_index
1744316416.4611099,41.7008249863636,-87.9917813124293,344.999985694838,41.700824701211246,-87.99178115777922,0.0,345.0352294709548,0.0,0.0,0.03527536835795562,1,10
1744316416.4751341,41.7008249863636,-87.9917813124293,344.999985694838,41.700824701211246,-87.99178115777922,0.0,345.0352294709548,0.0,0.0,0.03527536835795562,10,10
1744316416.4766195,41.7008249863636,-87.9917813124293,344.999985694838,41.700824701211246,-87.99178115777922,0.0,345.0352294709548,0.0,0.0,0.03527536835795562,10,10
1744316416.4767559,41.7008249863636,-87.9917813124293,344.999985694838,41.700824701211246,-87.99178115777922,0.0,345.0352294709548,0.0,0.0,0.03527536835795562,10,10
1744316416.604785,41.7008249863636,-87.9917813124293,344.999985694838,41.700824701211246,-87.99178115777922,0.0,345.0352294709548,0.0,0.0,0.03527536835795562,10,10
1744316416.6257098,41.7008249863636,-87.9917813124293,344.999985694838,41.700824701211246,-87.99178115777922,0.0,345.0352294709548,0.0,0.0,0.03527536835795562,10,10
1744316416.7331269,41.7008249863636,-87.9917813124293,344.999985694838,41.700824701211246,-87.99178115777922,0.0,345.0352294709548,0.0,0.0,0.03527536835795562,10,10
1744316416.8259478,41.7008249863636,-87.9917813124293,344.999985694838,41.700824701211246,-87.99178115777922,0.0,345.0352294709548,0.0,0.0,0.03527536835795562,10,10
1744316416.926061,41.7008249863636,-87.9917813124293,344.999985694838,41.700824701211246,-87.99178115777922,0.0,345.0352294709548,0.0,0.0,0.03527536835795562,10,10
1744316417.034432,41.7008249863636,-87.9917813124293,344.999985694838,41.700824701211246,-87.99178115777922,0.0,345.0352294709548,0.0,0.0,0.03527536835795562,10,10
1744316417.1268394,41.7008249863636,-87.9917813124293,344.999985694838,41.700824701211246,-87.99178115777922,0.0,345.0352294709548,0.0,0.0,0.03527536835795562,10,10
1744316417.2272325,41.7008249863636,-87.9917813124293,344.999985694838,41.70082470340469,-87.99178115468071,0.0,345.0352294709548,0.0,0.0,0.03527536835795562,10,10
1744316417.3366575,41.7008249863636,-87.9917813124293,344.999985694838,41.70082470340469,-87.99178115468071,0.0,345.0352294709548,0.0,0.0,0.03527536835795562,10,10
1744316417.4272616,41.7008249863636,-87.9917813124293,344.999985694838,41.70082470340469,-87.99178115468071,0.0,345.0352294709548,0.0,0.0,0.03527536835795562,10,10
1744316417.527497,41.7008249863636,-87.9917813124293,344.999985694838,41.700824705598194,-87.99178115183467,0.0,345.0352294709548,0.0,0.0,0.03527536835795562,10,10
1744316417.690321,41.7008249863636,-87.9917813124293,344.999985694838,41.700824705598194,-87.99178115183467,0.0,345.0352294709548,0.0,0.0,0.03527536835795562,10,10
1744316417.7276607,41.7008249863636,-87.9917813124293,344.999985694838,41.700824705598194,-87.99178115183467,0.0,345.0352294709548,0.0,0.0,0.03527536835795562,10,10
1744316417.82784,41.7008249863636,-87.9917813124293,344.999985694838,41.70082470669493,-87.99178114979195,0.0,345.0351748294415,0.0,0.0,0.03527536835795562,10,10
1744316417.9280245,41.7008249863636,-87.9917813124293,344.999985694838,41.70082470669493,-87.99178114979195,0.0,345.0351748294415,0.0,0.0,0.03527536835795562,10,10
1744316418.028234,41.7008249863636,-87.9917813124293,344.999985694838,41.70082470669493,-87.99178114979195,0.0,345.0351748294415,0.0,0.0,0.03527536835795562,10,10
1744316418.1287751,41.7008249863636,-87.9917813124293,344.999985694838,41.70082470779167,-87.99178114942471,0.0,345.0351748294415,0.0,0.0,0.03527536835795562,10,10
1744316418.3337145,41.7008249863636,-87.9917813124293,344.999985694838,41.70082470779167,-87.99178114942471,0.0,345.0351748294415,0.0,0.0,0.03527536835795562,10,10
1744316418.3341446,41.7008249863636,-87.9917813124293,344.999985694838,41.70082470779167,-87.99178114942471,0.0,345.0351748294415,0.0,0.0,0.03527536835795562,10,10
1744316418.4287558,41.7008249863636,-87.9917813124293,344.999985694838,41.70082470779167,-87.99178114942471,0.0,345.03514750868476,0.0,0.0,0.03527536835795562,10,10
1744316418.5289724,41.7008249863636,-87.9917813124293,344.999985694838,41.70082470779167,-87.99178114942471,0.0,345.03514750868476,0.0,0.0,0.03527536835795562,10,10
1744316418.6398313,41.7008249863636,-87.9917813124293,344.999985694838,41.700824708888405,-87.99178114917224,0.0,345.0351748294415,0.0,0.0,0.03527536835795562,10,10
1744316418.7298956,41.7008249863636,-87.9917813124293,344.999985694838,41.700824708888405,-87.99178114917224,0.0,345.0351748294415,0.0,0.0,0.03527536835795562,10,10
1744316418.8295777,41.7008249863636,-87.9917813124293,344.999985694838,41.700824708888405,-87.99178114917224,0.0,345.0351748294415,0.0,0.0,0.03527536835795562,10,10
1744316418.93047,41.7008249863636,-87.9917813124293,344.999985694838,41.700824708888405,-87.99178114910339,0.0,345.03514750868476,0.0,0.0,0.03527536835795562,10,10
1744316419.0302017,41.7008249863636,-87.9917813124293,344.999985694838,41.700824708888405,-87.99178114910339,0.0,345.03514750868476,0.0,0.0,0.03527536835795562,10,10
1744316419.1304538,41.7008249863636,-87.9917813124293,344.999985694838,41.700824708888405,-87.99178114910339,0.0,345.03514750868476,0.0,0.0,0.03527536835795562,10,10
1744316419.2392917,41.7008249863636,-87.9917813124293,344.999985694838,41.700824708888405,-87.99178114901157,0.0,345.03514750868476,0.0,0.0,0.03527536835795562,10,10
1744316419.3403986,41.7008249863636,-87.9917813124293,344.999985694838,41.700824708888405,-87.99178114901157,0.0,345.03514750868476,0.0,0.0,0.03527536835795562,10,10
1744316419.4303598,41.7008249863636,-87.9917813124293,344.999985694838,41.700824708888405,-87.99178114901157,0.0,345.03514750868476,0.0,0.0,0.03527536835795562,10,10
1744316419.5342948,41.7008249863636,-87.9917813124293,344.999985694838,41.700824708888405,-87.99178114901157,0.0,345.0339727161475,0.0,0.0,0.03527536835795562,10,10
1744316419.6315095,41.7008249863636,-87.9917813124293,344.999985694838,41.700824708888405,-87.99178114901157,0.0,345.0339727161475,0.0,0.0,0.03527536835795562,10,10
1744316419.7316167,41.7008249863636,-87.9917813124293,344.999985694838,41.700824708888405,-87.99178114901157,0.0,345.0339727161475,0.0,0.0,0.03527536835795562,10,10
1744316419.8312051,41.7008246814699,-87.9917811950531,345.009110827569,41.700824759338445,-87.99178116654684,0.17902544460575345,345.00116048737476,0.017818015062969154,0.0,0.03527536835795562,10,11
1744316419.9511995,41.7008262223897,-87.9917816920541,345.013427507124,41.700824759338445,-87.99178116654684,0.17902544460575345,345.00116048737476,0.01864380291162951,0.006062605145159639,0.14100737670438457,80,81
1744316420.0320814,41.7008262223897,-87.9917816920541,345.013427507124,41.700824759338445,-87.99178116654684,0.17902544460575345,345.00116048737476,0.014455278211319946,0.14100737670438457,0.34652493558388103,81,81
1744316420.1319616,41.7008262223897,-87.9917816920541,345.013427507124,41.700825032426735,-87.99178126618116,0.4056933389685494,344.95701014457984,0.04047827714243157,0.14100737670438457,0.34652493558388103,81,81
1744316420.242402,41.7008262223897,-87.9917816920541,345.013427507124,41.700825032426735,-87.99178126618116,0.4056933389685494,344.95701014457984,0.04475738359631965,0.14100737670438457,0.34652493558388103,81,81
1744316420.3323817,41.7008262223897,-87.9917816920541,345.013427507124,41.700825032426735,-87.99178126618116,0.4056933389685494,344.95701014457984,0.03645810305692183,0.14100737670438457,0.34652493558388103,81,81
1744316420.4320085,41.7008262223897,-87.9917816920541,345.013427507124,41.70082546234886,-87.99178142578884,0.562349245719499,344.89277904562505,0.05597007378860317,0.14100737670438457,0.34652493558388103,81,81
1744316420.5326235,41.7008262223897,-87.9917816920541,345.013427507124,41.70082546234886,-87.99178142578884,0.562349245719499,344.89277904562505,0.05652299706010357,0.14100737670438457,0.34652493558388103,81,81
1744316420.6328557,41.7008262223897,-87.9917816920541,345.013427507124,41.70082546234886,-87.99178142578884,0.562349245719499,344.89277904562505,0.05630633265497635,0.14100737670438457,0.34652493558388103,81,81
1744316420.7329228,41.7008262223897,-87.9917816920541,345.013427507124,41.70082602497652,-87.99178163412347,0.703754132974762,344.83988606069244,0.07035386931051818,0.14100737670438457,0.34652493558388103,81,81
1744316420.8328555,41.7008262223897,-87.9917816920541,345.013427507124,41.70082602497652,-87.99178163412347,0.703754132974762,344.83988606069244,0.07028692187441032,0.14100737670438457,0.34652493558388103,81,81
1744316420.9330955,41.7008262223897,-87.9917816920541,345.013427507124,41.70082602497652,-87.99178163412347,0.703754132974762,344.83988606069244,0.07050219395593008,0.14100737670438457,0.34652493558388103,81,81
1744316421.0334215,41.700828005689,-87.9917823459315,345.011132563563,41.70082674443799,-87.99178189811651,0.9944132771413137,344.84362900435764,0.0996949155421072,0.34652493558388103,0.5986081743998769,82,82
1744316421.1335754,41.700828005689,-87.9917823459315,345.011132563563,41.70082674443799,-87.99178189811651,0.9944132771413137,344.84362900435764,0.09948722768000283,0.34652493558388103,0.5986081743998769,82,82
1744316421.233066,41.700828005689,-87.9917823459315,345.011132563563,41.70082674443799,-87.99178189811651,0.9944132771413137,344.84362900435764,0.0988606077946811,0.34652493558388103,0.5986081743998769,82,82
1744316421.3331497,41.700828005689,-87.9917823459315,345.011132563563,41.70082783021064,-87.99178230406721,1.4554950845043955,344.85412017492274,0.14556533242882866,0.34652493558388103,0.5986081743998769,82,82
1744316421.433669,41.700828005689,-87.9917823459315,345.011132563563,41.70082783021064,-87.99178230406721,1.4554950845043955,344.85412017492274,0.14619586244490393,0.34652493558388103,0.5986081743998769,82,82
1744316421.5380857,41.700828005689,-87.9917823459315,345.011132563563,41.70082783021064,-87.99178230406721,1.4554950845043955,344.85412017492274,0.151860569094553,0.34652493558388103,0.5986081743998769,82,82
1744316421.633591,41.7008301936854,-87.9917831414453,345.009329393622,41.70082933384123,-87.99178285422487,1.9504603916229322,344.8691465910968,0.18614944083840088,0.5986081743998769,0.8708448000335187,83,83
1744316421.733948,41.7008301936854,-87.9917831414453,345.009329393622,41.70082933384123,-87.99178285422487,1.9504603916229322,344.8691465910968,0.19562109030791378,0.5986081743998769,0.8708448000335187,83,83
1744316421.8385887,41.7008325560633,-87.9917840028081,345.006761242494,41.700831236685104,-87.99178355221586,2.3866793933721526,344.8852385167813,0.2495475406559366,0.8708448000335187,1.1428397535266535,84,84
1744316421.9341345,41.7008325560633,-87.9917840028081,345.006761242494,41.700831236685104,-87.99178355221586,2.3866793933721526,344.8852385167813,0.2278903079632791,0.8708448000335187,1.1428397535266535,84,84
1744316422.0348454,41.7008325560633,-87.9917840028081,345.006761242494,41.700831236685104,-87.99178355221586,2.3866793933721526,344.8852385167813,0.24020124409847735,0.8708448000335187,1.1428397535266535,84,84
1744316422.1385198,41.7008349173444,-87.9917848582034,345.00400184607,41.70083351351727,-87.99178437419316,2.7967284978823357,344.9038439520804,0.28943508524996836,1.1428397535266535,1.4077542200139948,85,85
1744316422.2351308,41.7008349173444,-87.9917848582034,345.00400184607,41.70083351351727,-87.99178437419316,2.7967284978823357,344.9038439520804,0.2699067469326981,1.1428397535266535,1.4077542200139948,85,85
1744316422.3351624,41.7008349173444,-87.9917848582034,345.00400184607,41.70083351351727,-87.99178437419316,2.7967284978823357,344.9038439520804,0.27959190123523336,1.1428397535266535,1.4077542200139948,85,85
1744316422.441394,41.700837217208,-87.9917856910369,345.001870827048,41.70083614020939,-87.99178532731776,3.199406520222114,344.9217390477059,0.3396403669281048,1.4077542200139948,1.6665227232828372,86,86
1744316422.5353482,41.700837217208,-87.9917856910369,345.001870827048,41.70083614020939,-87.99178532731776,3.199406520222114,344.9217390477059,0.30041043082225666,1.4077542200139948,1.6665227232828372,86,86
1744316422.6356685,41.700837217208,-87.9917856910369,345.001870827048,41.70083614020939,-87.99178532731776,3.199406520222114,344.9217390477059,0.3207542523226352,1.4077542200139948,1.6665227232828372,86,86
1744316422.7483623,41.7008394633312,-87.99178650645,344.997198977656,41.70083911785815,-87.99178640279906,3.596152464733443,344.9387052376042,0.40479761859647534,1.6665227232828372,1.9192248717048122,87,87
1744316422.835732,41.7008394633312,-87.99178650645,344.997198977656,41.70083911785815,-87.99178640279906,3.596152464733443,344.9387052376042,0.31396491112788805,1.6665227232828372,1.9192248717048122,87,87
1744316422.9363577,41.7008394633312,-87.99178650645,344.997198977656,41.70083911785815,-87.99178640279906,3.596152464733443,344.9387052376042,0.36142056593272126,1.6665227232828372,1.9192248717048122,87,87
1744316423.036007,41.7008437746154,-87.9917880706466,344.995477769985,41.70084244207652,-87.99178760017806,3.989189011641797,344.95356772923816,0.39724649259339634,2.1631924361963346,2.3964635260183242,89,89
1744316423.1403136,41.7008437746154,-87.9917880706466,344.995477769985,41.70084244207652,-87.99178760017806,3.989189011641797,344.95356772923816,0.41562643778811226,2.1631924361963346,2.3964635260183242,89,89
1744316423.2367623,41.7008437746154,-87.9917880706466,344.995477769985,41.70084244207652,-87.99178760017806,3.989189011641797,344.95356772923816,0.38419649373095405,2.1631924361963346,2.3964635260183242,89,89
1744316423.3368714,41.7008477261686,-87.991789493666,344.992035354644,41.70084610957426,-87.99178891973014,4.376477628866614,344.96651776790446,0.43757221829563275,2.618191058703603,2.8285544912436658,91,91
1744316423.4393234,41.7008477261686,-87.991789493666,344.992035354644,41.70084610957426,-87.99178891973014,4.376477628866614,344.96651776790446,0.44802637931105144,2.618191058703603,2.8285544912436658,91,91
1744316423.5372016,41.7008477261686,-87.991789493666,344.992035354644,41.70084610957426,-87.99178891973014,4.376477628866614,344.96651776790446,0.4278651557218789,2.618191058703603,2.8285544912436658,91,91
1744316423.6372838,41.7008512883791,-87.9917907834724,344.989631128056,41.7008501104807,-87.9917903665736,4.758720312512262,344.97684501392956,0.4759078835790201,3.0285098533819648,3.2178927747601183,93,93
1744316423.743303,41.7008512883791,-87.9917907834724,344.989631128056,41.7008501104807,-87.9917903665736,4.758720312512262,344.97684501392956,0.5041597447941032,3.0285098533819648,3.2178927747601183,93,93
1744316423.8372643,41.7008512883791,-87.9917907834724,344.989631128056,41.7008501104807,-87.9917903665736,4.758720312512262,344.97684501392956,0.4468516141232441,3.0285098533819648,3.2178927747601183,93,93
1744316423.937991,41.7008544919555,-87.9917919448168,344.988374373249,41.70085444479565,-87.99179192666186,5.135976280188661,344.9849865994202,0.5167073991182349,3.397548941191429,3.567536290859402,95,95
1744316424.0375338,41.7008544919555,-87.9917919448168,344.988374373249,41.70085444479565,-87.99179192666186,5.135976280188661,344.9849865994202,0.5109289262020585,3.397548941191429,3.567536290859402,95,95
1744316424.1382177,41.7008544919555,-87.9917919448168,344.988374373249,41.70085444479565,-87.99179192666186,5.135976280188661,344.9849865994202,0.5164980075376742,3.397548941191429,3.567536290859402,95,95
1744316424.2383409,41.7008598703662,-87.9917938932746,344.987226901468,41.70085906426263,-87.99179359368314,5.384823687807055,344.99053271302625,0.538422798511332,4.017092374531108,4.145823629966121,99,99
1744316424.3405087,41.7008598703662,-87.9917938932746,344.987226901468,41.70085906426263,-87.99179359368314,5.384823687807055,344.99053271302625,0.5498245994230958,4.017092374531108,4.145823629966121,99,99
1744316424.4380128,41.7008598703662,-87.9917938932746,344.987226901468,41.70085906426263,-87.99179359368314,5.384823687807055,344.99053271302625,0.524740894185618,4.017092374531108,4.145823629966121,99,99
1744316424.5384505,41.7008642090674,-87.9917954570122,344.987117618441,41.70086369689014,-87.99179526139298,5.363699548908956,344.99323746793755,0.53829916105704,4.5166968960902505,4.648953268282946,103,103
1744316424.6385682,41.7008642090674,-87.9917954570122,344.987117618441,41.70086369689014,-87.99179526139298,5.363699548908956,344.99323746793755,0.536687865969315,4.5166968960902505,4.648953268282946,103,103
1744316424.7386925,41.7008642090674,-87.9917954570122,344.987117618441,41.70086369689014,-87.99179526139298,5.363699548908956,344.99323746793755,0.5367070480536926,4.5166968960902505,4.648953268282946,103,103
1744316424.8391993,41.7008695819937,-87.9917970352784,345.672650045057,41.70086830319559,-87.99179691888921,5.344291196986348,344.9939478076113,0.5364035864132196,5.127741895012972,5.329825238037513,107,107
1744316424.9392931,41.7008695819937,-87.9917970352784,345.672650045057,41.70086830319559,-87.99179691888921,5.344291196986348,344.9939478076113,0.5344388034538173,5.127741895012972,5.329825238037513,107,107
1744316425.0395617,41.7008695819937,-87.9917970352784,345.672650045057,41.70086830319559,-87.99179691888921,5.344291196986348,344.9939478076113,0.5353434700563956,5.127741895012972,5.329825238037513,107,107
1744316425.1391158,41.7008733613573,-87.9917982823254,345.708440236308,41.70087288317893,-87.99179856412911,5.324674086733819,344.99353799626107,0.529743820734673,5.560503540449518,5.820820093985521,109,109
1744316425.239703,41.7008733613573,-87.9917982823254,345.708440236308,41.70087288317893,-87.99179856412911,5.324674086733819,344.99353799626107,0.5350477968733539,5.560503540449518,5.820820093985521,109,109
1744316425.3394506,41.7008733613573,-87.9917982823254,345.708440236308,41.70087288317893,-87.99179856412911,5.324674086733819,344.99353799626107,0.530765769224773,5.560503540449518,5.820820093985521,109,109
1744316425.439719,41.7008781782359,-87.9917999340836,345.708167028741,41.70087744232393,-87.99180020459501,5.305385358962361,345.05364366095716,0.5315828393497672,6.113385084193511,6.438361330233234,111,111
1744316425.5399451,41.7008781782359,-87.9917999340836,345.708167028741,41.70087744232393,-87.99180020459501,5.305385358962361,345.05364366095716,0.5314070179107643,6.113385084193511,6.438361330233234,111,111
1744316425.6570024,41.7008839646316,-87.9918019112543,345.707292764527,41.70088203766099,-87.99180183216194,5.456284610759207,345.16150600833,0.6376625723678414,6.777401884317192,7.1118367363722035,113,113
1744316425.7405508,41.7008839646316,-87.9918019112543,345.707292764527,41.70088203766099,-87.99180183216194,5.456284610759207,345.16150600833,0.4553013640267059,6.777401884317192,7.1118367363722035,113,113
1744316425.8405986,41.7008839646316,-87.9918019112543,345.707292764527,41.70088203766099,-87.99180183216194,5.456284610759207,345.16150600833,0.5452754023459478,6.777401884317192,7.1118367363722035,113,113
1744316425.9530475,41.7008896918028,-87.9918038720831,345.706937594691,41.70088699382487,-87.99180354995288,5.907256608312154,345.28756397965174,0.6637928753050807,7.434705650675322,7.743023415455497,115,115
1744316426.0409756,41.7008896918028,-87.9918038720831,345.706937594691,41.70088699382487,-87.99180354995288,5.907256608312154,345.28756397965174,0.5190572689661489,7.434705650675322,7.743023415455497,115,115
1744316426.140771,41.7008896918028,-87.9918038720831,345.706937594691,41.70088699382487,-87.99180354995288,5.907256608312154,345.28756397965174,0.5891420561782417,7.434705650675322,7.743023415455497,115,115
1744316426.2493768,41.7008949375052,-87.991805673006,345.706227255017,41.70089233055674,-87.99180538420188,6.31271244236007,345.41274768675976,0.6851219727722948,8.036855660943223,8.314750693630137,117,117
1744316426.3409529,41.7008949375052,-87.991805673006,345.706227255017,41.70089233055674,-87.99180538420188,6.31271244236007,345.41274768675976,0.5777173150956698,8.036855660943223,8.314750693630137,117,117
1744316426.4410875,41.7008949375052,-87.991805673006,345.706227255017,41.70089233055674,-87.99180538420188,6.31271244236007,345.41274768675976,0.6317191524522083,8.036855660943223,8.314750693630137,117,117
1744316426.5416653,41.7008997543822,-87.9918067670324,346.747967707227,41.70089801385768,-87.99180732552162,6.687951416603308,345.52424369477103,0.6712006524452162,8.578216754825231,8.828604598553936,119,119
1744316426.6413872,41.7008997543822,-87.9918067670324,346.747967707227,41.70089801385768,-87.99180732552162,6.687951416603308,345.52424369477103,0.6663022505287587,8.578216754825231,8.828604598553936,119,119
1744316426.7416546,41.7008997543822,-87.9918067670324,346.747967707227,41.70089801385768,-87.99180732552162,6.687951416603308,345.52424369477103,0.6698229769062125,8.578216754825231,8.828604598553936,119,119
1744316426.8443284,41.7009060452757,-87.9918084988011,347.207093023235,41.70090401301886,-87.99180936073768,7.043230871925397,345.615276456029,0.7224548176686095,9.29165179540105,9.502311774713716,122,122
1744316426.9420626,41.7009060452757,-87.9918084988011,347.207093023235,41.70090401301886,-87.99180936073768,7.043230871925397,345.615276456029,0.6876559873122715,9.29165179540105,9.502311774713716,122,122
1744316427.042659,41.7009060452757,-87.9918084988011,347.207093023235,41.70090401301886,-87.99180936073768,7.043230871925397,345.615276456029,0.7080268125331728,9.29165179540105,9.502311774713716,122,122
1744316427.152209,41.7009114971636,-87.9918090398927,349.057200024095,41.700910322556524,-87.99181150240477,7.38561186021103,345.7971234124914,0.8084968397093568,9.89117309324329,10.071881745225337,125,125
1744316427.2424564,41.7009114971636,-87.9918090398927,349.057200024095,41.700910322556524,-87.99181150240477,7.38561186021103,345.7971234124914,0.6659141491945854,9.89117309324329,10.071881745225337,125,125
1744316427.3428307,41.7009114971636,-87.9918090398927,349.057200024095,41.700910322556524,-87.99181150240477,7.38561186021103,345.7971234124914,0.7406682395756209,9.89117309324329,10.071881745225337,125,125
1744316427.450595,41.7009187235739,-87.9918105575888,349.716641128082,41.70091693259994,-87.9918136939005,7.718180748683179,346.09983739650636,0.8306195777045147,10.702168637498865,10.839427448624749,130,130
1744316427.5546117,41.7009187235739,-87.9918105575888,349.716641128082,41.70091693259994,-87.9918136939005,7.718180748683179,346.09983739650636,0.8021744201734572,10.702168637498865,10.839427448624749,130,130
1744316427.64309,41.7009187235739,-87.9918105575888,349.716641128082,41.70091693259994,-87.9918136939005,7.718180748683179,346.09983739650636,0.6823304704694086,10.702168637498865,10.839427448624749,130,130
1744316427.7438076,41.7009247446679,-87.9918119234808,349.899635556325,41.70092384534246,-87.99181590056745,8.043792857739547,346.6619346444417,0.8094434011599989,11.380029297427804,11.481798964469476,136,136
1744316427.8496137,41.7009247446679,-87.9918119234808,349.899635556325,41.70092384534246,-87.99181590056745,8.043792857739547,346.6619346444417,0.8505684827090156,11.380029297427804,11.481798964469476,136,136
1744316427.943387,41.7009247446679,-87.9918119234808,349.899635556325,41.70092384534246,-87.99181590056745,8.043792857739547,346.6619346444417,0.7537891451185671,11.380029297427804,11.481798964469476,136,136
1744316428.044166,41.7009336918591,-87.9918124642511,352.601111976848,41.70093106846116,-87.99181802880766,8.361019097482957,347.46199568306037,0.8417743922254356,12.361101274488853,12.591927103863268,143,143
1744316428.1489258,41.7009336918591,-87.9918124642511,352.601111976848,41.70093106846116,-87.99181802880766,8.361019097482957,347.46199568306037,0.8753496039074943,12.361101274488853,12.591927103863268,143,143
1744316428.2441702,41.7009336918591,-87.9918124642511,352.601111976848,41.70093106846116,-87.99181802880766,8.361019097482957,347.46199568306037,0.7955987582289262,12.361101274488853,12.591927103863268,143,143
1744316428.3443599,41.7009408294311,-87.9918135383324,352.789406631887,41.70093859537553,-87.99182003593057,8.673923927328506,348.3531987659636,0.8683407888226602,13.156091594347261,13.494369398987942,146,146
1744316428.4531944,41.7009408294311,-87.9918135383324,352.789406631887,41.70093859537553,-87.99182003593057,8.673923927328506,348.3531987659636,0.9433666539386725,13.156091594347261,13.494369398987942,146,146
1744316428.5445113,41.7009408294311,-87.9918135383324,352.789406631887,41.70093859537553,-87.99182003593057,8.673923927328506,348.3531987659636,0.79147231377202,13.156091594347261,13.494369398987942,146,146
1744316428.64665,41.7009509863219,-87.9918152849739,352.787139009082,41.70094641073109,-87.99182192753644,8.939852948124754,349.4770654127542,0.9124127604058867,14.291645912136445,14.752864735183374,149,149
1744316428.7537568,41.7009509863219,-87.9918152849739,352.787139009082,41.70094641073109,-87.99182192753644,8.939852948124754,349.4770654127542,0.9564565687040095,14.291645912136445,14.752864735183374,149,149
1744316428.8449366,41.7009509863219,-87.9918152849739,352.787139009082,41.70094641073109,-87.99182192753644,8.939852948124754,349.4770654127542,0.8145546822708007,14.291645912136445,14.752864735183374,149,149
1744316428.9453232,41.7009596143587,-87.9918167601629,352.786510631679,41.70095441253119,-87.99182360036455,9.031976844489492,350.7116904071257,0.9060759069741512,15.256499984482389,15.802852436254065,151,151
1744316429.0541272,41.7009596143587,-87.9918167601629,352.786510631679,41.70095441253119,-87.99182360036455,9.031976844489492,350.7116904071257,0.9820927656919083,15.256499984482389,15.802852436254065,151,151
1744316429.1457524,41.7009596143587,-87.9918167601629,352.786510631679,41.70095441253119,-87.99182360036455,9.031976844489492,350.7116904071257,0.8270012329146412,15.256499984482389,15.802852436254065,151,151
1744316429.2458208,41.7009644992287,-87.9918175929736,352.785964216545,41.70096248013451,-87.99182500633064,9.040343880312868,351.83203267630455,0.9040852551395306,15.802852436254065,16.387507628027535,152,152
1744316429.346611,41.7009644992287,-87.9918175929736,352.785964216545,41.70096248013451,-87.99182500633064,9.040343880312868,351.83203267630455,0.9105988314578675,15.802852436254065,16.387507628027535,152,152
1744316429.446026,41.7009644992287,-87.9918175929736,352.785964216545,41.70096248013451,-87.99182500633064,9.040343880312868,351.83203267630455,0.8981730314991606,15.802852436254065,16.387507628027535,152,152
1744316429.5462568,41.7009753997038,-87.9918187628791,353.913000071111,41.70097056418791,-87.99182622386141,9.042936617900349,352.7024993048876,0.9057351661308571,17.011764678026164,17.652990514446888,154,154
1744316429.647059,41.7009753997038,-87.9918187628791,353.913000071111,41.70097056418791,-87.99182622386141,9.042936617900349,352.7024993048876,0.9109397600266766,17.011764678026164,17.652990514446888,154,154
1744316429.7466412,41.7009753997038,-87.9918187628791,353.913000071111,41.70097056418791,-87.99182622386141,9.042936617900349,352.7024993048876,0.8997910628289622,17.011764678026164,17.652990514446888,154,154
1744316429.8465943,41.7009812036386,-87.9918191934343,354.815541268036,41.700978669078324,-87.99182734602694,9.082526992347535,353.27740998770594,0.9072622255241451,17.652990514446888,18.278206601375338,155,155
1744316429.9467092,41.7009812036386,-87.9918191934343,354.815541268036,41.700978669078324,-87.99182734602694,9.082526992347535,353.27740998770594,0.9087542158752803,17.652990514446888,18.278206601375338,155,155
1744316430.046806,41.7009812036386,-87.9918191934343,354.815541268036,41.700978669078324,-87.99182734602694,9.082526992347535,353.27740998770594,0.908583145864047,17.652990514446888,18.278206601375338,155,155
1744316430.1470134,41.7009925022265,-87.9918180601141,359.353819480916,41.70098682770782,-87.99182845432951,9.139616292854297,353.6996796029528,0.9152246091751417,18.875129651592182,19.453877921207386,157,157
1744316430.2470489,41.7009925022265,-87.9918180601141,359.353819480916,41.70098682770782,-87.99182845432951,9.139616292854297,353.6996796029528,0.9137428522306902,18.875129651592182,19.453877921207386,157,157
1744316430.3472161,41.7009925022265,-87.9918180601141,359.353819480916,41.70098682770782,-87.99182845432951,9.139616292854297,353.6996796029528,0.9149021091342905,18.875129651592182,19.453877921207386,157,157
1744316430.4475553,41.700997829079,-87.9918175948326,0.141274205389729,41.700994995110165,-87.99182953584717,9.118801072236128,354.10981880223375,0.9143316129058555,19.453877921207386,20.00687203736461,158,158
1744316430.547747,41.700997829079,-87.9918175948326,0.141274205389729,41.700994995110165,-87.99182953584717,9.118801072236128,354.10981880223375,0.9130706397808992,19.453877921207386,20.00687203736461,158,158
1744316430.6478877,41.700997829079,-87.9918175948326,0.141274205389729,41.700994995110165,-87.99182953584717,9.118801072236128,354.10981880223375,0.9125684246225113,19.453877921207386,20.00687203736461,158,158
1744316430.7477765,41.7010077446787,-87.9918168985631,1.20431026695746,41.701003140576745,-87.99183054013162,9.093165492143587,354.9925524505662,0.9076983692437758,20.5354599497615,21.03950871444482,160,160
1744316430.8480186,41.7010077446787,-87.9918168985631,1.20431026695746,41.701003140576745,-87.99183054013162,9.093165492143587,354.9925524505662,0.9106923490660896,20.5354599497615,21.03950871444482,160,160
1744316430.9486272,41.7010077446787,-87.9918168985631,1.20431026695746,41.701003140576745,-87.99183054013162,9.093165492143587,354.9925524505662,0.9142456676242159,20.5354599497615,21.03950871444482,160,160
1744316431.0487099,41.7010123389097,-87.9918167592449,1.20852758860483,41.701011273978196,-87.99183125731042,9.05631750899674,356.329193150381,0.9056503199711046,21.03950871444482,21.518714388261355,161,161
1744316431.149131,41.7010123389097,-87.9918167592449,1.20852758860483,41.701011273978196,-87.99183125731042,9.05631750899674,356.329193150381,0.9084464766574465,21.03950871444482,21.518714388261355,161,161
1744316431.2538657,41.7010208583613,-87.9918165220597,1.21014570310789,41.70101939202431,-87.99183156743683,9.020765958735064,357.88030179013424,0.943933013239181,21.97528864103097,22.40964840059138,163,163
1744316431.3491592,41.7010208583613,-87.9918165220597,1.21014570310789,41.70101939202431,-87.99183156743683,9.020765958735064,357.88030179013424,0.8590785772860566,21.97528864103097,22.40964840059138,163,163
1744316431.449728,41.7010208583613,-87.9918165220597,1.21014570310789,41.70101939202431,-87.99183156743683,9.020765958735064,357.88030179013424,0.9061836073525982,21.97528864103097,22.40964840059138,163,163
1744316431.5645852,41.7010285640333,-87.9918163048656,1.20998391300192,41.70102749142484,-87.99183150902418,9.03928718341527,359.4482126952457,1.0374922863321372,22.822489354288717,23.2147430756763,165,165
1744316431.6509228,41.7010285640333,-87.9918163048656,1.20998391300192,41.70102749142484,-87.99183150902418,9.03928718341527,359.4482126952457,0.7796585192131461,22.822489354288717,23.2147430756763,165,165
1744316431.750999,41.7010285640333,-87.9918163048656,1.20998391300192,41.70102749142484,-87.99183150902418,9.03928718341527,359.4482126952457,0.9040011308441408,22.822489354288717,23.2147430756763,165,165
1744316431.8504233,41.7010387373613,-87.9918160170485,1.21063064653896,41.7010357268197,-87.99183115001017,9.274536169606279,0.7863386549675291,0.9208964600265214,23.942056852977455,24.279369198192263,168,168
1744316431.9619832,41.7010387373613,-87.9918160170485,1.21063064653896,41.7010357268197,-87.99183115001017,9.274536169606279,0.7863386549675291,1.0332420027361549,23.942056852977455,24.279369198192263,168,168
1744316432.0506477,41.7010387373613,-87.9918160170485,1.21063064653896,41.7010357268197,-87.99183115001017,9.274536169606279,0.7863386549675291,0.8214158053733497,23.942056852977455,24.279369198192263,168,168
1744316432.1507785,41.7010447354126,-87.9918158470665,1.21063064653896,41.70104417169014,-87.99183059868197,9.515248569319155,1.7542391059996296,0.9515489042195787,24.602645925353578,24.915000959181732,170,170
1744316432.2527277,41.7010447354126,-87.9918158470665,1.21063064653896,41.70104417169014,-87.99183059868197,9.515248569319155,1.7542391059996296,0.9686973426578711,24.602645925353578,24.915000959181732,170,170
1744316432.3511121,41.7010447354126,-87.9918158470665,1.21063064653896,41.70104417169014,-87.99183059868197,9.515248569319155,1.7542391059996296,0.9347271459155784,24.602645925353578,24.915000959181732,170,170
1744316432.4508014,41.7010530563507,-87.9918156086649,1.21095390658577,41.70105283042304,-87.99182996259232,9.756365371725941,2.318662033347388,0.971906870406183,25.519600891507757,25.80870872247792,173,173
1744316432.5588052,41.7010530563507,-87.9918156086649,1.21095390658577,41.70105283042304,-87.99182996259232,9.756365371725941,2.318662033347388,1.0523294092498272,25.519600891507757,25.80870872247792,173,173
1744316432.650938,41.7010530563507,-87.9918156086649,1.21095390658577,41.70105283042304,-87.99182996259232,9.756365371725941,2.318662033347388,0.8981974526102264,25.519600891507757,25.80870872247792,173,173
1744316432.7513595,41.7010628403336,-87.9918153286055,1.21143863657343,41.701061704115034,-87.99182931596773,9.996003838541071,2.513726899957663,1.0029955376313215,26.598537031722547,26.836284043054427,177,177
1744316432.855499,41.7010628403336,-87.9918153286055,1.21143863657343,41.701061704115034,-87.99182931596773,9.996003838541071,2.513726899957663,1.039537649709118,26.598537031722547,26.836284043054427,177,177
1744316432.9514399,41.7010628403336,-87.9918153286055,1.21143863657343,41.701061704115034,-87.99182931596773,9.996003838541071,2.513726899957663,0.9583647326433287,26.598537031722547,26.836284043054427,177,177
1744316433.0521958,41.7010707993465,-87.9918151009224,1.21208451633682,41.70107079386278,-87.99182871667001,10.233773049325059,2.4192939851535367,1.0297640437892777,27.476762115512255,27.66984744129595,181,181
1744316433.1581078,41.7010707993465,-87.9918151009224,1.21208451633682,41.70107079386278,-87.99182871667001,10.233773049325059,2.4192939851535367,1.083254445667719,27.476762115512255,27.66984744129595,181,181
1744316433.2525935,41.7010707993465,-87.9918151009224,1.21208451633682,41.70107079386278,-87.99182871667001,10.233773049325059,2.4192939851535367,0.9658307773375697,27.476762115512255,27.66984744129595,181,181
1744316433.352083,41.7010807412566,-87.9918150456312,0.84325526165148,41.70108009966617,-87.9918282028223,10.469747547294583,2.137715594638353,1.040798201162758,28.57624996154533,28.73984978216746,187,187
1744316433.452207,41.7010807412566,-87.9918150456312,0.84325526165148,41.70108009966617,-87.9918282028223,10.469747547294583,2.137715594638353,1.0476327483926422,28.57624996154533,28.73984978216746,187,187
1744316433.552506,41.7010807412566,-87.9918150456312,0.84325526165148,41.70108009966617,-87.9918282028223,10.469747547294583,2.137715594638353,1.048726076254837,28.57624996154533,28.73984978216746,187,187
1744316433.652713,41.7010895699786,-87.9918153345959,0.0279764548403722,41.70108962152514,-87.9918277883794,10.704318036540906,1.7712253595786283,1.071040736693641,29.555674152931854,29.666033376565167,194,194
1744316433.7527907,41.7010895699786,-87.9918153345959,0.0279764548403722,41.70108962152514,-87.9918277883794,10.704318036540906,1.7712253595786283,1.0701245298151891,29.555674152931854,29.666033376565167,194,194
1744316433.85292,41.7010895699786,-87.9918153345959,0.0279764548403722,41.70108962152514,-87.9918277883794,10.704318036540906,1.7712253595786283,1.0706732330989417,29.555674152931854,29.666033376565167,194,194
1744316433.95328,41.7010997849729,-87.9918158782352,359.287020230833,41.7010993539559,-87.99182746298995,10.937797729292138,1.3604185093063337,1.0964934227545724,30.69071162237988,30.75963290110526,211,211
1744316434.0533235,41.7010997849729,-87.9918158782352,359.287020230833,41.7010993539559,-87.99182746298995,10.937797729292138,1.3604185093063337,1.093544030142156,30.69071162237988,30.75963290110526,211,211
1744316434.1534617,41.7010997849729,-87.9918158782352,359.287020230833,41.7010993539559,-87.99182746298995,10.937797729292138,1.3604185093063337,1.0943837334323399,30.69071162237988,30.75963290110526,211,211
1744316434.2534354,41.7011093748266,-87.9918160445219,359.249317586615,41.701109299151824,-87.99182722943117,11.169773425275121,0.8661495221408338,1.1153651129819995,31.753791630236126,31.824066572528796,227,227
1744316434.3535752,41.7011093748266,-87.9918160445219,359.249317586615,41.701109299151824,-87.99182722943117,11.169773425275121,0.8661495221408338,1.117540850574804,31.753791630236126,31.824066572528796,227,227
1744316434.4678156,41.7011202950184,-87.9918162065396,359.337973442042,41.70111945053239,-87.99182712369164,11.399612509407781,0.25717065615529033,1.2995540431435897,32.96441012371911,33.151303746890356,244,244
1744316434.553827,41.7011202950184,-87.9918162065396,359.337973442042,41.70111945053239,-87.99182712369164,11.399612509407781,0.25717065615529033,0.9798526052246577,32.96441012371911,33.151303746890356,244,244
1744316434.6539752,41.7011202950184,-87.9918162065396,359.337973442042,41.70111945053239,-87.99182712369164,11.399612509407781,0.25717065615529033,1.1407945527699694,32.96441012371911,33.151303746890356,244,244
1744316434.75434,41.7011316374513,-87.9918163766363,359.342699932947,41.70112980919424,-87.99182718019928,11.627621986846583,359.61642659412473,1.1657495657074173,34.222130966716605,34.52145133472092,249,249
1744316434.8552651,41.7011316374513,-87.9918163766363,359.342699932947,41.70112980919424,-87.99182718019928,11.627621986846583,359.61642659412473,1.1726801684885024,34.222130966716605,34.52145133472092,249,249
1744316434.9546003,41.7011316374513,-87.9918163766363,359.342699932947,41.70112980919424,-87.99182718019928,11.627621986846583,359.61642659412473,1.1541615978574429,34.222130966716605,34.52145133472092,249,249
1744316435.0552464,41.7011417833446,-87.9918165251811,359.343000461271,41.70114037404056,-87.9918273932161,11.855134733471967,359.077415385584,1.1915157955727678,35.34736337549137,35.59978569644332,253,253
1744316435.1594214,41.7011417833446,-87.9918165251811,359.343000461271,41.70114037404056,-87.9918273932161,11.855134733471967,359.077415385584,1.2334523442922987,35.34736337549137,35.59978569644332,253,253
1744316435.2555358,41.7011417833446,-87.9918165251811,359.343000461271,41.70114037404056,-87.9918273932161,11.855134733471967,359.077415385584,1.1382026472309335,35.34736337549137,35.59978569644332,253,253
1744316435.3563075,41.7011527101114,-87.9918166857299,359.344202574565,41.70115113958758,-87.99182772418285,12.082129782530508,358.7232837374972,1.2156466654909808,36.559409923855966,36.78157532938714,258,258
1744316435.4654257,41.7011527101114,-87.9918166857299,359.344202574565,41.70115113958758,-87.99182772418285,12.082129782530508,358.7232837374972,1.3174645020839704,36.559409923855966,36.78157532938714,258,258
1744316435.5555727,41.7011527101114,-87.9918166857299,359.344202574565,41.70115113958758,-87.99182772418285,12.082129782530508,358.7232837374972,1.0884363027403718,36.559409923855966,36.78157532938714,258,258
1744316435.656437,41.7011632310846,-87.9918175942359,358.099277654925,41.70116210583518,-87.99182810082395,12.308122417127954,358.5760521797484,1.239567571332142,37.73157332277715,37.89169543364565,264,264
1744316435.7597592,41.7011632310846,-87.9918175942359,358.099277654925,41.70116210583518,-87.99182810082395,12.308122417127954,358.5760521797484,1.2708139682307877,37.73157332277715,37.89169543364565,264,264
1744316435.8565507,41.7011632310846,-87.9918175942359,358.099277654925,41.70116210583518,-87.99182810082395,12.308122417127954,358.5760521797484,1.1893673354432297,37.73157332277715,37.89169543364565,264,264
1744316435.9567096,41.7011736818651,-87.9918180424411,358.100397805949,41.70117327607343,-87.99182848485556,12.532806372708864,358.6156399561778,1.2532137048638055,38.89295020749054,38.98497936479695,273,273
1744316436.071539,41.7011736818651,-87.9918180424411,358.100397805949,41.70117327607343,-87.99182848485556,12.532806372708864,358.6156399561778,1.4376154744253304,38.89295020749054,38.98497936479695,273,273
1744316436.1565216,41.7011736818651,-87.9918180424411,358.100397805949,41.70117327607343,-87.99182848485556,12.532806372708864,358.6156399561778,1.0642850336626632,38.89295020749054,38.98497936479695,273,273
1744316436.2572267,41.7011857492297,-87.9918191081678,357.165099021764,41.70118451869416,-87.99182882775733,12.495589786033477,358.62599452295956,1.2558766293268677,40.237591767332674,40.36380214486666,287,287
1744316436.441509,41.7011857492297,-87.9918191081678,357.165099021764,41.70118451869416,-87.99182882775733,12.495589786033477,358.62599452295956,2.301950411863938,40.237591767332674,40.36380214486666,287,287
1744316436.4574676,41.7011857492297,-87.9918191081678,357.165099021764,41.70118451869416,-87.99182882775733,12.495589786033477,358.62599452295956,0.1980887080343132,40.237591767332674,40.36380214486666,287,287
1744316436.5570574,41.7011962833583,-87.991819872421,357.049067768144,41.701195728410966,-87.99182917724629,12.461103919677779,358.53419678051455,1.2396206298041044,41.410325403763274,41.469584287722505,301,301
1744316436.6574273,41.7011962833583,-87.991819872421,357.049067768144,41.701195728410966,-87.99182917724629,12.461103919677779,358.53419678051455,1.2498318148235814,41.410325403763274,41.469584287722505,301,301
1744316436.7578113,41.7011962833583,-87.991819872421,357.049067768144,41.701195728410966,-87.99182917724629,12.461103919677779,358.53419678051455,1.2501199978165665,41.410325403763274,41.469584287722505,301,301
1744316436.857831,41.7012088036696,-87.9918206456485,357.313450730537,41.7012069019336,-87.99182957454411,12.426507309656262,358.26156294960435,1.2411978178757177,42.80334092970735,43.074248810182645,323,323
1744316436.958139,41.7012088036696,-87.9918206456485,357.313450730537,41.7012069019336,-87.99182957454411,12.426507309656262,358.26156294960435,1.245227103769428,42.80334092970735,43.074248810182645,323,323
1744316437.0578408,41.7012088036696,-87.9918206456485,357.313450730537,41.7012069019336,-87.99182957454411,12.426507309656262,358.26156294960435,1.238273622892562,42.80334092970735,43.074248810182645,323,323
1744316437.1584957,41.70122041698,-87.991821372008,357.313805900373,41.70121803926207,-87.99183007544694,12.390847372671242,357.8343755981551,1.2454941874309053,44.09553771421557,44.45663703389174,327,327
1744316437.258619,41.70122041698,-87.991821372008,357.313805900373,41.70121803926207,-87.99183007544694,12.390847372671242,357.8343755981551,1.239358296948709,44.09553771421557,44.45663703389174,327,327
1744316437.3586144,41.70122041698,-87.991821372008,357.313805900373,41.70121803926207,-87.99183007544694,12.390847372671242,357.8343755981551,1.2378427881295626,44.09553771421557,44.45663703389174,327,327
1744316437.4588258,41.7012297880174,-87.9918219593478,357.314024466427,41.70122913491278,-87.9918307156909,12.354920571388636,357.39352786836577,1.2365984405022568,45.138270625197094,45.45456728810195,330,330
1744316437.5590143,41.7012297880174,-87.9918219593478,357.314024466427,41.70122913491278,-87.9918307156909,12.354920571388636,357.39352786836577,1.2364835604405626,45.138270625197094,45.45456728810195,330,330
1744316437.6591313,41.7012297880174,-87.9918219593478,357.314024466427,41.70122913491278,-87.9918307156909,12.354920571388636,357.39352786836577,1.2357766062147522,45.138270625197094,45.45456728810195,330,330
1744316437.7591777,41.7012423291601,-87.9918254149208,353.009256760891,41.701240322138744,-87.99183147418316,12.569488044784624,357.0407076165996,1.255730905169924,46.55068425850823,46.7905220273392,335,335
1744316437.859342,41.7012423291601,-87.9918254149208,353.009256760891,41.701240322138744,-87.99183147418316,12.569488044784624,357.0407076165996,1.2582422231338886,46.55068425850823,46.7905220273392,335,335
1744316437.968981,41.7012519858932,-87.9918269985118,353.007672157004,41.70125168977535,-87.99183231413181,12.760514234764539,356.82380812931666,1.3978260967164542,47.6315024545158,47.81464582702431,340,340
1744316438.0596924,41.7012519858932,-87.9918269985118,353.007672157004,41.70125168977535,-87.99183231413181,12.760514234764539,356.82380812931666,1.1567081912994819,47.6315024545158,47.81464582702431,340,340
1744316438.1593637,41.7012519858932,-87.9918269985118,353.007672157004,41.70125168977535,-87.99183231413181,12.760514234764539,356.82380812931666,1.2710820593218612,47.6315024545158,47.81464582702431,340,340
1744316438.2657793,41.701264439293,-87.991829042266,353.00769947776,41.701263226306736,-87.9918331967481,12.940046027797885,356.3090850734645,1.3756949863932912,49.02540847158005,49.191630048211664,349,349
1744316438.35975,41.701264439293,-87.991829042266,353.00769947776,41.701263226306736,-87.9918331967481,12.940046027797885,356.3090850734645,1.2152457262138467,49.02540847158005,49.191630048211664,349,349
1744316438.4600224,41.701264439293,-87.991829042266,353.00769947776,41.701263226306736,-87.9918331967481,12.940046027797885,356.3090850734645,1.2966596806214334,49.02540847158005,49.191630048211664,349,349
1744316438.5643084,41.701276336647,-87.9918309971274,353.007590194734,41.701274908701464,-87.99183427493774,13.107525186839496,355.3327231919895,1.3656995068731996,50.35715491681536,50.67807009754235,355,355
1744316438.660077,41.701276336647,-87.9918309971274,353.007590194734,41.701274908701464,-87.99183427493774,13.107525186839496,355.3327231919895,1.2544873727922992,50.35715491681536,50.67807009754235,355,355
1744316438.7602699,41.701276336647,-87.9918309971274,353.007590194734,41.701274908701464,-87.99183427493774,13.107525186839496,355.3327231919895,1.312407559744147,50.35715491681536,50.67807009754235,355,355
1744316438.8671327,41.7012889424879,-87.9918330686305,353.00753555322,41.701286721056846,-87.99183572008276,13.269310286713347,354.1166489914038,1.4168754993242565,51.7682700844955,52.12062766784889,359,359
1744316438.960922,41.7012889424879,-87.9918330686305,353.00753555322,41.701286721056846,-87.99183572008276,13.269310286713347,354.1166489914038,1.2436593288182252,51.7682700844955,52.12062766784889,359,359
1744316439.06095,41.7012889424879,-87.9918330686305,353.00753555322,41.701286721056846,-87.99183572008276,13.269310286713347,354.1166489914038,1.3262938695403457,51.7682700844955,52.12062766784889,359,359
1744316439.1651661,41.7013006753276,-87.9918349962708,353.007562873977,41.701298651308775,-87.99183754356731,13.431354083840432,352.94073630313767,1.3984247691623644,53.08171019788299,53.37035962688824,363,363
1744316439.2722907,41.7013006753276,-87.9918349962708,353.007562873977,41.701298651308775,-87.99183754356731,13.431354083840432,352.94073630313767,1.4378993284197528,53.08171019788299,53.37035962688824,363,363
1744316439.3611722,41.7013006753276,-87.9918349962708,353.007562873977,41.701298651308775,-87.99183754356731,13.431354083840432,352.94073630313767,1.1928765409143522,53.08171019788299,53.37035962688824,363,363
1744316439.4620466,41.7013123017823,-87.9918369066055,353.007590194734,41.7013106983604,-87.9918396851426,13.594838609667292,352.02448008635884,1.369339242521465,54.3832885555848,54.60447890477985,368,368
1744316439.5674236,41.7013123017823,-87.9918369066055,353.007590194734,41.7013106983604,-87.9918396851426,13.594838609667292,352.02448008635884,1.4314774783255295,54.3832885555848,54.60447890477985,368,368
1744316439.6681957,41.7013123017823,-87.9918369066055,353.007590194734,41.7013106983604,-87.9918396851426,13.594838609667292,352.02448008635884,1.3691544905815123,54.3832885555848,54.60447890477985,368,368
1744316439.7618816,41.7013241075504,-87.9918388460661,353.007590194734,41.70132286550188,-87.9918420541485,13.759554965913015,351.49691627486703,1.2878226507171733,55.70498251076211,55.85509193654464,375,375
1744316439.8731968,41.7013241075504,-87.9918388460661,353.007590194734,41.70132286550188,-87.9918420541485,13.759554965913015,351.49691627486703,1.5307428791200008,55.70498251076211,55.85509193654464,375,375
1744316439.962038,41.7013241075504,-87.9918388460661,353.007590194734,41.70132286550188,-87.9918420541485,13.759554965913015,351.49691627486703,1.2215361899262438,55.70498251076211,55.85509193654464,375,375
1744316440.0626216,41.7013359368961,-87.9918407903926,353.00696181733,41.70133516973249,-87.99184454186178,13.924197106574505,351.38634917258287,1.3990977947685652,57.02936445103322,57.08923353580364,387,387
1744316440.1764185,41.7013359368961,-87.9918407903926,353.00696181733,41.70133516973249,-87.99184454186178,13.924197106574505,351.38634917258287,1.5837144857126921,57.02936445103322,57.08923353580364,387,387
1744316440.2625732,41.7013359368961,-87.9918407903926,353.00696181733,41.70133516973249,-87.99184454186178,13.924197106574505,351.38634917258287,1.198811707819039,57.02936445103322,57.08923353580364,387,387
1744316440.3627572,41.7013499865718,-87.9918430905886,353.028381290567,41.70134762421287,-87.99184704192318,14.087461187714721,351.6314163600029,1.4097859761551326,58.602312632718906,58.91008541236865,401,401
1744316440.46516,41.7013499865718,-87.9918430905886,353.028381290567,41.70134762421287,-87.99184704192318,14.087461187714721,351.6314163600029,1.4411731442762783,58.602312632718906,58.91008541236865,401,401
1744316440.6095908,41.7013612708374,-87.9918449395498,353.028326649054,41.701360234975084,-87.99184946957126,14.249117572636477,352.1124256021119,2.056103273129204,59.86570270581589,60.1617520974746,405,405
1744316440.6636019,41.7013612708374,-87.9918449395498,353.028326649054,41.701360234975084,-87.99184946957126,14.249117572636477,352.1124256021119,0.7687239232304184,59.86570270581589,60.1617520974746,405,405
1744316440.7651448,41.7013612708374,-87.9918449395498,353.028326649054,41.701360234975084,-87.99184946957126,14.249117572636477,352.1124256021119,1.4316335647504723,59.86570270581589,60.1617520974746,405,405
1744316440.8640301,41.7013612708374,-87.9918449395498,353.028326649054,41.701360234975084,-87.99184946957126,14.249117572636477,352.1124256021119,1.4081551398331342,59.86570270581589,60.1617520974746,405,405
1744316440.964074,41.7013752662195,-87.9918469669622,353.49758796579,41.70137300421234,-87.99185177495444,14.409665205095573,352.69168028524234,1.4404223322560383,61.430709653928794,61.645603418956,411,411
1744316441.064126,41.7013752662195,-87.9918469669622,353.49758796579,41.70137300421234,-87.99185177495444,14.409665205095573,352.69168028524234,1.4408414671482688,61.430709653928794,61.645603418956,411,411
1744316441.164476,41.7013752662195,-87.9918469669622,353.49758796579,41.70137300421234,-87.99185177495444,14.409665205095573,352.69168028524234,1.4451221399000649,61.430709653928794,61.645603418956,411,411
1744316441.2643964,41.7013867451503,-87.9918480300495,354.601865630041,41.701385933021385,-87.99185394083581,14.569719344006879,353.2343797959349,1.454598013435566,62.70991208042027,62.85426151845424,418,418
1744316441.364442,41.7013867451503,-87.9918480300495,354.601865630041,41.701385933021385,-87.99185394083581,14.569719344006879,353.2343797959349,1.456720439115533,62.70991208042027,62.85426151845424,418,418
1744316441.4650114,41.7013867451503,-87.9918480300495,354.601865630041,41.701385933021385,-87.99185394083581,14.569719344006879,353.2343797959349,1.4635879277723165,62.70991208042027,62.85426151845424,418,418
1744316441.5652208,41.7013997452441,-87.9918480627789,356.968498856694,41.701399013724966,-87.99185598484247,14.72962997058839,353.6955541686941,1.4729861750539976,64.15017039354059,64.1823547290565,433,433
1744316441.665035,41.7013997452441,-87.9918480627789,356.968498856694,41.701399013724966,-87.99185598484247,14.72962997058839,353.6955541686941,1.4692987667333042,64.15017039354059,64.1823547290565,433,433
1744316441.765314,41.7013997452441,-87.9918480627789,356.968498856694,41.701399013724966,-87.99185598484247,14.72962997058839,353.6955541686941,1.4761573462097939,64.15017039354059,64.1823547290565,433,433
1744316441.8657289,41.7014145445208,-87.9918474739473,359.043674251084,41.701412235904115,-87.99185790887941,14.887546457227126,354.17858514679745,1.4906592900758515,65.78567922519876,65.97307245866153,450,450
1744316441.971104,41.7014145445208,-87.9918474739473,359.043674251084,41.701412235904115,-87.99185790887941,14.887546457227126,354.17858514679745,1.567153867888929,65.78567922519876,65.97307245866153,450,450
1744316442.0660586,41.7014145445208,-87.9918474739473,359.043674251084,41.701412235904115,-87.99185790887941,14.887546457227126,354.17858514679745,1.412042130594535,65.78567922519876,65.97307245866153,450,450
1744316442.1657608,41.701426694095,-87.9918444054126,5.00080837818946,41.70142548549873,-87.99185966596404,14.877355012839512,354.94864799458134,1.4807038534640857,67.11166563989102,67.20582714026797,459,459
1744316442.28012,41.701426694095,-87.9918444054126,5.00080837818946,41.70142548549873,-87.99185966596404,14.877355012839512,354.94864799458134,1.6998824158556958,67.11166563989102,67.20582714026797,459,459
1744316442.3666558,41.701426694095,-87.9918444054126,5.00080837818946,41.70142548549873,-87.99185966596404,14.877355012839512,354.94864799458134,1.2856593365559124,67.11166563989102,67.20582714026797,459,459
1744316442.4666657,41.7014400681655,-87.991838818455,10.7864020769188,41.70143875592851,-87.99186117202346,14.82880611024032,356.22411752018957,1.4798245569083333,68.56049832369395,68.61138887310251,482,482
1744316442.566803,41.7014400681655,-87.991838818455,10.7864020769188,41.70143875592851,-87.99186117202346,14.82880611024032,356.22411752018957,1.4831231437777768,68.56049832369395,68.61138887310251,482,482
1744316442.6665914,41.7014400681655,-87.991838818455,10.7864020769188,41.70143875592851,-87.99186117202346,14.82880611024032,356.22411752018957,1.4781063219474013,68.56049832369395,68.61138887310251,482,482
1744316442.7669435,41.7014538392492,-87.991833566343,12.8936520396511,41.701452072418164,-87.99186223013017,14.770744735222337,358.489500022586,1.4781577238256343,70.0597881121105,70.31062385126114,510,510
1744316442.8782353,41.7014538392492,-87.991833566343,12.8936520396511,41.701452072418164,-87.99186223013017,14.770744735222337,358.489500022586,1.6408741746339086,70.0597881121105,70.31062385126114,510,510
1744316442.9670641,41.7014538392492,-87.991833566343,12.8936520396511,41.701452072418164,-87.99186223013017,14.770744735222337,358.489500022586,1.3104617023768903,70.0597881121105,70.31062385126114,510,510
1744316443.0671668,41.7014667318499,-87.9918294574434,13.3844591881245,41.70146526168449,-87.9918626399368,14.672246422317784,2.0905956136583157,1.4667370020532717,71.47079703691706,71.73420631857354,515,515
1744316443.169252,41.7014667318499,-87.9918294574434,13.3844591881245,41.70146526168449,-87.9918626399368,14.672246422317784,2.0905956136583157,1.4959324463130736,71.47079703691706,71.73420631857354,515,515
1744316443.267443,41.7014667318499,-87.9918294574434,13.3844591881245,41.70146526168449,-87.9918626399368,14.672246422317784,2.0905956136583157,1.439017771246338,71.47079703691706,71.73420631857354,515,515
1744316443.3676333,41.7014758023476,-87.9918260239501,14.0704227704317,41.7014782568271,-87.99186168238248,14.513149773485582,6.72368304207698,1.4521405821535398,72.46267393180976,72.68049096831012,519,519
1744316443.4770918,41.7014758023476,-87.9918260239501,14.0704227704317,41.7014782568271,-87.99186168238248,14.513149773485582,6.72368304207698,1.5874518809750258,72.46267393180976,72.68049096831012,519,519
1744316443.567916,41.7014758023476,-87.9918260239501,14.0704227704317,41.7014782568271,-87.99186168238248,14.513149773485582,6.72368304207698,1.3170887986731001,72.46267393180976,72.68049096831012,519,519
1744316443.66812,41.7014861647907,-87.9918225409037,14.0699873458721,41.701491082522466,-87.99185932184582,14.474053248421644,11.626203717449489,1.44905346666294,73.59942271570718,73.7527580571504,525,525
1744316443.7774816,41.7014861647907,-87.9918225409037,14.0699873458721,41.701491082522466,-87.99185932184582,14.474053248421644,11.626203717449489,1.5808599508432628,73.59942271570718,73.7527580571504,525,525
1744316443.8683367,41.7014861647907,-87.9918225409037,14.0699873458721,41.701491082522466,-87.99185932184582,14.474053248421644,11.626203717449489,1.3139168801856147,73.59942271570718,73.7527580571504,525,525
1744316443.9772224,41.701496066606,-87.991819198805,14.0747206669669,41.701503818831895,-87.99185547508021,14.503703509348105,16.07017665468543,1.5777668494265744,74.68708257968923,74.76899830536678,534,534
1744316444.0686016,41.701496066606,-87.991819198805,14.0747206669669,41.701503818831895,-87.99185547508021,14.503703509348105,16.07017665468543,1.324309313653133,74.68708257968923,74.76899830536678,534,534
1744316444.1687117,41.701496066606,-87.991819198805,14.0747206669669,41.701503818831895,-87.99185547508021,14.503703509348105,16.07017665468543,1.4510052309922208,74.68708257968923,74.76899830536678,534,534
1744316444.269372,41.7015077050893,-87.9918153175885,13.8376405320076,41.70151645478819,-87.99185046834724,14.578060926204552,19.40001340337712,1.4634839644030078,75.96743914557341,76.08541491271298,555,555
1744316444.369173,41.7015077050893,-87.9918153175885,13.8376405320076,41.70151645478819,-87.99185046834724,14.578060926204552,19.40001340337712,1.4533593068965338,75.96743914557341,76.08541491271298,555,555
1744316444.4691365,41.7015077050893,-87.9918153175885,13.8376405320076,41.70151645478819,-87.99185046834724,14.578060926204552,19.40001340337712,1.4564526626056866,75.96743914557341,76.08541491271298,555,555
1744316444.5693405,41.7015194938223,-87.9918115116315,13.6421220981477,41.70152897668231,-87.99184463835168,14.69054454242148,21.11136169615342,1.4700547678868707,77.26649997745267,77.28632511369095,576,576
1744316444.669569,41.7015194938223,-87.9918115116315,13.6421220981477,41.70152897668231,-87.99184463835168,14.69054454242148,21.11136169615342,1.471368204920383,77.26649997745267,77.28632511369095,576,576
1744316444.770103,41.7015194938223,-87.9918115116315,13.6421220981477,41.70152897668231,-87.99184463835168,14.69054454242148,21.11136169615342,1.475938965797005,77.26649997745267,77.28632511369095,576,576
1744316444.8852007,41.7015336937096,-87.9918067068754,14.0138414833473,41.70154144318917,-87.99183844424677,14.81989344970131,21.03402687927595,1.702768552735521,78.83296655110945,79.04126695824142,613,613
1744316444.9699597,41.7015336937096,-87.9918067068754,14.0138414833473,41.70154144318917,-87.99183844424677,14.81989344970131,21.03402687927595,1.2551900360247594,78.83296655110945,79.04126695824142,613,613
1744316445.0700452,41.7015336937096,-87.9918067068754,14.0138414833473,41.70154144318917,-87.99183844424677,14.81989344970131,21.03402687927595,1.4821963985733395,78.83296655110945,79.04126695824142,613,613
1744316445.1702435,41.7015336937096,-87.9918067068754,14.0138414833473,41.70154144318917,-87.99183844424677,14.81989344970131,21.03402687927595,1.483984267570329,78.83296655110945,79.04126695824142,613,613
1744316445.270572,41.7015465813591,-87.9918039564085,11.5228527100234,41.70155400894751,-87.99183229891469,14.94174382554415,19.481494145080788,1.4975536650749264,80.25983316949717,80.43009028143994,620,620
1744316445.370687,41.7015465813591,-87.9918039564085,11.5228527100234,41.70155400894751,-87.99183229891469,14.94174382554415,19.481494145080788,1.494938871305102,80.25983316949717,80.43009028143994,620,620
1744316445.4711025,41.7015465813591,-87.9918039564085,11.5228527100234,41.70155400894751,-87.99183229891469,14.94174382554415,19.481494145080788,1.498408638514651,80.25983316949717,80.43009028143994,620,620
1744316445.5709176,41.7015617419737,-87.9918022026519,7.92721573468612,41.70156678417831,-87.99182656501883,15.048753690577707,17.09037981289543,1.500442874343668,81.94195500115124,82.0034943536344,635,635
1744316445.6708236,41.7015617419737,-87.9918022026519,7.92721573468612,41.70156678417831,-87.99182656501883,15.048753690577707,17.09037981289543,1.5025633247047128,81.94195500115124,82.0034943536344,635,635
1744316445.7725344,41.7015617419737,-87.9918022026519,7.92721573468612,41.70156678417831,-87.99182656501883,15.048753690577707,17.09037981289543,1.529662752076914,81.94195500115124,82.0034943536344,635,635
1744316445.8720737,41.701577605587,-87.9918011567097,5.67550769789484,41.701579804525124,-87.99182144237864,15.151749772798858,14.207738601052922,1.502504639804797,83.70376978597706,83.97255620375982,678,678
1744316445.9714773,41.701577605587,-87.9918011567097,5.67550769789484,41.701579804525124,-87.99182144237864,15.151749772798858,14.207738601052922,1.5051634093724726,83.70376978597706,83.97255620375982,678,678
1744316446.0863938,41.7015908710501,-87.9918011974035,3.00602388344373,41.70159306943941,-87.99181709294291,15.21323580864008,11.199164922614658,1.7466640940430858,85.17860863249452,85.38307780972792,684,684
1744316446.1716113,41.7015908710501,-87.9918011974035,3.00602388344373,41.70159306943941,-87.99181709294291,15.21323580864008,11.199164922614658,1.2955376575865443,85.17860863249452,85.38307780972792,684,684
1744316446.2717288,41.7015908710501,-87.9918011974035,3.00602388344373,41.70159306943941,-87.99181709294291,15.21323580864008,11.199164922614658,1.5221708756439998,85.17860863249452,85.38307780972792,684,684
1744316446.3835683,41.7016051614017,-87.9918009715565,1.78487346492249,41.70160648405417,-87.99181360546673,15.168784799139534,8.33408924977013,1.6937284836210769,86.76697769536504,86.87886058286044,694,694
1744316446.4720736,41.7016051614017,-87.9918009715565,1.78487346492249,41.70160648405417,-87.99181360546673,15.168784799139534,8.33408924977013,1.3416710996446564,86.76697769536504,86.87886058286044,694,694
1744316446.6025205,41.7016051614017,-87.9918009715565,1.78487346492249,41.70160648405417,-87.99181360546673,15.168784799139534,8.33408924977013,1.518399588275798,86.76697769536504,86.87886058286044,694,694
1744316446.6778107,41.7016211467409,-87.9918056461981,354.811798324371,41.70161992992283,-87.99181097099886,15.06204271022145,5.671535089118828,1.1295318250728474,88.5521643888037,88.80597909897617,720,720
1744316446.772602,41.7016211467409,-87.9918056461981,354.811798324371,41.70161992992283,-87.99181097099886,15.06204271022145,5.671535089118828,1.4262691891816528,88.5521643888037,88.80597909897617,720,720
1744316446.8726768,41.7016211467409,-87.9918056461981,354.811798324371,41.70161992992283,-87.99181097099886,15.06204271022145,5.671535089118828,1.5057575418119704,88.5521643888037,88.80597909897617,720,720
1744316446.9799602,41.7016352506423,-87.9918064396462,356.142838269066,41.70163334398359,-87.99180917092526,14.941545823169967,3.2919394440818754,1.6005888153831604,90.12154848350026,90.45261531711736,725,725
1744316447.0730295,41.7016352506423,-87.9918064396462,356.142838269066,41.70163334398359,-87.99180917092526,14.941545823169967,3.2919394440818754,1.3891174998321565,90.12154848350026,90.45261531711736,725,725
1744316447.1732583,41.7016352506423,-87.9918064396462,356.142838269066,41.70163334398359,-87.99180917092526,14.941545823169967,3.2919394440818754,1.4959485778110164,90.12154848350026,90.45261531711736,725,725
1744316447.2869337,41.7016487272132,-87.9918064056773,357.99504896819,41.70164667523878,-87.99180813319987,14.775661741038803,0.8416293564638997,1.677039354912874,91.61961774609166,91.87383514120083,730,730
1744316447.373566,41.7016487272132,-87.9918064056773,357.99504896819,41.70164667523878,-87.99180813319987,14.775661741038803,0.8416293564638997,1.2786221166949798,91.61961774609166,91.87383514120083,730,730
1744316447.4737298,41.7016487272132,-87.9918064056773,357.99504896819,41.70164667523878,-87.99180813319987,14.775661741038803,0.8416293564638997,1.4784067123413118,91.61961774609166,91.87383514120083,730,730
1744316447.574665,41.7016487272132,-87.9918064056773,357.99504896819,41.70164667523878,-87.99180813319987,14.775661741038803,0.8416293564638997,1.4893943014550957,91.61961774609166,91.87383514120083,730,730
1744316447.6740632,41.7016606842678,-87.9918066461676,358.464829379304,41.70165985952991,-87.99180791935677,14.58665892926496,358.1578260364902,1.448815569070321,92.9492941853925,93.12935882131093,736,736
1744316447.7740257,41.7016606842678,-87.9918066461676,358.464829379304,41.70165985952991,-87.99180791935677,14.58665892926496,358.1578260364902,1.4572525432530214,92.9492941853925,93.12935882131093,736,736
1744316447.8743536,41.7016606842678,-87.9918066461676,358.464829379304,41.70165985952991,-87.99180791935677,14.58665892926496,358.1578260364902,1.4626291145994579,92.9492941853925,93.12935882131093,736,736
1744316447.9745479,41.7016733240318,-87.9918071013731,358.462151945149,41.701672868890626,-87.99180861103599,14.398073730360828,355.90834421448153,1.4412443298383386,94.35526922093582,94.46500565467699,746,746
1744316448.0745335,41.7016733240318,-87.9918071013731,358.462151945149,41.701672868890626,-87.99180861103599,14.398073730360828,355.90834421448153,1.4385942327257215,94.35526922093582,94.46500565467699,746,746
1744316448.1746778,41.7016733240318,-87.9918071013731,358.462151945149,41.701672868890626,-87.99180861103599,14.398073730360828,355.90834421448153,1.440997170522136,94.35526922093582,94.46500565467699,746,746
1744316448.274844,41.7016865642505,-87.9918075941969,358.412674054802,41.70168571099808,-87.99180994311983,14.288549727282446,354.6114825363928,1.4299335199302732,95.82806601986283,96.1013979653571,755,755
1744316448.377765,41.7016865642505,-87.9918075941969,358.412674054802,41.70168571099808,-87.99180994311983,14.288549727282446,354.6114825363928,1.469185007175296,95.82806601986283,96.1013979653571,755,755
1744316448.4754858,41.7016865642505,-87.9918075941969,358.412674054802,41.70168571099808,-87.99180994311983,14.288549727282446,354.6114825363928,1.394913099093714,95.82806601986283,96.1013979653571,755,755
1744316448.5755565,41.7017019748855,-87.9918081663424,358.412674054802,41.70169845055915,-87.99181154045907,14.209789730564026,354.36412040541165,1.4200120727103374,97.54229046413784,98.0008715573553,760,760
1744316448.6827056,41.7017019748855,-87.9918081663424,358.412674054802,41.70169845055915,-87.99181154045907,14.209789730564026,354.36412040541165,1.521390930298485,97.54229046413784,98.0008715573553,760,760
1744316448.77566,41.7017019748855,-87.9918081663424,358.412674054802,41.70169845055915,-87.99181154045907,14.209789730564026,354.36412040541165,1.3200561238304849,97.54229046413784,98.0008715573553,760,760
1744316448.8759336,41.7017152216786,-87.9918086571235,358.412564771775,41.701711114992065,-87.99181311783013,14.129752435427147,354.9932627902399,1.4157767338794431,99.01581541268347,99.52789123075216,763,763
1744316448.9830499,41.7017152216786,-87.9918086571235,358.412564771775,41.701711114992065,-87.99181311783013,14.129752435427147,354.9932627902399,1.5125116966249403,99.01581541268347,99.52789123075216,763,763
1744316449.0761306,41.7017152216786,-87.9918086571235,358.412564771775,41.701711114992065,-87.99181311783013,14.129752435427147,354.9932627902399,1.3143625141862356,99.01581541268347,99.52789123075216,763,763
1744316449.1769257,41.7017242756904,-87.99180899011,358.431279490101,41.70172372074768,-87.99181445106156,14.04603033997131,356.1717436296339,1.4147654074611615,100.02294626077695,100.496835310556,765,765
1744316449.2821555,41.7017242756904,-87.99180899011,358.431279490101,41.70172372074768,-87.99181445106156,14.04603033997131,356.1717436296339,1.4771709401515352,100.02294626077695,100.496835310556,765,765
1744316449.3769088,41.7017242756904,-87.99180899011,358.431279490101,41.70172372074768,-87.99181445106156,14.04603033997131,356.1717436296339,1.3299427759873501,100.02294626077695,100.496835310556,765,765
1744316449.4820805,41.7017401112971,-87.9918095718495,358.431170207074,41.70173627330968,-87.99181541373416,13.960844406988064,357.54633286047726,1.4671803965941117,101.78443291683475,102.17042631819734,769,769
1744316449.578218,41.7017401112971,-87.9918095718495,358.431170207074,41.70173627330968,-87.99181541373416,13.960844406988064,357.54633286047726,1.341258979176403,101.78443291683475,102.17042631819734,769,769
1744316449.6774127,41.7017401112971,-87.9918095718495,358.431170207074,41.70173627330968,-87.99181541373416,13.960844406988064,357.54633286047726,1.3838474525410929,101.78443291683475,102.17042631819734,769,769
1744316449.7773848,41.701749994429,-87.9918099349949,358.431170207074,41.70174872058371,-87.99181598402065,13.759053270265097,358.8005741581451,1.3745163997683447,102.8837916181478,103.21329892736607,772,772
1744316449.877376,41.701749994429,-87.9918099349949,358.431170207074,41.70174872058371,-87.99181598402065,13.759053270265097,358.8005741581451,1.375018303099708,102.8837916181478,103.21329892736607,772,772
1744316449.9776173,41.701749994429,-87.9918099349949,358.431170207074,41.70174872058371,-87.99181598402065,13.759053270265097,358.8005741581451,1.3784200923456151,102.8837916181478,103.21329892736607,772,772
1744316450.0779269,41.701749994429,-87.9918099349949,358.431170207074,41.70174872058371,-87.99181598402065,13.759053270265097,358.8005741581451,1.37913850299639,102.8837916181478,103.21329892736607,772,772
1744316450.1779473,41.7017633399174,-87.9918104254316,358.430787716481,41.701760967703166,-87.99181621925493,13.541638050566586,359.7045906759313,1.3534393121304074,104.36828901313096,104.62014811396784,777,777
1744316450.2781034,41.7017633399174,-87.9918104254316,358.430787716481,41.701760967703166,-87.99181621925493,13.541638050566586,359.7045906759313,1.355453944866507,104.36828901313096,104.62014811396784,777,777
1744316450.3903093,41.7017735065489,-87.9918108003972,358.430651112697,41.701773036054306,-87.99181624376759,13.348858946067251,0.1506578581129083,1.481043077942891,105.499186264334,105.68992501981917,782,782
1744316450.4783819,41.7017735065489,-87.9918108003972,358.430651112697,41.701773036054306,-87.99181624376759,13.348858946067251,0.1506578581129083,1.1743916627923745,105.499186264334,105.68992501981917,782,782
1744316450.57867,41.7017735065489,-87.9918108003972,358.430651112697,41.701773036054306,-87.99181624376759,13.348858946067251,0.1506578581129083,1.3373352358668944,105.499186264334,105.68992501981917,782,782
1744316450.6786554,41.7017735065489,-87.9918108003972,358.430651112697,41.701773036054306,-87.99181624376759,13.348858946067251,0.1506578581129083,1.333983941237271,105.499186264334,105.68992501981917,782,782
1744316450.7788553,41.7017851822706,-87.9918112287719,358.430405225887,41.701784938797886,-87.99181619221756,13.16724454584236,0.178041140372334,1.3182049558850046,106.79794487896146,106.95842958075838,790,790
1744316450.8791764,41.7017851822706,-87.9918112287719,358.430405225887,41.701784938797886,-87.99181619221756,13.16724454584236,0.178041140372334,1.3201733068510393,106.79794487896146,106.95842958075838,790,790
1744316450.9789357,41.7017851822706,-87.9918112287719,358.430405225887,41.701784938797886,-87.99181619221756,13.16724454584236,0.178041140372334,1.312780218294402,106.79794487896146,106.95842958075838,790,790
1744316451.0792816,41.7017969188583,-87.9918114051575,358.808114686989,41.701796682514356,-87.99181617853822,12.990903688960241,359.8442543840797,1.30254258915753,108.10298442157841,108.28088851274674,797,797
1744316451.179367,41.7017969188583,-87.9918114051575,358.808114686989,41.701796682514356,-87.99181617853822,12.990903688960241,359.8442543840797,1.2994050518123788,108.10298442157841,108.28088851274674,797,797
1744316451.2795398,41.7017969188583,-87.9918114051575,358.808114686989,41.701796682514356,-87.99181617853822,12.990903688960241,359.8442543840797,1.3005262645655327,108.10298442157841,108.28088851274674,797,797
1744316451.3795993,41.7018084086811,-87.9918117273795,358.807950762449,41.70180826884891,-87.99181629068131,12.817111366010396,359.30677313791307,1.2813218229060785,109.38087322340301,109.50425287915063,805,805
1744316451.4799302,41.7018084086811,-87.9918117273795,358.807950762449,41.70180826884891,-87.99181629068131,12.817111366010396,359.30677313791307,1.2852241273681289,109.38087322340301,109.50425287915063,805,805
1744316451.5800285,41.7018084086811,-87.9918117273795,358.807950762449,41.70180826884891,-87.99181629068131,12.817111366010396,359.30677313791307,1.2822507975000201,109.38087322340301,109.50425287915063,805,805
1744316451.6801493,41.7018211109293,-87.9918120938759,358.769810986123,41.70181969725323,-87.9918165694554,12.6460736229533,358.7805207227419,1.2649770085170093,110.7936267455395,111.01818837501872,815,815
1744316451.7807198,41.7018211109293,-87.9918120938759,358.769810986123,41.70181969725323,-87.9918165694554,12.6460736229533,358.7805207227419,1.2705126566654845,110.7936267455395,111.01818837501872,815,815
1744316451.8807988,41.7018211109293,-87.9918120938759,358.769810986123,41.70181969725323,-87.9918165694554,12.6460736229533,358.7805207227419,1.264868466396451,110.7936267455395,111.01818837501872,815,815
1744316451.9805114,41.7018338433349,-87.9918124605788,358.769810986123,41.70183097485611,-87.99181697329452,12.478188121020446,358.39111797778116,1.2432420230554286,112.20973316965677,112.59225887921716,820,820
1744316452.0859652,41.7018338433349,-87.9918124605788,358.769810986123,41.70183097485611,-87.99181697329452,12.478188121020446,358.39111797778116,1.3151306934418237,112.20973316965677,112.59225887921716,820,820
1744316452.1808743,41.7018338433349,-87.9918124605788,358.769810986123,41.70183097485611,-87.99181697329452,12.478188121020446,358.39111797778116,1.1834974328096255,112.20973316965677,112.59225887921716,820,820
1744316452.281046,41.7018444190327,-87.9918127678592,358.769647061583,41.70184209891582,-87.99181744913383,12.312447225339518,358.17749698129984,1.2325234333787922,113.38597433107306,113.76642388794474,823,823
1744316452.3890548,41.7018444190327,-87.9918127678592,358.769647061583,41.70184209891582,-87.99181744913383,12.312447225339518,358.17749698129984,1.329160625785012,113.38597433107306,113.76642388794474,823,823
1744316452.4813712,41.7018444190327,-87.9918127678592,358.769647061583,41.70184209891582,-87.99181744913383,12.312447225339518,358.17749698129984,1.1359390802636817,113.38597433107306,113.76642388794474,823,823
1744316452.581419,41.7018542133141,-87.9918130503515,358.769647061583,41.701853074916045,-87.99181794351831,12.148725025185247,358.13386573288176,1.2146280394581157,114.47530150650917,114.80348482496954,826,826
1744316452.6889672,41.7018542133141,-87.9918130503515,358.769647061583,41.701853074916045,-87.99181794351831,12.148725025185247,358.13386573288176,1.2947794826765677,114.47530150650917,114.80348482496954,826,826
1744316452.7818084,41.7018542133141,-87.9918130503515,358.769647061583,41.701853074916045,-87.99181794351831,12.148725025185247,358.13386573288176,1.1271311185003605,114.47530150650917,114.80348482496954,826,826
1744316452.8819993,41.7018651432499,-87.9918133669044,358.7695104578,41.70186390285693,-87.99181841853135,11.98658473850526,358.2227128336053,1.2000862429715426,115.69093951907648,115.95666959719517,830,830
1744316452.9900918,41.7018651432499,-87.9918133669044,358.7695104578,41.70186390285693,-87.99181841853135,11.98658473850526,358.2227128336053,1.294891712988779,115.69093951907648,115.95666959719517,830,830
1744316453.0825527,41.7018651432499,-87.9918133669044,358.7695104578,41.70186390285693,-87.99181841853135,11.98658473850526,358.2227128336053,1.1074727243470606,115.69093951907648,115.95666959719517,830,830
1744316453.1823518,41.7018758872895,-87.991813677903,358.76901868418,41.701874590415514,-87.9918188422698,11.826365310051317,358.390872090971,1.1793589986573563,116.88590167663868,117.08936144404781,835,835
1744316453.2910092,41.7018758872895,-87.991813677903,358.76901868418,41.701874590415514,-87.9918188422698,11.826365310051317,358.390872090971,1.2843026294659006,116.88590167663868,117.08936144404781,835,835
1744316453.382667,41.7018758872895,-87.991813677903,358.76901868418,41.701874590415514,-87.9918188422698,11.826365310051317,358.390872090971,1.0833084657711138,116.88590167663868,117.08936144404781,835,835
1744316453.483574,41.7018863757911,-87.9918139812127,358.768854759639,41.701885133205025,-87.99181920796282,11.667614644299398,358.58334682178196,1.1762907166552226,118.05244212273693,118.23419018852526,841,841
1744316453.5942295,41.7018863757911,-87.9918139812127,358.768854759639,41.701885133205025,-87.99181920796282,11.667614644299398,358.58334682178196,1.2902044481549089,118.05244212273693,118.23419018852526,841,841
1744316453.6830633,41.7018863757911,-87.9918139812127,358.768854759639,41.701885133205025,-87.99181920796282,11.667614644299398,358.58334682178196,1.035727570069651,118.05244212273693,118.23419018852526,841,841
1744316453.7890642,41.7018960779414,-87.9918142622131,358.768690835099,41.70189553725751,-87.99181951535795,11.510903197964941,358.75606864551327,1.2187417514456438,119.13152472077789,119.26600638595175,848,848
1744316453.894986,41.7018960779414,-87.9918142622131,358.768690835099,41.70189553725751,-87.99181951535795,11.510903197964941,358.75606864551327,1.2185057319117651,119.13152472077789,119.26600638595175,848,848
1744316453.9836316,41.7018960779414,-87.9918142622131,358.768690835099,41.70189553725751,-87.99181951535795,11.510903197964941,358.75606864551327,1.0194150218456448,119.13152472077789,119.26600638595175,848,848
1744316454.0838802,41.7019065258609,-87.991814563503,358.781804798306,41.701905799282855,-87.99181978201342,11.355774143219465,358.88127967337795,1.1363777299015363,120.29355001922768,120.39186131498711,859,859
1744316454.1841319,41.7019065258609,-87.991814563503,358.781804798306,41.701905799282855,-87.99181978201342,11.355774143219465,358.88127967337795,1.137013975372455,120.29355001922768,120.39186131498711,859,859
1744316454.2839432,41.7019065258609,-87.991814563503,358.781804798306,41.701905799282855,-87.99181978201342,11.355774143219465,358.88127967337795,1.1327578992861387,120.29355001922768,120.39186131498711,859,859
1744316454.3862906,41.7019182629749,-87.991814892955,358.79748691264,41.701915939022115,-87.99182002236599,11.249529725074915,358.9491171122145,1.1481439914991602,121.59894334442804,121.88241915483272,867,867
1744316454.4842315,41.7019182629749,-87.991814892955,358.79748691264,41.701915939022115,-87.99182002236599,11.249529725074915,358.9491171122145,1.1011938853939671,121.59894334442804,121.88241915483272,867,867
1744316454.5843756,41.7019182629749,-87.991814892955,358.79748691264,41.701915939022115,-87.99182002236599,11.249529725074915,358.9491171122145,1.125877223096686,121.59894334442804,121.88241915483272,867,867
1744316454.6934998,41.7019268782696,-87.9918151366585,358.79715906356,41.7019260113114,-87.99182025762322,11.181392498661152,358.9652363586557,1.2190113464523045,122.55713379569535,122.95087503733473,870,870
1744316454.7847202,41.7019268782696,-87.9918151366585,358.79715906356,41.7019260113114,-87.99182025762322,11.181392498661152,358.9652363586557,1.0193683775992517,122.55713379569535,122.95087503733473,870,870
1744316454.8851202,41.7019268782696,-87.9918151366585,358.79715906356,41.7019260113114,-87.99182025762322,11.181392498661152,358.9652363586557,1.121995670952561,122.55713379569535,122.95087503733473,870,870
1744316454.9853225,41.7019268782696,-87.9918151366585,358.79715906356,41.7019260113114,-87.99182025762322,11.181392498661152,358.9652363586557,1.1197910115868133,122.55713379569535,122.95087503733473,870,870
1744316455.085597,41.7019377769365,-87.9918154442602,358.79666728994,41.70193602547289,-87.99182049675932,11.114215896653244,358.9448277534157,1.113683489300969,123.76927892376993,124.16210696048785,873,873
1744316455.18539,41.7019377769365,-87.9918154442602,358.79666728994,41.70193602547289,-87.99182049675932,11.114215896653244,358.9448277534157,1.1083467204792863,123.76927892376993,124.16210696048785,873,873
1744316455.285555,41.7019377769365,-87.9918154442602,358.79666728994,41.70193602547289,-87.99182049675932,11.114215896653244,358.9448277534157,1.112618255405082,123.76927892376993,124.16210696048785,873,873
1744316455.3857296,41.7019478980265,-87.9918157313658,358.79683121448,41.701945979313166,-87.99182074851899,11.047363293680187,358.90264450510176,1.1059178954093798,124.89494506926468,125.23465031245789,876,876
1744316455.4870822,41.7019478980265,-87.9918157313658,358.79683121448,41.701945979313166,-87.99182074851899,11.047363293680187,358.90264450510176,1.1075746164080782,124.89494506926468,125.23465031245789,876,876
1744316455.586177,41.7019478980265,-87.9918157313658,358.79683121448,41.701945979313166,-87.99182074851899,11.047363293680187,358.90264450510176,1.0939995130260562,124.89494506926468,125.23465031245789,876,876
1744316455.686349,41.7019566065385,-87.991815976194,358.79683121448,41.70195587173558,-87.99182101255793,10.98072638622555,358.8527841241606,1.09920780740409,125.8635003299387,126.1544141299576,879,879
1744316455.7862175,41.7019566065385,-87.991815976194,358.79683121448,41.70195587173558,-87.99182101255793,10.98072638622555,358.8527841241606,1.0959771840728765,125.8635003299387,126.1544141299576,879,879
1744316455.8865097,41.7019566065385,-87.991815976194,358.79683121448,41.70195587173558,-87.99182101255793,10.98072638622555,358.8527841241606,1.1005953522708187,125.8635003299387,126.1544141299576,879,879
1744316455.986744,41.7019662922274,-87.9918162498499,358.7965033654,41.701965659967954,-87.99182128621375,10.762921303700098,358.80827861152886,1.0779205649945216,126.94073919742813,127.17999805763652,883,883
1744316456.0981057,41.7019662922274,-87.9918162498499,358.7965033654,41.701965659967954,-87.99182128621375,10.762921303700098,358.80827861152886,1.1975563655996055,126.94073919742813,127.17999805763652,883,883
1744316456.1870735,41.7019662922274,-87.9918162498499,358.7965033654,41.701965659967954,-87.99182128621375,10.762921303700098,358.80827861152886,0.9568092681570168,126.94073919742813,127.17999805763652,883,883
1744316456.294979,41.70197645773,-87.9918163671571,359.170333279053,41.7019751844376,-87.99182156266968,10.471543837160867,358.77620404318645,1.128904899255804,128.07102149322256,128.2699745106945,888,888
1744316456.3871984,41.70197645773,-87.9918163671571,359.170333279053,41.7019751844376,-87.99182156266968,10.471543837160867,358.77620404318645,0.9649899301384492,128.07102149322256,128.2699745106945,888,888
1744316456.4873247,41.70197645773,-87.9918163671571,359.170333279053,41.7019751844376,-87.99182156266968,10.471543837160867,358.77620404318645,1.047767551280099,128.07102149322256,128.2699745106945,888,888
1744316456.589001,41.7019857820466,-87.99181649757,359.209702489429,41.70198446927242,-87.99182183678452,10.22565611786554,358.75825430604766,1.038682164695633,129.107818551924,129.25611901681552,894,894
1744316456.6876445,41.7019857820466,-87.99181649757,359.209702489429,41.70198446927242,-87.99182183678452,10.22565611786554,358.75825430604766,1.0080586175000772,129.107818551924,129.25611901681552,894,894
1744316456.7877848,41.7019857820466,-87.99181649757,359.209702489429,41.70198446927242,-87.99182183678452,10.22565611786554,358.75825430604766,1.0233130984174081,129.107818551924,129.25611901681552,894,894
1744316456.8886936,41.7019939438385,-87.9918166493281,359.209948376239,41.70199354189057,-87.99182210399084,10.003531571203556,358.7979786862605,1.008170324182585,130.01542263427436,130.12177013225116,901,901
1744316456.9882317,41.7019939438385,-87.9918166493281,359.209948376239,41.70199354189057,-87.99182210399084,10.003531571203556,358.7979786862605,0.9951266072362425,130.01542263427436,130.12177013225116,901,901
1744316457.0884159,41.7019939438385,-87.9918166493281,359.209948376239,41.70199354189057,-87.99182210399084,10.003531571203556,358.7979786862605,1.0015327918619283,130.01542263427436,130.12177013225116,901,901
1744316457.1932356,41.7020032928288,-87.991816817451,359.243853435279,41.70200242422652,-87.99182234555985,9.793538458081237,358.8920167307532,1.0250527787624786,131.05503496751092,131.1963214716432,912,912
1744316457.288734,41.7020032928288,-87.991816817451,359.243853435279,41.70200242422652,-87.99182234555985,9.793538458081237,358.8920167307532,0.9346500734551068,131.05503496751092,131.1963214716432,912,912
1744316457.388916,41.7020032928288,-87.991816817451,359.243853435279,41.70200242422652,-87.99182234555985,9.793538458081237,358.8920167307532,0.9804386689319661,131.05503496751092,131.1963214716432,912,912
1744316457.4890702,41.7020032928288,-87.991816817451,359.243853435279,41.70200242422652,-87.99182234555985,9.793538458081237,358.8920167307532,0.9802868964329352,131.05503496751092,131.1963214716432,912,912
1744316457.5891943,41.7020118708236,-87.9918169701272,359.242569359715,41.702011121763945,-87.9918225470089,9.590707661527205,359.006545342756,0.9595317452959976,132.00890987267238,132.28940669903338,917,917
1744316457.6894288,41.7020118708236,-87.9918169701272,359.242569359715,41.702011121763945,-87.9918225470089,9.590707661527205,359.006545342756,0.9606819065512973,132.00890987267238,132.28940669903338,917,917
1744316457.7895885,41.7020204159157,-87.991817121541,359.242323472905,41.70201963230949,-87.99182271242343,9.393040797135077,359.1181779545507,0.9401273108853605,132.9591253066883,133.35328486193904,920,920
1744316457.8897374,41.7020204159157,-87.991817121541,359.242323472905,41.70201963230949,-87.99182271242343,9.393040797135077,359.1181779545507,0.9401362687871216,132.9591253066883,133.35328486193904,920,920
1744316457.9903133,41.7020204159157,-87.991817121541,359.242323472905,41.70201963230949,-87.99182271242343,9.393040797135077,359.1181779545507,0.9440889429392441,132.9591253066883,133.35328486193904,920,920
1744316458.0905418,41.7020319183109,-87.9918173249869,359.242323472905,41.702027970120554,-87.99182285238426,9.199690933303442,359.2131722255272,0.921176766838959,134.23819346786055,134.68589224777526,923,923
1744316458.1907642,41.7020319183109,-87.9918173249869,359.242323472905,41.702027970120554,-87.99182285238426,9.199690933303442,359.2131722255272,0.9210846449948583,134.23819346786055,134.68589224777526,923,923
1744316458.2908409,41.7020319183109,-87.9918173249869,359.242323472905,41.702027970120554,-87.99182285238426,9.199690933303442,359.2131722255272,0.9201305258952444,134.23819346786055,134.68589224777526,923,923
1744316458.3911684,41.7020319183109,-87.9918173249869,359.242323472905,41.702027970120554,-87.99182285238426,9.199690933303442,359.2131722255272,0.9217909124662966,134.23819346786055,134.68589224777526,923,923
1744316458.4912536,41.702039825658,-87.9918171803898,359.884661783209,41.7020361461644,-87.99182297412128,9.010156745119124,359.27909721139616,0.9006367340131219,135.11696977572834,135.52790979567482,925,925
1744316458.5913348,41.702039825658,-87.9918171803898,359.884661783209,41.7020361461644,-87.99182297412128,9.010156745119124,359.27909721139616,0.900896664854129,135.11696977572834,135.52790979567482,925,925
1744316458.6914947,41.702039825658,-87.9918171803898,359.884661783209,41.7020361461644,-87.99182297412128,9.010156745119124,359.27909721139616,0.9015926780151727,135.11696977572834,135.52790979567482,925,925
1744316458.791653,41.7020470607153,-87.9918165531595,0.901354878444018,41.7020441533125,-87.99182308855957,8.82358499640667,359.3115815910887,0.8823324136788588,135.92014745671062,136.29351202118787,927,927
1744316458.8917294,41.7020470607153,-87.9918165531595,0.901354878444018,41.7020441533125,-87.99182308855957,8.82358499640667,359.3115815910887,0.8821430800850906,135.92014745671062,136.29351202118787,927,927
1744316458.9919364,41.7020470607153,-87.9918165531595,0.901354878444018,41.7020441533125,-87.99182308855957,8.82358499640667,359.3115815910887,0.8833548150852075,135.92014745671062,136.29351202118787,927,927
1744316459.092073,41.7020536130641,-87.9918164077591,0.903089959936613,41.702051992113155,-87.99182320359462,8.640028910022053,359.3931613705354,0.8641915818191223,136.64831057684268,136.98348721083875,929,929
1744316459.1920118,41.7020536130641,-87.9918164077591,0.903089959936613,41.702051992113155,-87.99182320359462,8.640028910022053,359.3931613705354,0.862988574864106,136.64831057684268,136.98348721083875,929,929
1744316459.2924223,41.7020536130641,-87.9918164077591,0.903089959936613,41.702051992113155,-87.99182320359462,8.640028910022053,359.3931613705354,0.8666449744277258,136.64831057684268,136.98348721083875,929,929
1744316459.392577,41.7020622179218,-87.9918154266102,2.22237514907043,41.7020596598247,-87.99182328989386,8.459349544644262,359.6336386708332,0.8461196993990541,137.60321176429073,137.890960047761,932,932
1744316459.5029845,41.7020622179218,-87.9918154266102,2.22237514907043,41.7020596598247,-87.99182328989386,8.459349544644262,359.6336386708332,0.9331615896145016,137.60321176429073,137.890960047761,932,932
1744316459.592955,41.7020622179218,-87.9918154266102,2.22237514907043,41.7020596598247,-87.99182328989386,8.459349544644262,359.6336386708332,0.7601850686717146,137.60321176429073,137.890960047761,932,932
1744316459.6930215,41.7020672688609,-87.9918151624565,2.2227273306995,41.70206716467263,-87.99182328580842,8.280813050290655,359.96044956223994,0.8277132955684794,138.1642850503188,138.42402710862106,934,934
1744316459.8030066,41.7020672688609,-87.9918151624565,2.2227273306995,41.70206716467263,-87.99182328580842,8.280813050290655,359.96044956223994,0.9098165221131903,138.1642850503188,138.42402710862106,934,934
1744316459.8934584,41.7020672688609,-87.9918151624565,2.2227273306995,41.70206716467263,-87.99182328580842,8.280813050290655,359.96044956223994,0.7480325347326696,138.1642850503188,138.42402710862106,934,934
1744316459.9935987,41.7020759351331,-87.9918147159727,2.22263939201394,41.70207451049538,-87.9918231870922,8.105382185290615,0.4449938680589123,0.8106533939618016,139.12699011262237,139.3379421672562,938,938
1744316460.099933,41.7020759351331,-87.9918147159727,2.22263939201394,41.70207451049538,-87.9918231870922,8.105382185290615,0.4449938680589123,0.8609711442585366,139.12699011262237,139.3379421672562,938,938
1744316460.1936746,41.7020759351331,-87.9918147159727,2.22263939201394,41.70207451049538,-87.9918231870922,8.105382185290615,0.4449938680589123,0.7589597223880378,139.12699011262237,139.3379421672562,938,938
1744316460.2941053,41.7020829629064,-87.991814350578,2.2227273306995,41.70208169893823,-87.99182296195676,7.9315365963627045,0.992092340742051,0.7955355955895963,139.90769153489094,140.07837101330637,942,942
1744316460.3998907,41.7020829629064,-87.991814350578,2.2227273306995,41.70208169893823,-87.99182296195676,7.9315365963627045,0.992092340742051,0.838178224795295,139.90769153489094,140.07837101330637,942,942
1744316460.494266,41.7020829629064,-87.991814350578,2.2227273306995,41.70208169893823,-87.99182296195676,7.9315365963627045,0.992092340742051,0.7480803060145627,139.90769153489094,140.07837101330637,942,942
1744316460.5946789,41.7020886356833,-87.9918142641181,1.88419071203512,41.70208874316174,-87.99182261531382,7.798736481844585,1.4952785667558257,0.7820706722978626,140.53821582137803,140.67578178196675,946,946
1744316460.699964,41.7020886356833,-87.9918142641181,1.88419071203512,41.70208874316174,-87.99182261531382,7.798736481844585,1.4952785667558257,0.8203159236423196,140.53821582137803,140.67578178196675,946,946
1744316460.7949157,41.7020886356833,-87.9918142641181,1.88419071203512,41.70208874316174,-87.99182261531382,7.798736481844585,1.4952785667558257,0.739718086604633,140.53821582137803,140.67578178196675,946,946
1744316460.8951175,41.7020956733258,-87.9918139560115,1.85614552841622,41.70209573200023,-87.99182219547721,7.741128088120458,1.895684853191189,0.7746343834994559,141.3201267432025,141.4290645915115,953,953
1744316460.9950945,41.7020956733258,-87.9918139560115,1.85614552841622,41.70209573200023,-87.99182219547721,7.741128088120458,1.895684853191189,0.7735085499562141,141.3201267432025,141.4290645915115,953,953
1744316461.0952914,41.7020956733258,-87.9918139560115,1.85614552841622,41.70209573200023,-87.99182219547721,7.741128088120458,1.895684853191189,0.7751733070972044,141.3201267432025,141.4290645915115,953,953
1744316461.1956668,41.7021023781135,-87.9918136676205,1.84482939906539,41.70210260239236,-87.9918217470884,7.4798945939726105,2.132582280590265,0.7496882746453256,142.06507504874338,142.17614572847583,959,959
1744316461.2953725,41.7021023781135,-87.9918136676205,1.84482939906539,41.70210260239236,-87.9918217470884,7.4798945939726105,2.132582280590265,0.7453422608309929,142.06507504874338,142.17614572847583,959,959
1744316461.3957937,41.7021023781135,-87.9918136676205,1.84482939906539,41.70210260239236,-87.9918217470884,7.4798945939726105,2.132582280590265,0.7506637648203113,142.06507504874338,142.17614572847583,959,959
1744316461.4960063,41.702109045612,-87.9918133864365,1.78925396405799,41.702109037935,-87.99182133351766,6.839832553641517,2.2244878119580758,0.6844180114902696,142.80589903812114,142.94097973446873,966,966
1744316461.6059642,41.702109045612,-87.9918133864365,1.78925396405799,41.702109037935,-87.99182133351766,6.839832553641517,2.2244878119580758,0.7513502336972585,142.80589903812114,142.94097973446873,966,966
1744316461.6961646,41.702109045612,-87.9918133864365,1.78925396405799,41.702109037935,-87.99182133351766,6.839832553641517,2.2244878119580758,0.6165627886554385,142.80589903812114,142.94097973446873,966,966
1744316461.7965465,41.702114804479,-87.9918131475299,1.79001937213186,41.702114832993686,-87.9918209922914,6.115922088442954,2.2179673291782405,0.6130993521201796,143.44577906753713,143.63819374231832,970,970
1744316461.9079468,41.702114804479,-87.9918131475299,1.79001937213186,41.702114832993686,-87.9918209922914,6.115922088442954,2.2179673291782405,0.6806787467255724,143.44577906753713,143.63819374231832,970,970
1744316462.0338173,41.702114804479,-87.9918131475299,1.79001937213186,41.702114832993686,-87.9918209922914,6.115922088442954,2.2179673291782405,0.7690178151107299,143.44577906753713,143.63819374231832,970,970
1744316462.096934,41.7021198636393,-87.9918129352705,1.79001937213186,41.70211993053914,-87.99182072258331,5.204503740907833,2.178615194275212,0.32786369346174526,144.00791534375372,144.18138310503775,973,973
1744316462.2030547,41.7021198636393,-87.9918129352705,1.79001937213186,41.70211993053914,-87.99182072258331,5.204503740907833,2.178615194275212,0.5517677006639826,144.00791534375372,144.18138310503775,973,973
1744316462.2968676,41.7021198636393,-87.9918129352705,1.79001937213186,41.70211993053914,-87.99182072258331,5.204503740907833,2.178615194275212,0.4879383567651382,144.00791534375372,144.18138310503775,973,973
1744316462.3971372,41.7021244424368,-87.9918127434613,1.79001937213186,41.70212395659081,-87.99182053068228,3.927333948341666,2.138722407210695,0.3935158083757779,144.51668237546897,144.68436368721382,976,976
1744316462.5079455,41.7021244424368,-87.9918127434613,1.79001937213186,41.70212395659081,-87.99182053068228,3.927333948341666,2.138722407210695,0.43480038887264516,144.51668237546897,144.68436368721382,976,976
1744316462.5977585,41.7021244424368,-87.9918127434613,1.79001937213186,41.70212395659081,-87.99182053068228,3.927333948341666,2.138722407210695,0.3523211174193542,144.51668237546897,144.68436368721382,976,976
1744316462.6976852,41.7021274956995,-87.9918127597801,1.47538436013769,41.70212683492696,-87.99182040479096,2.661302128949385,2.1118323793351776,0.2656160109569529,144.85615935768786,145.02695535947436,978,978
1744316462.804071,41.7021274956995,-87.9918127597801,1.47538436013769,41.70212683492696,-87.99182040479096,2.661302128949385,2.1118323793351776,0.28285357765149105,144.85615935768786,145.02695535947436,978,978
1744316462.8981383,41.7021274956995,-87.9918127597801,1.47538436013769,41.70212683492696,-87.99182040479096,2.661302128949385,2.1118323793351776,0.2500471894461538,144.85615935768786,145.02695535947436,978,978
1744316462.9984605,41.7021290322012,-87.9918127412349,1.44699190408819,41.70212858199852,-87.99182033384656,1.4171682569762154,2.100495545973426,0.1420116591243444,145.02695535947436,145.1922799537893,979,979
1744316463.0983748,41.7021290322012,-87.9918127412349,1.44699190408819,41.70212858199852,-87.99182033384656,1.4171682569762154,2.100495545973426,0.1415156523968299,145.02695535947436,145.1922799537893,979,979
1744316463.1985326,41.7021290322012,-87.9918127412349,1.44699190408819,41.70212858199852,-87.99182033384656,1.4171682569762154,2.100495545973426,0.1418579240691543,145.02695535947436,145.1922799537893,979,979
1744316463.2987392,41.7021290322012,-87.9918127412349,1.44699190408819,41.70212923399728,-87.99182030921914,0.2503264168858584,2.0995634385951307,0.02505828127710736,145.02695535947436,145.1922799537893,979,979
1744316463.3986013,41.7021290322012,-87.9918127412349,1.44699190408819,41.70212923399728,-87.99182030921914,0.2503264168858584,2.0995634385951307,0.0249846927932921,145.02695535947436,145.1922799537893,979,979
1744316463.499094,41.7021290322012,-87.9918127412349,1.44699190408819,41.70212923399728,-87.99182030921914,0.2503264168858584,2.0995634385951307,0.025128288812805082,145.02695535947436,145.1922799537893,979,979
