TimeStamp, Counter, EgoVehicleSpeed
1758135667.6129,34.0,2.87
1758135667.6155,35.0,2.67
1758135667.6176,36.0,2.48
1758135667.6191,37.0,3.15
1758135667.6224,38.0,2.58
1758135667.6623,39.0,2.84
1758135667.7646,40.0,3.07
1758135667.8643,41.0,3.99
1758135667.9644,42.0,4.47
1758135668.0632,43.0,5.27
1758135668.1644,44.0,4.8
1758135668.2644,45.0,5.61
1758135668.3638,46.0,5.05
1758135668.4649,47.0,6.42
1758135668.565,48.0,6.99
1758135668.6647,49.0,7.97
1758135668.7651,50.0,7.73
1758135668.865,51.0,9.05
1758135668.9649,52.0,11.58
1758135669.0655,53.0,12.62
1758135669.1653,54.0,10.22
1758135669.2652,55.0,12.88
1758135669.3652,56.0,15.98
1758135669.4656,57.0,13.26
1758135669.5651,58.0,14.98
1758135669.6652,59.0,12.89
1758135669.7653,60.0,12.11
1758135669.8656,61.0,9.81
1758135669.9635,62.0,9.32
1758135670.0635,63.0,11.09
1758135670.1647,64.0,14.09
1758135670.2633,65.0,10.0
1758135670.3634,66.0,12.8
1758135670.4633,67.0,12.29
1758135670.5632,68.0,9.83
1758135670.6633,69.0,11.7
1758135670.7631,70.0,14.15
1758135670.863,71.0,15.57
1758135670.963,72.0,14.48
1758135671.0649,73.0,13.47
1758135671.1647,74.0,11.58
1758135671.2647,75.0,13.32
1758135671.3645,76.0,10.0
1758135671.4644,77.0,8.7
1758135671.5646,78.0,11.14
1758135671.6644,79.0,9.8
1758135671.7645,80.0,11.86
1758135671.8644,81.0,11.03
1758135671.9633,82.0,13.89
1758135672.0645,83.0,15.98
1758135672.1645,84.0,10.0
1758135672.2646,85.0,8.1
1758135672.3634,86.0,8.67
1758135672.4645,87.0,6.93
1758135672.5646,88.0,8.32
1758135672.6647,89.0,10.57
1758135672.7646,90.0,8.66
1758135672.8647,91.0,9.79
1758135672.9636,92.0,12.34
1758135673.065,93.0,10.49
1758135673.1647,94.0,12.79
1758135673.265,95.0,15.99
1758135673.365,96.0,10.0
1758135673.465,97.0,12.8
1758135673.5651,98.0,15.87
1758135673.6652,99.0,10.0
1758135673.7651,100.0,9.5
1758135673.8651,101.0,9.12
1758135673.9653,102.0,11.49
1758135674.0652,103.0,11.38
1758135674.1653,104.0,9.44
1758135674.2652,105.0,8.4
1758135674.3646,106.0,9.24
1758135674.4645,107.0,7.58
1758135674.5653,108.0,6.37
1758135674.6652,109.0,6.56
1758135674.7654,110.0,5.25
1758135674.8654,111.0,5.46
1758135674.9635,112.0,4.64
1758135675.0651,113.0,5.29
1758135675.1654,114.0,6.13
1758135675.2653,115.0,7.24
1758135675.3636,116.0,8.03
1758135675.4635,117.0,6.51
1758135675.5647,118.0,8.46
1758135675.6635,119.0,9.14
1758135675.7635,120.0,10.41
1758135675.8633,121.0,10.0
1758135675.9632,122.0,11.1
1758135676.0649,123.0,14.32
1758135676.1649,124.0,15.46
1758135676.2649,125.0,12.52
1758135676.3649,126.0,14.15
1758135676.464,127.0,10.0
1758135676.565,128.0,11.5
1758135676.665,129.0,11.38
1758135676.7651,130.0,10.7
1758135676.8652,131.0,12.95
1758135676.9639,132.0,13.21
1758135677.0652,133.0,13.6
1758135677.1652,134.0,14.28
1758135677.2653,135.0,12.57
1758135677.3655,136.0,14.96
1758135677.4654,137.0,11.97
1758135677.5653,138.0,11.37
1758135677.6654,139.0,9.78
1758135677.7655,140.0,7.92
1758135677.8656,141.0,9.58
1758135677.9639,142.0,9.1
1758135678.0658,143.0,8.19
1758135678.1654,144.0,6.55
1758135678.2639,145.0,5.83
1758135678.366,146.0,6.77
1758135678.4654,147.0,8.32
1758135678.5653,148.0,9.07
1758135678.6655,149.0,9.98
1758135678.7655,150.0,10.88
1758135678.8658,151.0,13.71
1758135678.9657,152.0,14.39
1758135679.0658,153.0,12.23
1758135679.1658,154.0,11.25
1758135679.2663,155.0,13.84
1758135679.3657,156.0,10.0
1758135679.4657,157.0,11.3
1758135679.5659,158.0,12.32
1758135679.666,159.0,10.96
1758135679.7661,160.0,11.07
1758135679.8662,161.0,12.95
1758135679.9664,162.0,15.67
1758135680.0665,163.0,10.0
1758135680.1664,164.0,9.5
1758135680.2665,165.0,9.69
1758135680.3666,166.0,9.4
1758135680.4649,167.0,9.78
1758135680.5667,168.0,8.11
1758135680.6649,169.0,8.19
1758135680.7648,170.0,9.18
1758135680.8647,171.0,8.54
1758135680.9647,172.0,9.9
1758135681.0647,173.0,8.12
1758135681.1645,174.0,9.09
1758135681.2644,175.0,11.18
1758135681.3644,176.0,8.95
1758135681.4643,177.0,8.68
1758135681.5644,178.0,10.15
1758135681.6643,179.0,11.78
1758135681.7641,180.0,13.19
1758135681.8642,181.0,11.21
1758135681.9641,182.0,14.47
1758135682.0657,183.0,15.04
1758135682.1655,184.0,12.04
1758135682.2656,185.0,10.47
1758135682.3657,186.0,12.57
1758135682.4657,187.0,14.2
1758135682.5651,188.0,15.62
1758135682.6654,189.0,10.0
1758135682.7654,190.0,11.4
1758135682.8653,191.0,9.8
1758135682.964,192.0,9.9
1758135683.0654,193.0,11.49
1758135683.1655,194.0,13.21
1758135683.2654,195.0,13.34
1758135683.3656,196.0,12.94
1758135683.465,197.0,10.0
1758135683.5656,198.0,10.7
1758135683.6661,199.0,9.2
1758135683.7659,200.0,9.11
1758135683.8658,201.0,8.93
1758135683.9646,202.0,8.39
1758135684.066,203.0,9.06
1758135684.1659,204.0,10.88
1758135684.266,205.0,13.16
1758135684.3662,206.0,14.08
1758135684.466,207.0,10.0
1758135684.5655,208.0,10.7
1758135684.6661,209.0,10.7
1758135684.7662,210.0,12.41
1758135684.8661,211.0,12.54
1758135684.9659,212.0,15.29
1758135685.066,213.0,10.0
1758135685.1662,214.0,10.3
1758135685.266,215.0,9.89
1758135685.3663,216.0,9.1
1758135685.4664,217.0,9.55
1758135685.5663,218.0,9.74
1758135685.6664,219.0,9.16
1758135685.7665,220.0,9.8
1758135685.8667,221.0,10.98
1758135685.9658,222.0,13.94
1758135686.0655,223.0,10.0
1758135686.1648,224.0,11.8
1758135686.2648,225.0,10.15
1758135686.3647,226.0,8.52
1758135686.4645,227.0,10.23
1758135686.5644,228.0,8.69
1758135686.6643,229.0,9.39
1758135686.7643,230.0,10.33
1758135686.8643,231.0,12.91
1758135686.9642,232.0,12.91
1758135687.0658,233.0,12.14
1758135687.1658,234.0,15.17
1758135687.2657,235.0,10.0
1758135687.366,236.0,11.3
1758135687.4659,237.0,13.11
1758135687.5659,238.0,10.0
1758135687.6658,239.0,10.3
1758135687.7659,240.0,11.54
1758135687.866,241.0,15.0
1758135687.9648,242.0,12.0
1758135688.066,243.0,15.0
1758135688.1661,244.0,15.45
1758135688.2661,245.0,15.76
1758135688.3662,246.0,10.0
1758135688.4666,247.0,10.2
1758135688.5653,248.0,11.83
1758135688.6661,249.0,13.37
1758135688.7659,250.0,11.9
1758135688.8669,251.0,12.49
1758135688.9648,252.0,15.49
1758135689.0669,253.0,13.32
1758135689.1667,254.0,11.86
1758135689.2668,255.0,15.06
1758135689.3666,256.0,14.76
1758135689.4668,257.0,15.2
1758135689.5669,258.0,10.0
1758135689.6671,259.0,11.6
1758135689.7672,260.0,11.95
1758135689.8672,261.0,13.98
1758135689.9675,262.0,14.96
1758135690.0672,263.0,10.0
1758135690.1674,264.0,8.5
1758135690.2675,265.0,10.96
1758135690.3676,266.0,11.62
1758135690.4676,267.0,11.51
1758135690.5671,268.0,10.24
1758135690.6668,269.0,12.6
1758135690.7677,270.0,14.74
1758135690.8682,271.0,10.0
1758135690.9678,272.0,8.7
1758135691.0676,273.0,8.18
1758135691.168,274.0,9.81
1758135691.268,275.0,11.58
1758135691.3668,276.0,13.43
1758135691.4662,277.0,12.49
1758135691.5661,278.0,14.49
1758135691.6661,279.0,10.0
1758135691.7661,280.0,9.3
1758135691.8659,281.0,10.23
1758135691.9661,282.0,10.74
1758135692.0675,283.0,8.7
1758135692.1675,284.0,7.22
1758135692.2676,285.0,9.24
1758135692.3676,286.0,9.15
1758135692.4676,287.0,7.32
1758135692.5676,288.0,9.3
1758135692.6671,289.0,10.32
1758135692.7677,290.0,8.88
1758135692.8677,291.0,9.32
1758135692.9664,292.0,8.57
1758135693.0676,293.0,8.75
1758135693.1676,294.0,7.17
1758135693.2678,295.0,8.1
1758135693.3677,296.0,7.05
1758135693.4679,297.0,7.75
1758135693.5679,298.0,7.6
1758135693.6681,299.0,9.65
1758135693.768,300.0,9.65
1758135693.8682,301.0,11.58
1758135693.967,302.0,12.16
1758135694.0668,303.0,9.73
1758135694.1683,304.0,11.29
1758135694.2683,305.0,10.72
1758135694.3683,306.0,10.4
1758135694.4681,307.0,12.48
1758135694.5689,308.0,9.98
1758135694.6685,309.0,11.08
1758135694.7686,310.0,10.75
1758135694.8686,311.0,13.97
1758135694.9686,312.0,12.02
1758135695.0688,313.0,11.06
1758135695.1688,314.0,8.96
1758135695.2687,315.0,7.79
1758135695.3689,316.0,7.01
1758135695.4689,317.0,5.61
1758135695.5689,318.0,6.28
1758135695.6694,319.0,5.28
1758135695.7691,320.0,4.22
1758135695.8695,321.0,5.02
1758135695.9692,322.0,4.57
1758135696.0693,323.0,4.76
1758135696.1694,324.0,3.95
1758135696.2693,325.0,4.3
1758135696.3695,326.0,4.65
1758135696.4694,327.0,5.67
1758135696.5695,328.0,5.72
1758135696.6679,329.0,7.16
1758135696.7676,330.0,6.87
1758135696.8676,331.0,6.18
1758135696.9675,332.0,5.44
1758135697.0674,333.0,4.95
1758135697.1673,334.0,5.89
1758135697.2672,335.0,6.72
1758135697.3671,336.0,6.45
1758135697.467,337.0,5.42
1758135697.5668,338.0,6.61
1758135697.6667,339.0,8.59
1758135697.7665,340.0,9.19
1758135697.8665,341.0,10.2
1758135697.9663,342.0,9.59
1758135698.0685,343.0,11.03
1758135698.1681,344.0,8.82
1758135698.268,345.0,8.74
1758135698.3679,346.0,8.21
1758135698.4681,347.0,9.28
1758135698.5679,348.0,10.21
1758135698.6678,349.0,8.47
1758135698.7671,350.0,6.95
1758135698.8682,351.0,5.97
1758135698.967,352.0,7.65
1758135699.0686,353.0,9.56
1758135699.1686,354.0,11.57
1758135699.2685,355.0,13.07
1758135699.3684,356.0,10.98
1758135699.4687,357.0,12.62
1758135699.5681,358.0,13.76
1758135699.6689,359.0,10.0
1758135699.7692,360.0,10.6
1758135699.8688,361.0,12.51
1758135699.967,362.0,11.76
1758135700.0687,363.0,13.05
1758135700.1688,364.0,12.14
1758135700.2693,365.0,10.68
1758135700.3691,366.0,13.56
1758135700.4691,367.0,14.24
1758135700.5691,368.0,14.1
1758135700.6692,369.0,15.37
1758135700.7691,370.0,13.06
1758135700.8696,371.0,15.42
1758135700.9695,372.0,10.0
1758135701.0688,373.0,11.1
1758135701.1697,374.0,8.88
1758135701.2697,375.0,7.81
1758135701.3698,376.0,10.08
1758135701.47,377.0,8.77
1758135701.5698,378.0,8.24
1758135701.6698,379.0,8.16
1758135701.7699,380.0,7.75
1758135701.87,381.0,6.82
1758135701.9702,382.0,7.51
1758135702.0686,383.0,6.68
1758135702.1781,384.0,6.08
1758135702.2688,385.0,4.98
1758135702.3683,386.0,5.03
1758135702.4681,387.0,4.48
1758135702.5679,388.0,5.42
1758135702.668,389.0,4.77
1758135702.768,390.0,5.1
1758135702.8679,391.0,4.95
1758135702.9677,392.0,4.75
1758135703.0694,393.0,3.99
1758135703.1696,394.0,3.83
1758135703.2694,395.0,3.3
1758135703.3695,396.0,3.73
1758135703.4696,397.0,4.73
1758135703.5694,398.0,4.12
1758135703.6694,399.0,4.36
1758135703.7693,400.0,4.19
1758135703.8695,401.0,4.86
1758135703.9693,402.0,4.47
1758135704.0695,403.0,4.92
1758135704.1696,404.0,6.2
1758135704.2697,405.0,6.5
1758135704.3696,406.0,5.72
1758135704.4697,407.0,7.33
1758135704.5698,408.0,7.91
1758135704.6696,409.0,7.44
1758135704.7688,410.0,6.32
1758135704.8698,411.0,7.78
1758135704.9699,412.0,8.71
1758135705.07,413.0,7.67
1758135705.1684,414.0,7.36
1758135705.2702,415.0,7.06
1758135705.3704,416.0,6.92
1758135705.4702,417.0,5.61
1758135705.5704,418.0,5.16
1758135705.6703,419.0,4.39
1758135705.7703,420.0,4.21
1758135705.8711,421.0,5.39
1758135705.9712,422.0,5.77
1758135706.0709,423.0,7.32
1758135706.172,424.0,8.05
1758135706.2714,425.0,8.22
1758135706.3716,426.0,9.28
1758135706.471,427.0,8.82
1758135706.5714,428.0,7.85
1758135706.6711,429.0,8.4
1758135706.7715,430.0,10.08
1758135706.8717,431.0,10.18
1758135706.9715,432.0,11.2
1758135707.0714,433.0,14.44
1758135707.1716,434.0,10.0
1758135707.2716,435.0,12.9
1758135707.37,436.0,10.58
1758135707.4699,437.0,11.11
1758135707.5705,438.0,12.77
1758135707.6698,439.0,15.07
1758135707.7697,440.0,13.56
1758135707.8696,441.0,12.89
1758135707.9697,442.0,10.31
1758135708.0709,443.0,9.59
1758135708.171,444.0,10.74
1758135708.271,445.0,13.1
1758135708.371,446.0,14.15
1758135708.4708,447.0,10.0
1758135708.5712,448.0,10.6
1758135708.6712,449.0,9.54
1758135708.7711,450.0,11.45
1758135708.87,451.0,9.5
1758135708.9711,452.0,11.78
1758135709.0712,453.0,10.49
1758135709.1715,454.0,10.28
1758135709.2699,455.0,8.53
1758135709.3711,456.0,7.34
1758135709.4709,457.0,8.14
1758135709.5695,458.0,8.39
1758135709.6712,459.0,8.55
1758135709.7714,460.0,10.27
1758135709.8715,461.0,13.24
1758135709.9697,462.0,14.04
1758135710.0702,463.0,10.0
1758135710.1715,464.0,9.1
1758135710.2715,465.0,10.83
1758135710.3718,466.0,12.45
1758135710.4713,467.0,14.82
1758135710.5719,468.0,15.71
1758135710.6718,469.0,10.0
1758135710.7719,470.0,8.7
1758135710.8707,471.0,6.96
1758135710.972,472.0,7.52
1758135711.072,473.0,7.22
1758135711.1725,474.0,7.36
1758135711.2722,475.0,8.39
1758135711.3722,476.0,8.39
1758135711.472,477.0,8.89
1758135711.5724,478.0,7.56
1758135711.6724,479.0,9.83
1758135711.7724,480.0,10.81
1758135711.8725,481.0,13.95
1758135711.9726,482.0,13.95
1758135712.0726,483.0,14.36
1758135712.173,484.0,10.0
1758135712.2726,485.0,8.9
1758135712.373,486.0,9.17
1758135712.4726,487.0,11.73
1758135712.5731,488.0,13.73
1758135712.6719,489.0,10.0
1758135712.7717,490.0,10.9
1758135712.8717,491.0,13.41
1758135712.9719,492.0,15.42
1758135713.0717,493.0,13.88
1758135713.1716,494.0,10.0
1758135713.2716,495.0,8.3
1758135713.3715,496.0,8.13
1758135713.4714,497.0,10.09
1758135713.5713,498.0,8.07
1758135713.6712,499.0,9.68
1758135713.7711,500.0,8.13
1758135713.8711,501.0,8.54
1758135713.971,502.0,9.74
1758135714.0728,503.0,8.86
1758135714.1728,504.0,10.63
1758135714.2727,505.0,12.33
1758135714.3718,506.0,11.84
1758135714.4724,507.0,11.72
1758135714.5726,508.0,13.13
1758135714.6731,509.0,15.23
1758135714.771,510.0,14.62
1758135714.8731,511.0,10.0
1758135714.9718,512.0,9.4
1758135715.0716,513.0,11.0
1758135715.1728,514.0,12.54
1758135715.2727,515.0,12.91
1758135715.3729,516.0,12.91
1758135715.4725,517.0,12.78
1758135715.5728,518.0,10.23
1758135715.6725,519.0,12.68
1758135715.7731,520.0,11.16
1758135715.8732,521.0,12.39
1758135715.972,522.0,12.88
1758135716.0732,523.0,11.85
1758135716.1732,524.0,11.5
1758135716.2734,525.0,12.65
1758135716.3732,526.0,14.54
1758135716.4725,527.0,10.0
1758135716.5728,528.0,9.7
1758135716.6731,529.0,12.42
1758135716.7733,530.0,14.28
1758135716.8735,531.0,15.85
1758135716.9733,532.0,10.0
1758135717.0734,533.0,12.5
1758135717.1735,534.0,11.75
1758135717.2736,535.0,9.99
1758135717.3734,536.0,9.79
1758135717.473,537.0,12.23
1758135717.5734,538.0,13.7
1758135717.6735,539.0,11.78
1758135717.7733,540.0,14.26
1758135717.8735,541.0,13.12
1758135717.9727,542.0,12.86
1758135718.0717,543.0,12.47
1758135718.1719,544.0,10.72
1758135718.2719,545.0,11.15
1758135718.372,546.0,12.27
1758135718.4713,547.0,13.86
1758135718.5712,548.0,13.03
1758135718.6712,549.0,11.34
1758135718.7712,550.0,9.75
1758135718.8709,551.0,11.99
1758135718.971,552.0,15.35
1758135719.0727,553.0,14.12
1758135719.1726,554.0,15.11
1758135719.2729,555.0,10.0
1758135719.3723,556.0,9.0
1758135719.4717,557.0,9.99
1758135719.5721,558.0,12.89
1758135719.6724,559.0,11.08
1758135719.7721,560.0,10.97
1758135719.8721,561.0,9.33
1758135719.9721,562.0,10.17
1758135720.0722,563.0,10.17
1758135720.1722,564.0,10.06
1758135720.2723,565.0,9.46
1758135720.3723,566.0,10.88
1758135720.4719,567.0,8.81
1758135720.5727,568.0,9.08
1758135720.6725,569.0,7.9
1758135720.7715,570.0,7.42
1758135720.8727,571.0,6.75
1758135720.9708,572.0,7.97
1758135721.0715,573.0,7.17
1758135721.1727,574.0,7.6
1758135721.2727,575.0,8.59
1758135721.3728,576.0,9.71
1758135721.4722,577.0,9.81
1758135721.5716,578.0,10.0
1758135721.6728,579.0,8.1
1758135721.7729,580.0,10.37
1758135721.8731,581.0,13.48
1758135721.9733,582.0,12.67
1758135722.0736,583.0,13.69
1758135722.1734,584.0,13.28
1758135722.2736,585.0,15.53
1758135722.3736,586.0,10.0
1758135722.473,587.0,8.3
1758135722.5737,588.0,6.89
1758135722.6734,589.0,8.2
1758135722.7739,590.0,9.51
1758135722.874,591.0,7.89
1758135722.973,592.0,9.79
1758135723.0741,593.0,10.86
1758135723.1746,594.0,12.17
1758135723.2745,595.0,12.29
1758135723.3727,596.0,14.13
1758135723.4732,597.0,12.01
1758135723.5726,598.0,10.21
1758135723.6724,599.0,8.37
1758135723.7726,600.0,8.46
1758135723.8723,601.0,7.95
1758135723.9723,602.0,10.02
1758135724.0739,603.0,10.72
1758135724.1742,604.0,12.11
1758135724.2741,605.0,12.47
1758135724.3741,606.0,14.84
1758135724.474,607.0,10.0
1758135724.5742,608.0,10.2
1758135724.6742,609.0,11.83
1758135724.7741,610.0,13.96
1758135724.8742,611.0,13.4
1758135724.9728,612.0,10.0
1758135725.0742,613.0,9.7
1758135725.1741,614.0,11.06
1758135725.2742,615.0,12.83
1758135725.3746,616.0,14.11
1758135725.4739,617.0,11.85
1758135725.5745,618.0,13.27
1758135725.6746,619.0,13.67
1758135725.7747,620.0,10.0
1758135725.8747,621.0,12.1
1758135725.9734,622.0,12.46
1758135726.0731,623.0,12.59
1758135726.1746,624.0,10.83
1758135726.2746,625.0,11.91
1758135726.3747,626.0,11.19
1758135726.4742,627.0,11.19
1758135726.5749,628.0,13.21
1758135726.6751,629.0,15.06
1758135726.775,630.0,10.0
1758135726.8755,631.0,8.7
1758135726.9753,632.0,10.7
1758135727.0734,633.0,9.84
1758135727.1754,634.0,11.03
1758135727.2751,635.0,9.92
1758135727.375,636.0,9.82
1758135727.4747,637.0,10.12
1758135727.575,638.0,12.85
1758135727.6751,639.0,13.37
1758135727.7752,640.0,10.83
1758135727.8753,641.0,10.72
1758135727.9753,642.0,11.58
1758135728.0753,643.0,10.76
1758135728.1753,644.0,9.69
1758135728.2754,645.0,9.69
1758135728.3753,646.0,7.94
1758135728.4749,647.0,7.63
1758135728.5751,648.0,7.47
1758135728.6742,649.0,6.95
1758135728.7736,650.0,7.23
1758135728.8733,651.0,8.02
1758135728.9747,652.0,7.86
1758135729.0733,653.0,8.49
1758135729.1733,654.0,10.53
1758135729.2733,655.0,9.27
1758135729.3731,656.0,7.78
1758135729.4731,657.0,7.32
1758135729.573,658.0,6.81
1758135729.6729,659.0,5.51
1758135729.773,660.0,6.45
1758135729.8728,661.0,8.0
1758135729.9728,662.0,7.28
1758135730.0744,663.0,8.88
1758135730.1743,664.0,7.64
1758135730.2742,665.0,7.1
1758135730.3742,666.0,6.32
1758135730.4736,667.0,7.77
1758135730.5739,668.0,9.95
1758135730.6737,669.0,11.34
1758135730.7741,670.0,11.12
1758135730.874,671.0,11.45
1758135730.9741,672.0,13.97
1758135731.0741,673.0,14.11
1758135731.1742,674.0,10.0
1758135731.2743,675.0,10.4
1758135731.3725,676.0,12.58
1758135731.4736,677.0,13.59
1758135731.5725,678.0,15.49
1758135731.6743,679.0,15.34
1758135731.7737,680.0,10.0
1758135731.8741,681.0,9.9
1758135731.9724,682.0,8.32
1758135732.0729,683.0,10.15
1758135732.1746,684.0,9.23
1758135732.2742,685.0,9.05
1758135732.3743,686.0,8.78
1758135732.4737,687.0,10.88
1758135732.5743,688.0,10.99
1758135732.6743,689.0,10.88
1758135732.7743,690.0,13.28
1758135732.8747,691.0,13.94
1758135732.9747,692.0,13.52
1758135733.0746,693.0,11.36
1758135733.1741,694.0,14.08
1758135733.2746,695.0,10.0
1758135733.3743,696.0,11.7
1758135733.4743,697.0,13.22
1758135733.5733,698.0,11.9
1758135733.6744,699.0,13.33
1758135733.7745,700.0,13.33
1758135733.8746,701.0,15.46
1758135733.9746,702.0,13.76
1758135734.073,703.0,12.8
1758135734.1728,704.0,13.95
1758135734.2744,705.0,12.69
1758135734.3728,706.0,12.69
1758135734.4726,707.0,13.07
1758135734.5725,708.0,12.94
1758135734.6724,709.0,10.87
1758135734.7723,710.0,13.05
1758135734.8722,711.0,15.78
1758135734.9725,712.0,10.0
1758135735.0739,713.0,8.5
1758135735.1732,714.0,10.12
1758135735.274,715.0,11.94
1758135735.3741,716.0,11.22
1758135735.4734,717.0,13.35
1758135735.5741,718.0,10.0
1758135735.674,719.0,9.7
1758135735.7742,720.0,12.42
1758135735.8741,721.0,14.78
1758135735.9742,722.0,15.66
1758135736.0742,723.0,10.0
1758135736.1744,724.0,12.7
1758135736.2741,725.0,14.48
1758135736.3742,726.0,10.0
1758135736.4738,727.0,12.0
1758135736.5743,728.0,12.12
1758135736.6725,729.0,11.88
1758135736.7744,730.0,13.3
1758135736.8742,731.0,14.63
1758135736.9724,732.0,13.46
1758135737.0729,733.0,13.87
1758135737.1733,734.0,15.11
1758135737.2742,735.0,15.87
1758135737.3743,736.0,13.81
1758135737.474,737.0,14.36
1758135737.5743,738.0,13.5
1758135737.6736,739.0,14.31
1758135737.7743,740.0,10.0
1758135737.8743,741.0,12.3
1758135737.9746,742.0,14.51
1758135738.0745,743.0,10.0
1758135738.1746,744.0,10.0
1758135738.2744,745.0,12.2
1758135738.3745,746.0,14.15
1758135738.4745,747.0,10.0
1758135738.5747,748.0,9.3
1758135738.6746,749.0,9.11
1758135738.7746,750.0,9.48
1758135738.875,751.0,9.19
1758135738.9748,752.0,10.85
1758135739.0748,753.0,13.02
1758135739.1751,754.0,11.07
1758135739.2751,755.0,13.83
1758135739.3751,756.0,14.11
1758135739.4734,757.0,13.54
1758135739.5733,758.0,15.98
1758135739.6735,759.0,10.0
1758135739.7733,760.0,10.2
1758135739.8733,761.0,11.73
1758135739.9731,762.0,11.5
1758135740.0748,763.0,9.66
1758135740.1749,764.0,8.59
1758135740.2749,765.0,10.66
1758135740.3749,766.0,10.44
1758135740.4747,767.0,11.07
1758135740.575,768.0,11.18
1758135740.6752,769.0,11.29
1758135740.7751,770.0,10.5
1758135740.8753,771.0,10.92
1758135740.9739,772.0,9.17
1758135741.0752,773.0,11.65
1758135741.175,774.0,14.68
1758135741.2754,775.0,10.0
1758135741.3754,776.0,11.5
1758135741.4751,777.0,9.78
1758135741.5753,778.0,9.29
1758135741.6753,779.0,11.61
1758135741.7755,780.0,9.4
1758135741.8754,781.0,10.44
1758135741.9737,782.0,11.69
1758135742.0756,783.0,14.38
1758135742.1755,784.0,12.22
1758135742.2752,785.0,15.4
1758135742.3756,786.0,10.0
1758135742.475,787.0,12.7
1758135742.5757,788.0,13.21
1758135742.6756,789.0,12.28
1758135742.7756,790.0,12.77
1758135742.8757,791.0,13.67
1758135742.9758,792.0,15.17
1758135743.0759,793.0,10.0
1758135743.1741,794.0,10.9
1758135743.2743,795.0,9.7
1758135743.376,796.0,8.05
1758135743.4757,797.0,8.13
1758135743.5762,798.0,10.33
1758135743.6765,799.0,9.71
1758135743.7762,800.0,8.64
1758135743.8762,801.0,9.07
1758135743.9763,802.0,10.61
1758135744.0765,803.0,10.08
1758135744.1761,804.0,10.29
1758135744.2766,805.0,10.9
1758135744.3767,806.0,11.67
1758135744.4766,807.0,11.08
1758135744.5767,808.0,10.64
1758135744.675,809.0,13.72
1758135744.7751,810.0,13.18
1758135744.8748,811.0,14.76
1758135744.9754,812.0,10.0
1758135745.0747,813.0,9.9
1758135745.1746,814.0,10.3
1758135745.2745,815.0,10.5
1758135745.3747,816.0,12.29
1758135745.4745,817.0,15.24
1758135745.5745,818.0,13.26
1758135745.6743,819.0,10.0
1758135745.7743,820.0,11.2
1758135745.874,821.0,12.99
1758135745.9739,822.0,15.98
1758135746.0757,823.0,10.0
1758135746.1756,824.0,11.2
1758135746.276,825.0,9.18
1758135746.3761,826.0,10.01
1758135746.476,827.0,12.91
1758135746.5763,828.0,10.59
1758135746.6764,829.0,13.34
1758135746.7767,830.0,12.14
1758135746.8765,831.0,12.14
1758135746.9755,832.0,10.93
1758135747.0763,833.0,9.83
1758135747.1763,834.0,9.64
1758135747.2747,835.0,9.35
1758135747.3764,836.0,7.76
1758135747.4759,837.0,8.07
1758135747.5752,838.0,10.17
1758135747.6765,839.0,8.85
1758135747.7765,840.0,11.32
1758135747.8762,841.0,9.85
1758135747.9757,842.0,12.51
1758135748.0764,843.0,15.26
1758135748.1766,844.0,13.13
1758135748.2766,845.0,15.62
1758135748.3764,846.0,10.0
1758135748.4765,847.0,9.5
1758135748.5765,848.0,8.36
1758135748.6764,849.0,8.69
1758135748.7763,850.0,10.69
1758135748.8767,851.0,10.27
1758135748.9765,852.0,8.62
1758135749.0767,853.0,10.87
1758135749.1771,854.0,9.67
1758135749.277,855.0,11.02
1758135749.377,856.0,12.9
1758135749.4772,857.0,10.0
1758135749.5772,858.0,11.7
1758135749.6771,859.0,11.82
1758135749.7772,860.0,12.64
1758135749.8773,861.0,10.75
1758135749.9757,862.0,10.1
1758135750.0766,863.0,13.13
1758135750.1753,864.0,14.84
1758135750.2752,865.0,14.4
1758135750.3754,866.0,15.84
1758135750.4752,867.0,14.41
1758135750.5752,868.0,13.11
1758135750.6751,869.0,14.03
1758135750.775,870.0,11.51
1758135750.8751,871.0,14.73
1758135750.9749,872.0,15.02
1758135751.0767,873.0,13.07
1758135751.1768,874.0,12.55
1758135751.2767,875.0,13.17
1758135751.375,876.0,10.0
1758135751.4766,877.0,8.1
1758135751.5764,878.0,8.1
1758135751.6765,879.0,9.23
1758135751.7766,880.0,9.6
1758135751.8763,881.0,8.84
1758135751.9753,882.0,9.63
1758135752.0767,883.0,8.09
1758135752.1769,884.0,10.19
1758135752.2768,885.0,9.89
1758135752.377,886.0,9.59
1758135752.4768,887.0,8.82
1758135752.5761,888.0,7.23
1758135752.6774,889.0,8.39
1758135752.7775,890.0,10.15
1758135752.8773,891.0,9.14
1758135752.9759,892.0,8.59
1758135753.0774,893.0,6.87
1758135753.1769,894.0,6.05
1758135753.2779,895.0,5.87
1758135753.3771,896.0,7.45
1758135753.4772,897.0,9.31
1758135753.5774,898.0,8.1
1758135753.6774,899.0,7.78
1758135753.7776,900.0,9.49
1758135753.8777,901.0,11.2
1758135753.9777,902.0,11.65
1758135754.0779,903.0,13.51
1758135754.178,904.0,10.0
1758135754.2779,905.0,9.5
1758135754.3781,906.0,7.7
1758135754.4781,907.0,7.39
1758135754.5782,908.0,7.24
1758135754.6783,909.0,7.17
1758135754.7784,910.0,8.74
1758135754.8783,911.0,11.28
1758135754.9786,912.0,12.97
1758135755.0788,913.0,13.1
1758135755.1788,914.0,10.0
1758135755.2769,915.0,8.6
1758135755.3787,916.0,7.4
1758135755.477,917.0,7.25
1758135755.5769,918.0,7.54
1758135755.6768,919.0,7.09
1758135755.7768,920.0,7.23
1758135755.8768,921.0,6.72
1758135755.9768,922.0,5.51
1758135756.0787,923.0,6.17
1758135756.1786,924.0,4.94
1758135756.2788,925.0,5.73
1758135756.3788,926.0,6.19
1758135756.4787,927.0,7.86
1758135756.5786,928.0,8.25
1758135756.6785,929.0,8.83
1758135756.7785,930.0,10.77
1758135756.8783,931.0,13.25
1758135756.9772,932.0,14.31
1758135757.0779,933.0,14.02
1758135757.1782,934.0,15.42
1758135757.2782,935.0,10.0
1758135757.3784,936.0,8.1
1758135757.4781,937.0,10.04
1758135757.5784,938.0,12.86
1758135757.6783,939.0,13.76
1758135757.7783,940.0,13.21
1758135757.8785,941.0,11.49
1758135757.977,942.0,13.9
1758135758.0767,943.0,10.0
1758135758.1784,944.0,9.4
1758135758.2783,945.0,10.81
1758135758.3786,946.0,13.3
1758135758.4785,947.0,11.7
1758135758.5783,948.0,12.17
1758135758.6785,949.0,12.17
1758135758.7789,950.0,13.39
1758135758.8786,951.0,10.0
1758135758.9787,952.0,12.4
1758135759.0789,953.0,15.62
1758135759.1788,954.0,15.47
1758135759.279,955.0,10.0
1758135759.3793,956.0,10.2
1758135759.4781,957.0,10.51
1758135759.5787,958.0,11.35
1758135759.6793,959.0,10.44
1758135759.7792,960.0,9.39
1758135759.8793,961.0,8.74
1758135759.9793,962.0,8.56
1758135760.0778,963.0,8.22
1758135760.1777,964.0,10.11
1758135760.2777,965.0,11.83
1758135760.3777,966.0,9.58
1758135760.4796,967.0,9.39
1758135760.5776,968.0,8.55
1758135760.6791,969.0,8.29
1758135760.7777,970.0,8.29
1758135760.8776,971.0,8.21
1758135760.9794,972.0,10.59
1758135761.0775,973.0,9.21
1758135761.1774,974.0,8.93
1758135761.2773,975.0,9.29
1758135761.3773,976.0,9.29
1758135761.4772,977.0,11.89
1758135761.5773,978.0,11.06
1758135761.6773,979.0,10.4
1758135761.7772,980.0,9.77
1758135761.8771,981.0,11.34
1758135761.9771,982.0,10.43
1758135762.0788,983.0,10.01
1758135762.1788,984.0,12.81
1758135762.2789,985.0,15.89
1758135762.379,986.0,13.03
1758135762.4784,987.0,12.25
1758135762.5789,988.0,11.39
1758135762.679,989.0,11.96
1758135762.7791,990.0,11.84
1758135762.8794,991.0,11.72
1758135762.9789,992.0,14.77
1758135763.0789,993.0,15.21
1758135763.1792,994.0,15.67
1758135763.2789,995.0,12.69
1758135763.3795,996.0,13.07
1758135763.4793,997.0,15.95
1758135763.5794,998.0,10.0
1758135763.6791,999.0,10.4
1758135763.7792,1000.0,9.05
1758135763.8793,1001.0,7.51
1758135763.9792,1002.0,6.83
1758135764.0789,1003.0,8.47
1758135764.1791,1004.0,10.25
1758135764.2789,1005.0,9.64
1758135764.3791,1006.0,9.06
1758135764.4789,1007.0,7.97
1758135764.579,1008.0,9.97
1758135764.6785,1009.0,11.76
1758135764.7792,1010.0,11.88
1758135764.8788,1011.0,15.32
1758135764.9791,1012.0,10.0
1758135765.0794,1013.0,12.4
1758135765.1794,1014.0,10.79
1758135765.2798,1015.0,11.54
1758135765.3798,1016.0,9.93
1758135765.4797,1017.0,10.82
1758135765.5777,1018.0,10.17
1758135765.6793,1019.0,11.6
1758135765.7797,1020.0,14.03
1758135765.8779,1021.0,10.0
1758135765.9799,1022.0,11.4
1758135766.0791,1023.0,12.08
1758135766.1783,1024.0,9.67
1758135766.2779,1025.0,9.38
1758135766.3792,1026.0,10.03
1758135766.478,1027.0,12.64
1758135766.5778,1028.0,10.0
1758135766.6779,1029.0,9.4
1758135766.7777,1030.0,7.52
1758135766.8775,1031.0,9.32
1758135766.9774,1032.0,7.93
1758135767.0793,1033.0,7.13
1758135767.1792,1034.0,8.06
1758135767.2789,1035.0,10.08
1758135767.3793,1036.0,12.49
1758135767.479,1037.0,10.12
1758135767.5791,1038.0,10.12
1758135767.6795,1039.0,9.72
1758135767.7792,1040.0,10.78
1758135767.8789,1041.0,13.05
1758135767.9783,1042.0,11.87
1758135768.079,1043.0,12.59
1758135768.179,1044.0,13.59
1758135768.2792,1045.0,15.9
1758135768.3794,1046.0,13.84
1758135768.4792,1047.0,15.22
1758135768.5779,1048.0,15.37
1758135768.6795,1049.0,10.0
1758135768.7796,1050.0,8.2
1758135768.8798,1051.0,8.53
1758135768.979,1052.0,8.95
1758135769.0798,1053.0,9.94
1758135769.18,1054.0,8.55
1758135769.2801,1055.0,7.35
1758135769.3802,1056.0,5.88
1758135769.4802,1057.0,5.35
1758135769.5804,1058.0,6.05
1758135769.6803,1059.0,6.89
1758135769.7804,1060.0,8.69
1758135769.8804,1061.0,8.34
1758135769.9805,1062.0,6.92
1758135770.0808,1063.0,9.0
1758135770.1808,1064.0,11.7
1758135770.2808,1065.0,11.93
1758135770.381,1066.0,13.0
1758135770.481,1067.0,13.92
1758135770.5809,1068.0,12.38
1758135770.6809,1069.0,14.99
1758135770.7812,1070.0,15.28
1758135770.8814,1071.0,10.0
1758135770.9813,1072.0,9.0
1758135771.0814,1073.0,11.34
1758135771.1806,1074.0,13.04
1758135771.2814,1075.0,10.0
1758135771.3815,1076.0,9.8
1758135771.4814,1077.0,12.64
1758135771.5797,1078.0,13.65
1758135771.6797,1079.0,15.7
1758135771.7797,1080.0,10.0
1758135771.8796,1081.0,12.0
1758135771.9796,1082.0,13.32
1758135772.0811,1083.0,15.98
1758135772.181,1084.0,10.0
1758135772.2812,1085.0,9.3
1758135772.3811,1086.0,8.56
1758135772.4813,1087.0,8.56
1758135772.5813,1088.0,11.12
1758135772.6815,1089.0,12.35
1758135772.7819,1090.0,15.93
1758135772.8815,1091.0,10.0
1758135772.9817,1092.0,8.4
1758135773.0823,1093.0,6.72
1758135773.1817,1094.0,6.52
1758135773.282,1095.0,8.34
1758135773.3818,1096.0,8.68
1758135773.4819,1097.0,10.85
1758135773.582,1098.0,9.33
1758135773.6808,1099.0,12.03
1758135773.7821,1100.0,15.4
1758135773.8806,1101.0,13.55
1758135773.9804,1102.0,10.0
1758135774.0809,1103.0,9.5
1758135774.1822,1104.0,10.07
1758135774.2822,1105.0,8.96
1758135774.3827,1106.0,10.13
1758135774.4824,1107.0,11.24
1758135774.5824,1108.0,11.69
1758135774.683,1109.0,14.15
1758135774.7826,1110.0,11.74
1758135774.8831,1111.0,10.8
1758135774.9827,1112.0,10.37
1758135775.083,1113.0,13.38
1758135775.1832,1114.0,12.31
1758135775.2831,1115.0,11.2
1758135775.3833,1116.0,13.33
1758135775.4832,1117.0,11.19
1758135775.583,1118.0,9.63
1758135775.6832,1119.0,9.44
1758135775.7835,1120.0,10.47
1758135775.8835,1121.0,12.15
1758135775.9834,1122.0,13.24
1758135776.0835,1123.0,11.39
1758135776.1837,1124.0,9.11
1758135776.2839,1125.0,8.47
1758135776.3836,1126.0,9.74
1758135776.4839,1127.0,8.09
1758135776.5841,1128.0,6.96
1758135776.684,1129.0,8.76
1758135776.7841,1130.0,10.25
1758135776.8824,1131.0,11.89
1758135776.9822,1132.0,9.51
1758135777.0823,1133.0,11.61
1758135777.1823,1134.0,14.97
1758135777.2823,1135.0,15.57
1758135777.3821,1136.0,10.0
1758135777.482,1137.0,8.0
1758135777.5818,1138.0,9.04
1758135777.6818,1139.0,8.05
1758135777.7817,1140.0,9.01
1758135777.8816,1141.0,7.75
1758135777.9816,1142.0,6.97
1758135778.0832,1143.0,7.67
1758135778.1834,1144.0,6.6
1758135778.2832,1145.0,5.54
1758135778.3832,1146.0,5.82
1758135778.4831,1147.0,5.64
1758135778.5833,1148.0,5.76
1758135778.6833,1149.0,7.02
1758135778.7836,1150.0,6.6
1758135778.8839,1151.0,7.46
1758135778.9833,1152.0,9.18
1758135779.0825,1153.0,7.98
1758135779.182,1154.0,9.1
1758135779.2839,1155.0,8.74
1758135779.3838,1156.0,9.96
1758135779.4838,1157.0,10.66
1758135779.584,1158.0,13.43
1758135779.6843,1159.0,13.3
1758135779.7823,1160.0,10.0
1758135779.8842,1161.0,9.4
1758135779.9834,1162.0,9.96
1758135780.0841,1163.0,12.16
1758135780.1843,1164.0,9.72
1758135780.2843,1165.0,12.64
1758135780.3844,1166.0,13.65
1758135780.4846,1167.0,10.0
1758135780.5847,1168.0,10.3
1758135780.6848,1169.0,10.4
1758135780.7849,1170.0,10.72
1758135780.8849,1171.0,12.64
1758135780.985,1172.0,10.62
1758135781.085,1173.0,8.71
1758135781.1847,1174.0,10.63
1758135781.2851,1175.0,13.28
1758135781.385,1176.0,10.0
1758135781.4851,1177.0,11.7
1758135781.5851,1178.0,14.27
1758135781.6852,1179.0,10.0
1758135781.7842,1180.0,9.9
1758135781.8851,1181.0,8.12
1758135781.985,1182.0,6.49
1758135782.0852,1183.0,5.72
1758135782.1845,1184.0,4.63
1758135782.2832,1185.0,4.21
1758135782.3831,1186.0,4.76
1758135782.4837,1187.0,5.38
1758135782.5832,1188.0,4.41
1758135782.6829,1189.0,4.59
1758135782.7827,1190.0,5.23
1758135782.883,1191.0,5.91
1758135782.9831,1192.0,7.15
1758135783.0846,1193.0,8.51
1758135783.1844,1194.0,10.3
1758135783.2844,1195.0,12.77
1758135783.3845,1196.0,14.94
1758135783.4846,1197.0,13.74
1758135783.5846,1198.0,10.0
1758135783.6848,1199.0,9.4
1758135783.7849,1200.0,7.61
1758135783.8851,1201.0,8.91
1758135783.9849,1202.0,11.49
1758135784.0844,1203.0,11.95
1758135784.1851,1204.0,10.4
1758135784.2855,1205.0,12.27
1758135784.3851,1206.0,13.25
1758135784.4836,1207.0,10.87
1758135784.5849,1208.0,9.13
1758135784.6855,1209.0,9.04
1758135784.7854,1210.0,7.32
1758135784.8855,1211.0,6.22
1758135784.9838,1212.0,7.84
1758135785.0842,1213.0,7.29
1758135785.1855,1214.0,7.65
1758135785.2842,1215.0,7.81
1758135785.3854,1216.0,9.37
1758135785.4856,1217.0,8.53
1758135785.5856,1218.0,7.33
1758135785.6858,1219.0,6.31
1758135785.7857,1220.0,7.25
1758135785.8856,1221.0,7.76
1758135785.9858,1222.0,6.52
1758135786.0861,1223.0,7.17
1758135786.186,1224.0,7.96
1758135786.2863,1225.0,6.76
1758135786.3862,1226.0,8.05
1758135786.4863,1227.0,7.08
1758135786.5863,1228.0,8.43
1758135786.6864,1229.0,9.02
1758135786.7864,1230.0,10.28
1758135786.8864,1231.0,9.77
1758135786.9864,1232.0,9.57
1758135787.0863,1233.0,8.04
1758135787.1864,1234.0,10.37
1758135787.2865,1235.0,12.14
1758135787.3867,1236.0,11.89
1758135787.4868,1237.0,12.85
1758135787.5854,1238.0,10.79
1758135787.6849,1239.0,13.6
1758135787.7849,1240.0,14.0
1758135787.885,1241.0,10.0
1758135787.9857,1242.0,12.6
1758135788.0872,1243.0,14.24
1758135788.187,1244.0,14.1
1758135788.2871,1245.0,13.67
1758135788.3869,1246.0,11.76
1758135788.4874,1247.0,9.99
1758135788.5872,1248.0,12.79
1758135788.6873,1249.0,14.2
1758135788.7879,1250.0,11.36
1758135788.8887,1251.0,11.93
1758135788.9878,1252.0,13.96
1758135789.0883,1253.0,10.0
1758135789.1879,1254.0,11.0
1758135789.2886,1255.0,12.76
1758135789.3882,1256.0,11.23
1758135789.4882,1257.0,11.68
1758135789.5882,1258.0,14.01
1758135789.6883,1259.0,10.0
1758135789.7865,1260.0,8.8
1758135789.887,1261.0,10.3
1758135789.9864,1262.0,9.06
1758135790.087,1263.0,10.06
1758135790.1881,1264.0,8.55
1758135790.2883,1265.0,7.78
1758135790.3885,1266.0,9.65
1758135790.4886,1267.0,8.78
1758135790.5883,1268.0,7.29
1758135790.6885,1269.0,6.27
1758135790.7886,1270.0,6.7
1758135790.8888,1271.0,8.38
1758135790.9889,1272.0,10.31
1758135791.089,1273.0,10.31
1758135791.1891,1274.0,9.79
1758135791.2893,1275.0,7.83
1758135791.3892,1276.0,6.27
1758135791.4894,1277.0,7.14
1758135791.5893,1278.0,6.79
1758135791.6895,1279.0,8.48
1758135791.7891,1280.0,9.5
1758135791.8892,1281.0,9.5
1758135791.9893,1282.0,10.55
1758135792.0893,1283.0,9.49
1758135792.1892,1284.0,9.11
1758135792.2894,1285.0,9.11
1758135792.3894,1286.0,8.75
1758135792.4882,1287.0,8.84
1758135792.5892,1288.0,11.22
1758135792.6893,1289.0,9.88
1758135792.7893,1290.0,11.26
1758135792.889,1291.0,13.96
1758135792.9875,1292.0,14.94
1758135793.0874,1293.0,13.29
1758135793.1893,1294.0,11.03
1758135793.2876,1295.0,12.8
1758135793.3873,1296.0,13.95
1758135793.4873,1297.0,10.0
1758135793.5872,1298.0,11.6
1758135793.6873,1299.0,12.88
1758135793.7872,1300.0,10.3
1758135793.8871,1301.0,10.09
1758135793.9873,1302.0,10.5
1758135794.0891,1303.0,11.13
1758135794.1887,1304.0,9.35
1758135794.2887,1305.0,9.16
1758135794.3887,1306.0,8.15
1758135794.4888,1307.0,8.56
1758135794.5887,1308.0,8.99
1758135794.6885,1309.0,7.91
1758135794.7885,1310.0,7.51
1758135794.8886,1311.0,7.29
1758135794.9874,1312.0,6.78
1758135795.0867,1313.0,8.2
1758135795.1888,1314.0,8.61
1758135795.2887,1315.0,10.16
1758135795.3886,1316.0,11.79
1758135795.4888,1317.0,9.55
1758135795.5888,1318.0,8.4
1758135795.689,1319.0,8.91
1758135795.7892,1320.0,11.49
1758135795.8894,1321.0,9.77
1758135795.9873,1322.0,11.23
1758135796.0892,1323.0,11.68
1758135796.1893,1324.0,12.27
1758135796.2892,1325.0,11.65
1758135796.3896,1326.0,12.23
1758135796.4897,1327.0,14.19
1758135796.5895,1328.0,10.0
1758135796.6897,1329.0,8.3
1758135796.7898,1330.0,9.05
1758135796.89,1331.0,8.41
1758135796.99,1332.0,8.83
1758135797.09,1333.0,10.51
1758135797.1902,1334.0,11.77
1758135797.2905,1335.0,10.71
1758135797.3905,1336.0,12.21
1758135797.4908,1337.0,15.27
1758135797.5906,1338.0,10.0
1758135797.6894,1339.0,8.7
1758135797.7891,1340.0,7.22
1758135797.8909,1341.0,7.94
1758135797.9902,1342.0,8.02
1758135798.0909,1343.0,9.87
1758135798.1908,1344.0,12.63
1758135798.2908,1345.0,11.24
1758135798.3891,1346.0,12.25
1758135798.4891,1347.0,13.6
1758135798.5906,1348.0,10.0
1758135798.6891,1349.0,8.0
1758135798.789,1350.0,10.32
1758135798.8891,1351.0,13.0
1758135798.9889,1352.0,15.73
1758135799.0908,1353.0,14.16
1758135799.1906,1354.0,10.0
1758135799.2906,1355.0,8.9
1758135799.3906,1356.0,8.81
1758135799.4908,1357.0,7.14
1758135799.5907,1358.0,5.85
1758135799.6907,1359.0,7.2
1758135799.7909,1360.0,7.34
1758135799.8909,1361.0,8.52
1758135799.991,1362.0,9.96
1758135800.0912,1363.0,9.96
1758135800.1906,1364.0,10.96
1758135800.2914,1365.0,13.26
1758135800.3904,1366.0,10.74
1758135800.4915,1367.0,13.21
1758135800.5911,1368.0,10.0
1758135800.6913,1369.0,12.1
1758135800.7915,1370.0,12.1
1758135800.8915,1371.0,14.04
1758135800.9916,1372.0,10.0
1758135801.0906,1373.0,8.6
1758135801.1917,1374.0,9.63
1758135801.2922,1375.0,11.37
1758135801.3919,1376.0,9.32
1758135801.492,1377.0,11.84
1758135801.5921,1378.0,9.59
1758135801.6922,1379.0,9.78
1758135801.7922,1380.0,11.15
1758135801.8923,1381.0,12.82
1758135801.9923,1382.0,10.38
1758135802.0922,1383.0,12.36
1758135802.1924,1384.0,11.74
1758135802.2926,1385.0,12.56
1758135802.3927,1386.0,15.7
1758135802.4926,1387.0,10.0
1758135802.5926,1388.0,8.9
1758135802.6927,1389.0,7.65
1758135802.7926,1390.0,6.35
1758135802.8926,1391.0,6.67
1758135802.9928,1392.0,5.4
1758135803.091,1393.0,6.21
1758135803.1929,1394.0,7.46
1758135803.2928,1395.0,8.65
1758135803.3929,1396.0,8.39
1758135803.4931,1397.0,8.73
1758135803.5931,1398.0,10.64
1758135803.6918,1399.0,13.31
1758135803.7914,1400.0,13.84
1758135803.8913,1401.0,15.91
1758135803.9914,1402.0,15.44
1758135804.0913,1403.0,10.0
1758135804.1912,1404.0,12.9
1758135804.2911,1405.0,10.0
1758135804.391,1406.0,10.0
1758135804.4909,1407.0,8.6
1758135804.5908,1408.0,7.31
1758135804.6907,1409.0,6.8
1758135804.7905,1410.0,5.98
1758135804.8906,1411.0,5.5
1758135804.9905,1412.0,5.72
1758135805.0923,1413.0,6.3
1758135805.1922,1414.0,6.17
1758135805.2922,1415.0,6.6
1758135805.3922,1416.0,5.41
1758135805.4923,1417.0,5.96
1758135805.5923,1418.0,6.97
1758135805.6923,1419.0,7.04
1758135805.7925,1420.0,6.69
1758135805.8914,1421.0,6.49
1758135805.9911,1422.0,5.51
1758135806.0909,1423.0,5.46
1758135806.1922,1424.0,5.24
1758135806.2923,1425.0,6.5
1758135806.3921,1426.0,5.2
1758135806.4921,1427.0,6.5
1758135806.5922,1428.0,7.67
1758135806.6924,1429.0,9.05
1758135806.7921,1430.0,9.68
1758135806.8923,1431.0,9.0
1758135806.9915,1432.0,8.37
1758135807.0913,1433.0,7.62
1758135807.1923,1434.0,9.83
1758135807.2925,1435.0,7.86
1758135807.3925,1436.0,9.28
1758135807.4927,1437.0,12.06
1758135807.5928,1438.0,10.97
1758135807.6928,1439.0,14.16
1758135807.7929,1440.0,10.0
1758135807.8931,1441.0,12.6
1758135807.9919,1442.0,15.25
1758135808.0931,1443.0,13.57
1758135808.1933,1444.0,11.67
1758135808.2933,1445.0,10.85
1758135808.3916,1446.0,9.44
1758135808.4935,1447.0,10.67
1758135808.5933,1448.0,12.91
1758135808.6939,1449.0,12.13
1758135808.7936,1450.0,12.5
1758135808.8935,1451.0,15.5
1758135808.9924,1452.0,14.41
1758135809.0918,1453.0,11.96
1758135809.1917,1454.0,15.31
1758135809.2917,1455.0,10.0
1758135809.3916,1456.0,11.4
1758135809.4914,1457.0,9.69
1758135809.5913,1458.0,9.59
1758135809.6914,1459.0,9.4
1758135809.7913,1460.0,8.46
1758135809.8912,1461.0,10.91
1758135809.9911,1462.0,9.28
1758135810.0929,1463.0,10.85
1758135810.1911,1464.0,9.44
1758135810.2927,1465.0,8.69
1758135810.3927,1466.0,9.73
1758135810.4926,1467.0,9.15
1758135810.5928,1468.0,9.79
1758135810.6934,1469.0,11.45
1758135810.7933,1470.0,10.53
1758135810.8935,1471.0,13.27
1758135810.9922,1472.0,11.81
1758135811.0934,1473.0,15.24
1758135811.194,1474.0,10.0
1758135811.2939,1475.0,12.8
1758135811.3939,1476.0,10.24
1758135811.4941,1477.0,8.29
1758135811.5944,1478.0,7.63
1758135811.6943,1479.0,8.78
1758135811.7947,1480.0,7.72
1758135811.8946,1481.0,9.04
1758135811.9934,1482.0,8.67
1758135812.0937,1483.0,9.54
1758135812.1933,1484.0,9.64
1758135812.2945,1485.0,11.47
1758135812.3944,1486.0,11.7
1758135812.4945,1487.0,12.4
1758135812.5945,1488.0,10.66
1758135812.6945,1489.0,11.84
1758135812.7938,1490.0,11.13
1758135812.8945,1491.0,9.01
1758135812.9947,1492.0,10.36
1758135813.0947,1493.0,11.5
1758135813.1948,1494.0,11.39
1758135813.2949,1495.0,14.01
1758135813.395,1496.0,15.55
1758135813.495,1497.0,10.0
1758135813.5951,1498.0,9.6
1758135813.6934,1499.0,8.26
1758135813.7952,1500.0,9.16
1758135813.8952,1501.0,7.7
1758135813.9953,1502.0,6.77
1758135814.0952,1503.0,5.83
1758135814.1952,1504.0,7.17
1758135814.2953,1505.0,7.17
1758135814.3938,1506.0,5.88
1758135814.4933,1507.0,5.23
1758135814.5933,1508.0,5.65
1758135814.6932,1509.0,4.91
1758135814.7931,1510.0,6.39
1758135814.893,1511.0,7.73
1758135814.993,1512.0,6.72
1758135815.0948,1513.0,5.58
1758135815.1947,1514.0,5.13
1758135815.2946,1515.0,4.78
1758135815.3949,1516.0,3.82
1758135815.4947,1517.0,4.62
1758135815.5946,1518.0,3.93
1758135815.695,1519.0,4.16
1758135815.7949,1520.0,4.79
1758135815.8953,1521.0,3.83
1758135815.9948,1522.0,4.48
1758135816.0958,1523.0,5.2
1758135816.195,1524.0,5.2
1758135816.2932,1525.0,6.19
1758135816.3948,1526.0,7.61
1758135816.495,1527.0,6.47
1758135816.5954,1528.0,5.43
1758135816.6951,1529.0,6.3
1758135816.7951,1530.0,7.12
1758135816.8952,1531.0,6.98
1758135816.9936,1532.0,6.21
1758135817.0942,1533.0,7.15
1758135817.1958,1534.0,8.57
1758135817.2953,1535.0,10.2
1758135817.3938,1536.0,12.75
1758135817.4954,1537.0,11.48
1758135817.5951,1538.0,12.74
1758135817.6952,1539.0,13.0
1758135817.7952,1540.0,14.56
1758135817.8951,1541.0,10.0
1758135817.9949,1542.0,9.7
1758135818.0953,1543.0,10.67
1758135818.1951,1544.0,10.88
1758135818.2944,1545.0,13.5
1758135818.395,1546.0,11.74
1758135818.4952,1547.0,15.26
1758135818.5953,1548.0,12.21
1758135818.6954,1549.0,12.58
1758135818.7952,1550.0,12.45
1758135818.895,1551.0,12.95
1758135818.9935,1552.0,14.76
1758135819.0954,1553.0,15.8
1758135819.1952,1554.0,10.0
1758135819.2952,1555.0,11.3
1758135819.3955,1556.0,11.53
1758135819.4951,1557.0,9.8
1758135819.595,1558.0,9.41
1758135819.6936,1559.0,11.19
1758135819.7933,1560.0,9.18
1758135819.8932,1561.0,10.1
1758135819.9933,1562.0,8.18
1758135820.0932,1563.0,7.93
1758135820.1932,1564.0,7.85
1758135820.2933,1565.0,7.85
1758135820.3932,1566.0,8.01
1758135820.4938,1567.0,6.57
1758135820.5931,1568.0,5.25
1758135820.693,1569.0,5.52
1758135820.7929,1570.0,5.02
1758135820.893,1571.0,6.02
1758135820.9928,1572.0,5.0
1758135821.0946,1573.0,6.2
1758135821.1945,1574.0,6.26
1758135821.2944,1575.0,7.45
1758135821.3947,1576.0,6.93
1758135821.4945,1577.0,6.38
1758135821.5945,1578.0,6.7
1758135821.6931,1579.0,6.03
1758135821.7946,1580.0,4.94
1758135821.8947,1581.0,4.35
1758135821.9938,1582.0,4.52
1758135822.0948,1583.0,5.34
1758135822.1931,1584.0,5.12
1758135822.2952,1585.0,4.35
1758135822.395,1586.0,4.7
1758135822.4959,1587.0,5.22
1758135822.5951,1588.0,6.16
1758135822.6951,1589.0,7.27
1758135822.7952,1590.0,8.79
1758135822.8954,1591.0,8.27
1758135822.9951,1592.0,9.51
1758135823.095,1593.0,9.32
1758135823.1951,1594.0,10.81
1758135823.2952,1595.0,12.43
1758135823.3955,1596.0,12.93
1758135823.4954,1597.0,12.02
1758135823.5955,1598.0,13.22
1758135823.6954,1599.0,15.87
1758135823.7957,1600.0,13.65
1758135823.8958,1601.0,12.96
1758135823.9958,1602.0,12.19
1758135824.0956,1603.0,14.87
1758135824.196,1604.0,11.89
1758135824.294,1605.0,10.94
1758135824.3942,1606.0,10.83
1758135824.4961,1607.0,13.54
1758135824.596,1608.0,15.57
1758135824.6958,1609.0,13.55
1758135824.7964,1610.0,10.0
1758135824.896,1611.0,10.3
1758135824.9952,1612.0,11.95
1758135825.095,1613.0,10.28
1758135825.1945,1614.0,8.94
1758135825.2946,1615.0,8.76
1758135825.3945,1616.0,8.06
1758135825.4943,1617.0,8.14
1758135825.5939,1618.0,7.57
1758135825.694,1619.0,8.33
1758135825.7941,1620.0,10.74
1758135825.8939,1621.0,11.06
1758135825.9939,1622.0,12.17
1758135826.0958,1623.0,15.09
1758135826.1954,1624.0,10.0
1758135826.2956,1625.0,13.0
1758135826.3942,1626.0,12.74
1758135826.4936,1627.0,14.14
1758135826.5951,1628.0,10.0
1758135826.6953,1629.0,10.2
1758135826.7955,1630.0,10.3
1758135826.8956,1631.0,11.33
1758135826.9937,1632.0,14.62
1758135827.0956,1633.0,10.0
1758135827.1954,1634.0,8.8
1758135827.2956,1635.0,7.39
1758135827.3958,1636.0,6.06
1758135827.4956,1637.0,7.82
1758135827.5956,1638.0,7.35
1758135827.6959,1639.0,7.13
1758135827.7958,1640.0,7.49
1758135827.8956,1641.0,8.61
1758135827.994,1642.0,9.04
1758135828.0954,1643.0,11.03
1758135828.1951,1644.0,8.93
1758135828.2954,1645.0,7.15
1758135828.3954,1646.0,7.5
1758135828.4954,1647.0,7.05
1758135828.5942,1648.0,7.69
1758135828.6951,1649.0,9.46
1758135828.7945,1650.0,8.13
1758135828.8952,1651.0,10.08
1758135828.9951,1652.0,8.77
1758135829.0957,1653.0,8.69
1758135829.195,1654.0,9.73
1758135829.2953,1655.0,12.06
1758135829.3954,1656.0,13.39
1758135829.4956,1657.0,12.45
1758135829.5946,1658.0,14.57
1758135829.6938,1659.0,10.0
1758135829.7939,1660.0,11.7
1758135829.8947,1661.0,9.71
1758135829.9952,1662.0,11.07
1758135830.0955,1663.0,13.4
1758135830.1953,1664.0,10.0
1758135830.2953,1665.0,8.2
1758135830.3937,1666.0,9.59
1758135830.4938,1667.0,7.87
1758135830.5937,1668.0,8.65
1758135830.6935,1669.0,10.9
1758135830.7934,1670.0,8.83
1758135830.8934,1671.0,9.63
1758135830.9932,1672.0,11.84
1758135831.0941,1673.0,10.42
1758135831.1949,1674.0,13.34
1758135831.2953,1675.0,10.0
1758135831.3949,1676.0,11.7
1758135831.4951,1677.0,11.58
1758135831.5951,1678.0,10.89
1758135831.6952,1679.0,10.02
1758135831.7952,1680.0,9.72
1758135831.8949,1681.0,9.91
1758135831.9941,1682.0,8.23
1758135832.0948,1683.0,10.12
1758135832.1946,1684.0,12.24
1758135832.2936,1685.0,15.67
1758135832.395,1686.0,15.67
1758135832.4946,1687.0,12.85
1758135832.5951,1688.0,15.42
1758135832.6939,1689.0,10.0
1758135832.7952,1690.0,8.0
1758135832.8951,1691.0,10.32
1758135832.9941,1692.0,12.9
1758135833.0952,1693.0,14.71
1758135833.1953,1694.0,10.0
1758135833.2952,1695.0,10.9
1758135833.3952,1696.0,12.54
1758135833.495,1697.0,11.66
1758135833.5951,1698.0,13.76
1758135833.6948,1699.0,10.0
1758135833.7952,1700.0,10.4
1758135833.8949,1701.0,13.1
1758135833.9951,1702.0,14.15
1758135834.0948,1703.0,14.86
1758135834.1952,1704.0,10.0
1758135834.2947,1705.0,10.9
1758135834.3951,1706.0,12.32
1758135834.4946,1707.0,12.07
1758135834.595,1708.0,12.92
1758135834.6947,1709.0,12.79
1758135834.7951,1710.0,10.0
1758135834.8945,1711.0,9.4
1758135834.9937,1712.0,8.37
1758135835.095,1713.0,8.45
1758135835.1941,1714.0,9.38
1758135835.2948,1715.0,8.72
1758135835.3951,1716.0,8.02
1758135835.495,1717.0,10.11
1758135835.5948,1718.0,9.3
1758135835.6938,1719.0,9.67
1758135835.7933,1720.0,11.61
1758135835.8929,1721.0,9.64
1758135835.993,1722.0,9.25
1758135836.0929,1723.0,10.36
1758135836.1927,1724.0,13.26
1758135836.2927,1725.0,12.33
1758135836.3926,1726.0,10.85
1758135836.4926,1727.0,10.42
1758135836.5927,1728.0,9.59
1758135836.6926,1729.0,12.37
1758135836.7926,1730.0,11.25
1758135836.8924,1731.0,12.49
1758135836.9924,1732.0,10.12
1758135837.0927,1733.0,12.54
1758135837.194,1734.0,10.66
1758135837.2942,1735.0,9.38
1758135837.394,1736.0,10.32
1758135837.494,1737.0,11.46
1758135837.5931,1738.0,10.08
1758135837.6942,1739.0,10.89
1758135837.7941,1740.0,13.83
1758135837.8943,1741.0,15.49
1758135837.9942,1742.0,10.0
1758135838.094,1743.0,10.6
1758135838.1942,1744.0,10.92
1758135838.2939,1745.0,11.35
1758135838.3941,1746.0,11.13
1758135838.4939,1747.0,14.02
1758135838.593,1748.0,10.0
1758135838.6941,1749.0,12.6
1758135838.7941,1750.0,10.0
1758135838.8938,1751.0,8.8
1758135838.9941,1752.0,8.62
1758135839.0926,1753.0,10.95
1758135839.193,1754.0,9.86
1758135839.2939,1755.0,9.27
1758135839.394,1756.0,7.97
1758135839.494,1757.0,10.04
1758135839.5939,1758.0,8.63
1758135839.6943,1759.0,7.51
1758135839.794,1760.0,7.06
1758135839.894,1761.0,6.43
1758135839.9938,1762.0,7.39
1758135840.0938,1763.0,7.09
1758135840.1943,1764.0,8.87
1758135840.2924,1765.0,9.49
1758135840.3942,1766.0,8.54
1758135840.493,1767.0,11.1
1758135840.5927,1768.0,10.99
1758135840.6942,1769.0,11.54
1758135840.7945,1770.0,12.23
1758135840.8942,1771.0,10.15
1758135840.9943,1772.0,9.75
1758135841.0926,1773.0,10.23
1758135841.1925,1774.0,8.29
1758135841.2927,1775.0,7.63
1758135841.3925,1776.0,7.93
1758135841.4924,1777.0,6.42
1758135841.5922,1778.0,7.65
1758135841.6923,1779.0,6.27
1758135841.7922,1780.0,5.02
1758135841.8921,1781.0,5.77
1758135841.992,1782.0,6.75
1758135842.094,1783.0,5.94
1758135842.1937,1784.0,5.11
1758135842.2938,1785.0,5.31
1758135842.3938,1786.0,5.47
1758135842.494,1787.0,5.03
1758135842.5939,1788.0,4.63
1758135842.694,1789.0,4.4
1758135842.7943,1790.0,3.83
1758135842.8924,1791.0,3.94
1758135842.9929,1792.0,3.71
1758135843.0943,1793.0,4.0
1758135843.1943,1794.0,4.52
1758135843.2943,1795.0,3.75
1758135843.3943,1796.0,3.72
1758135843.4945,1797.0,4.31
1758135843.5945,1798.0,4.18
1758135843.6943,1799.0,5.44
1758135843.7947,1800.0,5.44
1758135843.8947,1801.0,4.51
1758135843.993,1802.0,5.77
1758135844.0949,1803.0,7.51
1758135844.1948,1804.0,8.33
1758135844.2948,1805.0,7.33
1758135844.3947,1806.0,6.82
1758135844.4955,1807.0,8.52
1758135844.5953,1808.0,9.72
1758135844.6953,1809.0,10.01
1758135844.7953,1810.0,11.11
1758135844.8951,1811.0,10.11
1758135844.9953,1812.0,13.04
1758135845.0951,1813.0,10.0
1758135845.1952,1814.0,8.1
1758135845.2952,1815.0,8.18
1758135845.3953,1816.0,9.49
1758135845.4951,1817.0,12.05
1758135845.5934,1818.0,9.88
1758135845.6949,1819.0,12.45
1758135845.795,1820.0,14.57
1758135845.8953,1821.0,13.84
1758135845.995,1822.0,11.35
1758135846.0951,1823.0,11.69
1758135846.1951,1824.0,10.52
1758135846.2956,1825.0,9.89
1758135846.3953,1826.0,7.91
1758135846.4937,1827.0,7.04
1758135846.5937,1828.0,8.38
1758135846.6936,1829.0,7.46
1758135846.7934,1830.0,7.76
1758135846.8934,1831.0,7.6
1758135846.9935,1832.0,9.81
1758135847.0949,1833.0,9.51
1758135847.1953,1834.0,7.89
1758135847.2951,1835.0,8.84
1758135847.3951,1836.0,8.93
1758135847.4952,1837.0,9.38
1758135847.5952,1838.0,10.97
1758135847.6952,1839.0,11.19
1758135847.7953,1840.0,10.85
1758135847.8953,1841.0,14.11
1758135847.9943,1842.0,12.7
1758135848.0955,1843.0,12.83
1758135848.1959,1844.0,15.39
1758135848.2959,1845.0,12.93
1758135848.3958,1846.0,12.41
1758135848.4957,1847.0,12.66
1758135848.5946,1848.0,13.8
1758135848.6948,1849.0,15.59
1758135848.7959,1850.0,10.0
1758135848.8963,1851.0,8.2
1758135848.9944,1852.0,10.41
1758135849.0963,1853.0,13.02
1758135849.1962,1854.0,10.0
1758135849.2964,1855.0,11.0
1758135849.3963,1856.0,8.91
1758135849.4964,1857.0,9.0
1758135849.5963,1858.0,8.19
1758135849.6964,1859.0,6.8
1758135849.7964,1860.0,8.09
1758135849.8966,1861.0,7.6
1758135849.9965,1862.0,6.39
1758135850.0966,1863.0,6.32
1758135850.1965,1864.0,6.51
1758135850.2967,1865.0,6.06
1758135850.3966,1866.0,5.39
1758135850.4967,1867.0,4.58
1758135850.5968,1868.0,5.45
1758135850.697,1869.0,6.49
1758135850.7965,1870.0,8.05
1758135850.8952,1871.0,10.38
1758135850.9966,1872.0,8.72
1758135851.0971,1873.0,9.42
1758135851.197,1874.0,11.39
1758135851.2971,1875.0,9.46
1758135851.3971,1876.0,12.1
1758135851.4976,1877.0,10.41
1758135851.5973,1878.0,11.14
1758135851.6965,1879.0,10.47
1758135851.7957,1880.0,9.32
1758135851.8956,1881.0,9.04
1758135851.9964,1882.0,7.77
1758135852.0955,1883.0,9.02
1758135852.1954,1884.0,11.45
1758135852.2953,1885.0,14.08
1758135852.3952,1886.0,10.0
1758135852.4952,1887.0,9.6
1758135852.5951,1888.0,7.78
1758135852.6953,1889.0,9.25
1758135852.7951,1890.0,10.27
1758135852.895,1891.0,8.53
1758135852.995,1892.0,10.06
1758135853.0958,1893.0,9.96
1758135853.1966,1894.0,11.35
1758135853.2968,1895.0,14.08
1758135853.3968,1896.0,14.78
1758135853.4967,1897.0,13.3
1758135853.597,1898.0,12.9
1758135853.6971,1899.0,15.74
1758135853.7978,1900.0,10.0
1758135853.8975,1901.0,10.2
1758135853.9982,1902.0,13.16
1758135854.0978,1903.0,12.11
1758135854.1979,1904.0,12.35
1758135854.2979,1905.0,13.46
1758135854.3985,1906.0,13.05
1758135854.4977,1907.0,10.0
1758135854.5979,1908.0,11.4
1758135854.6978,1909.0,13.45
1758135854.7979,1910.0,13.32
1758135854.8981,1911.0,10.0
1758135854.9981,1912.0,11.5
1758135855.0965,1913.0,10.12
1758135855.1969,1914.0,8.7
1758135855.2979,1915.0,7.05
1758135855.3985,1916.0,8.39
1758135855.4982,1917.0,7.8
1758135855.5984,1918.0,6.71
1758135855.6984,1919.0,8.32
1758135855.7985,1920.0,10.57
1758135855.8983,1921.0,11.83
1758135855.9986,1922.0,14.44
1758135856.0984,1923.0,10.0
1758135856.1968,1924.0,10.8
1758135856.2987,1925.0,10.04
1758135856.3988,1926.0,9.74
1758135856.4995,1927.0,11.01
1758135856.5989,1928.0,14.2
1758135856.6977,1929.0,12.92
1758135856.7985,1930.0,12.67
1758135856.8992,1931.0,13.05
1758135856.9994,1932.0,12.65
1758135857.0985,1933.0,10.5
1758135857.1974,1934.0,12.18
1758135857.2973,1935.0,14.86
1758135857.3974,1936.0,10.0
1758135857.4972,1937.0,11.9
1758135857.597,1938.0,14.87
1758135857.697,1939.0,10.0
1758135857.7969,1940.0,11.5
1758135857.8968,1941.0,14.84
1758135857.9968,1942.0,12.46
1758135858.0985,1943.0,14.58
1758135858.1985,1944.0,10.0
1758135858.2984,1945.0,9.6
1758135858.3984,1946.0,7.68
1758135858.4982,1947.0,9.29
1758135858.5985,1948.0,8.55
1758135858.6984,1949.0,7.69
1758135858.7982,1950.0,9.0
1758135858.8988,1951.0,7.29
1758135858.9978,1952.0,8.68
1758135859.0988,1953.0,11.11
1758135859.1989,1954.0,12.33
1758135859.2993,1955.0,10.11
1758135859.3982,1956.0,11.12
1758135859.4991,1957.0,9.56
1758135859.5991,1958.0,10.33
1758135859.6991,1959.0,11.98
1758135859.7993,1960.0,15.34
1758135859.8994,1961.0,13.5
1758135859.9987,1962.0,10.8
1758135860.0981,1963.0,11.66
1758135860.1993,1964.0,10.96
1758135860.2996,1965.0,11.95
1758135860.3994,1966.0,14.93
1758135860.4996,1967.0,10.0
1758135860.5993,1968.0,11.1
1758135860.6993,1969.0,12.43
1758135860.7985,1970.0,14.3
1758135860.8976,1971.0,10.0
1758135860.9993,1972.0,10.2
1758135861.0997,1973.0,11.12
1758135861.1995,1974.0,13.01
1758135861.3,1975.0,12.62
1758135861.3998,1976.0,15.77
1758135861.4979,1977.0,10.0
1758135861.5998,1978.0,12.4
1758135861.6996,1979.0,11.78
1758135861.7997,1980.0,14.25
1758135861.8997,1981.0,12.83
1758135862.0001,1982.0,14.88
1758135862.1002,1983.0,14.88
1758135862.2005,1984.0,15.77
1758135862.3004,1985.0,13.72
1758135862.4004,1986.0,12.49
1758135862.4987,1987.0,10.86
1758135862.5984,1988.0,10.43
1758135862.6988,1989.0,13.25
1758135862.7985,1990.0,10.0
1758135862.8984,1991.0,8.0
1758135862.9985,1992.0,8.64
1758135863.0989,1993.0,8.55
1758135863.2003,1994.0,10.86
1758135863.3005,1995.0,13.04
1758135863.4005,1996.0,14.86
1758135863.5005,1997.0,10.0
1758135863.6004,1998.0,9.5
1758135863.7007,1999.0,9.12
1758135863.8005,2000.0,10.4
1758135863.9007,2001.0,11.44
1758135864.0006,2002.0,12.35
1758135864.1006,2003.0,11.12
1758135864.2008,2004.0,14.12
1758135864.3009,2005.0,10.0
1758135864.4007,2006.0,8.6
1758135864.5009,2007.0,11.09
1758135864.6009,2008.0,12.87
1758135864.7008,2009.0,15.96
1758135864.8,2010.0,10.0
1758135864.899,2011.0,10.2
1758135865.0007,2012.0,10.3
1758135865.0997,2013.0,12.98
1758135865.2009,2014.0,11.16
1758135865.301,2015.0,12.17
1758135865.4009,2016.0,15.09
1758135865.5012,2017.0,10.0
1758135865.6007,2018.0,12.5
1758135865.7013,2019.0,11.25
1758135865.8017,2020.0,13.61
1758135865.9016,2021.0,14.16
1758135866.0016,2022.0,13.45
1758135866.1018,2023.0,11.43
1758135866.202,2024.0,14.18
1758135866.3016,2025.0,11.62
1758135866.4021,2026.0,11.39
1758135866.5022,2027.0,14.24
1758135866.6023,2028.0,10.0
1758135866.7023,2029.0,12.6
1758135866.8005,2030.0,10.0
1758135866.9011,2031.0,11.9
1758135867.0022,2032.0,14.64
1758135867.1025,2033.0,10.0
1758135867.2024,2034.0,11.7
1758135867.3025,2035.0,13.92
1758135867.4017,2036.0,10.0
1758135867.5025,2037.0,10.3
1758135867.6026,2038.0,8.86
1758135867.7013,2039.0,7.17
1758135867.8008,2040.0,6.31
1758135867.9006,2041.0,6.06
1758135868.0015,2042.0,6.12
1758135868.1004,2043.0,4.9
1758135868.2003,2044.0,6.27
1758135868.3003,2045.0,6.83
1758135868.4001,2046.0,6.9
1758135868.5001,2047.0,6.42
1758135868.6001,2048.0,5.65
1758135868.6999,2049.0,4.86
1758135868.7998,2050.0,4.13
1758135868.8999,2051.0,3.8
1758135868.9998,2052.0,4.03
1758135869.1017,2053.0,3.95
1758135869.2016,2054.0,3.2
1758135869.3017,2055.0,3.39
1758135869.4019,2056.0,3.22
1758135869.5019,2057.0,3.03
1758135869.6021,2058.0,3.69
1758135869.7006,2059.0,3.43
1758135869.8019,2060.0,3.33
1758135869.9018,2061.0,2.96
1758135870.0003,2062.0,2.49
1758135870.1018,2063.0,2.24
1758135870.2017,2064.0,2.78
1758135870.3019,2065.0,2.92
1758135870.402,2066.0,3.73
1758135870.502,2067.0,3.51
1758135870.6021,2068.0,3.4
1758135870.7022,2069.0,2.93
1758135870.8017,2070.0,3.07
1758135870.9023,2071.0,2.64
1758135871.0001,2072.0,3.38
1758135871.1021,2073.0,3.82
1758135871.2017,2074.0,3.82
1758135871.302,2075.0,3.06
1758135871.4019,2076.0,3.79
1758135871.5025,2077.0,4.74
1758135871.6021,2078.0,5.41
1758135871.7022,2079.0,4.97
1758135871.8018,2080.0,5.22
1758135871.9024,2081.0,5.59
1758135872.0026,2082.0,6.76
1758135872.1006,2083.0,7.44
1758135872.2024,2084.0,7.44
1758135872.3026,2085.0,6.17
1758135872.4027,2086.0,7.78
1758135872.5028,2087.0,8.01
1758135872.6029,2088.0,8.73
1758135872.7031,2089.0,9.87
1758135872.8031,2090.0,12.73
1758135872.9035,2091.0,10.82
1758135873.0026,2092.0,11.58
1758135873.1033,2093.0,12.5
1758135873.2013,2094.0,15.13
1758135873.3013,2095.0,12.1
1758135873.4018,2096.0,14.28
1758135873.5013,2097.0,13.42
1758135873.6012,2098.0,13.69
1758135873.7011,2099.0,10.0
1758135873.8011,2100.0,11.1
1758135873.901,2101.0,11.99
1758135874.0015,2102.0,12.71
1758135874.1028,2103.0,13.72
1758135874.2028,2104.0,15.23
1758135874.3026,2105.0,10.0
1758135874.4028,2106.0,10.4
1758135874.5028,2107.0,8.84
1758135874.6029,2108.0,8.66
1758135874.7031,2109.0,10.74
1758135874.8034,2110.0,13.43
1758135874.9018,2111.0,13.97
1758135875.0021,2112.0,10.0
1758135875.1032,2113.0,10.3
1758135875.202,2114.0,9.99
1758135875.3032,2115.0,11.39
1758135875.4032,2116.0,12.87
1758135875.5035,2117.0,11.33
1758135875.6034,2118.0,13.36
1758135875.7036,2119.0,15.37
1758135875.8036,2120.0,13.68
1758135875.9036,2121.0,14.09
1758135876.0017,2122.0,15.5
1758135876.1025,2123.0,10.0
1758135876.2037,2124.0,12.9
1758135876.3038,2125.0,15.09
1758135876.4038,2126.0,10.0
1758135876.5037,2127.0,8.0
1758135876.6038,2128.0,6.56
1758135876.704,2129.0,5.97
1758135876.804,2130.0,7.04
1758135876.9041,2131.0,8.1
1758135877.0044,2132.0,8.51
1758135877.1042,2133.0,10.89
1758135877.2045,2134.0,10.23
1758135877.3044,2135.0,8.9
1758135877.4026,2136.0,10.15
1758135877.5042,2137.0,11.37
1758135877.6044,2138.0,10.57
1758135877.7042,2139.0,10.04
1758135877.8049,2140.0,9.84
1758135877.9034,2141.0,9.55
1758135878.0048,2142.0,11.84
1758135878.105,2143.0,14.44
1758135878.205,2144.0,14.44
1758135878.305,2145.0,10.0
1758135878.4054,2146.0,9.1
1758135878.5037,2147.0,8.92
1758135878.6032,2148.0,10.17
1758135878.703,2149.0,12.0
1758135878.8029,2150.0,12.12
1758135878.9028,2151.0,12.24
1758135879.0027,2152.0,13.58
1758135879.1027,2153.0,12.63
1758135879.2044,2154.0,10.0
1758135879.3043,2155.0,9.2
1758135879.4043,2156.0,7.54
1758135879.5045,2157.0,9.2
1758135879.6045,2158.0,8.19
1758135879.7041,2159.0,7.7
1758135879.8047,2160.0,6.93
1758135879.905,2161.0,6.86
1758135880.0035,2162.0,5.63
1758135880.1048,2163.0,5.34
1758135880.2049,2164.0,6.31
1758135880.3051,2165.0,5.93
1758135880.4051,2166.0,6.88
1758135880.5054,2167.0,6.12
1758135880.6053,2168.0,5.94
1758135880.7053,2169.0,6.0
1758135880.8058,2170.0,6.72
1758135880.9055,2171.0,7.72
1758135881.0052,2172.0,9.65
1758135881.1041,2173.0,7.92
1758135881.2056,2174.0,8.79
1758135881.3056,2175.0,10.19
1758135881.4057,2176.0,9.78
1758135881.5058,2177.0,9.1
1758135881.6057,2178.0,9.83
1758135881.7059,2179.0,10.42
1758135881.8058,2180.0,13.54
1758135881.9061,2181.0,13.0
1758135882.006,2182.0,11.7
1758135882.1061,2183.0,11.58
1758135882.206,2184.0,13.55
1758135882.3062,2185.0,14.77
1758135882.4062,2186.0,10.0
1758135882.5063,2187.0,9.3
1758135882.6062,2188.0,11.62
1758135882.7044,2189.0,9.65
1758135882.806,2190.0,8.3
1758135882.9067,2191.0,7.05
1758135883.0056,2192.0,7.69
1758135883.1065,2193.0,9.23
1758135883.2065,2194.0,10.7
1758135883.3067,2195.0,12.84
1758135883.4066,2196.0,10.0
1758135883.5067,2197.0,12.5
1758135883.6064,2198.0,11.88
1758135883.7064,2199.0,9.74
1758135883.8062,2200.0,8.18
1758135883.9048,2201.0,9.9
1758135884.0044,2202.0,8.71
1758135884.1041,2203.0,7.32
1758135884.2042,2204.0,8.93
1758135884.3041,2205.0,9.82
1758135884.404,2206.0,11.49
1758135884.5041,2207.0,11.26
1758135884.6038,2208.0,10.13
1758135884.7037,2209.0,11.04
1758135884.8036,2210.0,10.49
1758135884.9036,2211.0,9.86
1758135885.0034,2212.0,7.89
1758135885.1054,2213.0,7.81
1758135885.2053,2214.0,9.22
1758135885.3055,2215.0,9.4
1758135885.4033,2216.0,10.25
1758135885.505,2217.0,11.78
1758135885.6051,2218.0,10.72
1758135885.7048,2219.0,9.97
1758135885.8054,2220.0,8.78
1758135885.9053,2221.0,10.18
1758135886.0057,2222.0,10.28
1758135886.1054,2223.0,9.67
1758135886.2039,2224.0,12.37
1758135886.3053,2225.0,15.71
1758135886.4055,2226.0,10.0
1758135886.5055,2227.0,12.3
1758135886.6055,2228.0,11.07
1758135886.7055,2229.0,14.28
1758135886.8053,2230.0,13.0
1758135886.9055,2231.0,13.51
1758135887.0055,2232.0,12.97
1758135887.1034,2233.0,12.84
1758135887.2038,2234.0,10.0
1758135887.3053,2235.0,11.4
1758135887.4054,2236.0,11.4
1758135887.5056,2237.0,9.23
1758135887.6054,2238.0,9.88
1758135887.706,2239.0,9.88
1758135887.8055,2240.0,10.18
1758135887.9055,2241.0,10.28
1758135888.0054,2242.0,9.15
1758135888.1056,2243.0,11.53
1758135888.2055,2244.0,11.64
1758135888.3054,2245.0,9.55
1758135888.4053,2246.0,8.69
1758135888.5057,2247.0,8.69
1758135888.6057,2248.0,7.64
1758135888.7042,2249.0,8.79
1758135888.8054,2250.0,8.26
1758135888.9049,2251.0,6.61
1758135889.0053,2252.0,5.95
1758135889.1055,2253.0,7.44
1758135889.2043,2254.0,9.0
1758135889.3041,2255.0,10.17
1758135889.4033,2256.0,9.46
1758135889.5033,2257.0,7.94
1758135889.6033,2258.0,7.15
1758135889.7032,2259.0,8.22
1758135889.8032,2260.0,10.69
1758135889.9031,2261.0,9.3
1758135890.003,2262.0,8.56
1758135890.1041,2263.0,10.61
1758135890.2051,2264.0,10.29
1758135890.3049,2265.0,10.08
1758135890.4051,2266.0,10.69
1758135890.5051,2267.0,12.61
1758135890.605,2268.0,12.24
1758135890.7033,2269.0,11.26
1758135890.8054,2270.0,12.94
1758135890.9054,2271.0,11.0
1758135891.0051,2272.0,13.09
1758135891.1053,2273.0,11.39
1758135891.2054,2274.0,14.24
1758135891.3055,2275.0,14.95
1758135891.4056,2276.0,10.0
1758135891.5056,2277.0,10.6
1758135891.6054,2278.0,11.98
1758135891.7055,2279.0,14.85
1758135891.8054,2280.0,12.62
1758135891.9053,2281.0,15.15
1758135892.0054,2282.0,13.63
1758135892.1041,2283.0,12.82
1758135892.2053,2284.0,10.0
1758135892.3052,2285.0,8.8
1758135892.4053,2286.0,7.04
1758135892.5056,2287.0,7.6
1758135892.6053,2288.0,7.38
1758135892.7054,2289.0,7.3
1758135892.8051,2290.0,6.28
1758135892.9054,2291.0,5.21
1758135893.0053,2292.0,4.74
1758135893.1047,2293.0,3.94
1758135893.2054,2294.0,4.21
1758135893.3054,2295.0,5.48
1758135893.4056,2296.0,6.19
1758135893.5057,2297.0,6.13
1758135893.6054,2298.0,6.19
1758135893.7056,2299.0,5.82
1758135893.8058,2300.0,7.09
1758135893.9058,2301.0,6.17
1758135894.0058,2302.0,5.06
1758135894.1057,2303.0,4.86
1758135894.2058,2304.0,5.69
1758135894.3061,2305.0,6.88
1758135894.406,2306.0,7.98
1758135894.5051,2307.0,9.5
1758135894.6047,2308.0,9.69
1758135894.7041,2309.0,8.33
1758135894.8039,2310.0,9.0
1758135894.9038,2311.0,9.18
1758135895.0044,2312.0,7.43
1758135895.1044,2313.0,6.91
1758135895.2055,2314.0,8.43
1758135895.3043,2315.0,8.77
1758135895.4053,2316.0,10.17
1758135895.5052,2317.0,13.23
1758135895.6054,2318.0,12.83
1758135895.7055,2319.0,14.75
1758135895.8054,2320.0,10.0
1758135895.9055,2321.0,11.2
1758135896.0035,2322.0,11.31
1758135896.1054,2323.0,9.39
1758135896.2055,2324.0,10.05
1758135896.3054,2325.0,8.24
1758135896.4054,2326.0,7.74
1758135896.5055,2327.0,7.51
1758135896.6045,2328.0,6.23
1758135896.7055,2329.0,7.17
1758135896.8054,2330.0,6.6
1758135896.9054,2331.0,6.4
1758135897.0035,2332.0,5.31
1758135897.104,2333.0,4.83
1758135897.2055,2334.0,5.51
1758135897.305,2335.0,6.89
1758135897.4055,2336.0,7.85
1758135897.5052,2337.0,8.87
1758135897.6053,2338.0,10.02
1758135897.7052,2339.0,12.43
1758135897.8055,2340.0,10.94
1758135897.9053,2341.0,9.3
1758135898.0053,2342.0,9.11
1758135898.105,2343.0,8.38
1758135898.2054,2344.0,10.31
1758135898.3048,2345.0,12.99
1758135898.4054,2346.0,12.21
1758135898.5051,2347.0,13.43
1758135898.6054,2348.0,12.49
1758135898.704,2349.0,10.99
1758135898.8054,2350.0,14.07
1758135898.9056,2351.0,10.0
1758135899.0055,2352.0,9.9
1758135899.1057,2353.0,9.4
1758135899.2056,2354.0,11.66
1758135899.3055,2355.0,14.69
1758135899.4056,2356.0,12.49
1758135899.5056,2357.0,12.49
1758135899.6055,2358.0,14.36
1758135899.7056,2359.0,10.0
1758135899.8055,2360.0,9.7
1758135899.9054,2361.0,8.83
1758135900.0034,2362.0,7.68
1758135900.1034,2363.0,8.52
1758135900.2033,2364.0,7.25
1758135900.3033,2365.0,6.38
1758135900.4032,2366.0,7.21
1758135900.5032,2367.0,6.34
1758135900.603,2368.0,6.91
1758135900.703,2369.0,5.81
1758135900.8029,2370.0,5.11
1758135900.9027,2371.0,6.03
1758135901.0026,2372.0,5.43
1758135901.1029,2373.0,6.24
1758135901.2038,2374.0,5.3
1758135901.3033,2375.0,5.62
1758135901.4045,2376.0,6.02
1758135901.5044,2377.0,6.56
1758135901.6044,2378.0,5.44
1758135901.7045,2379.0,6.26
1758135901.8043,2380.0,5.01
1758135901.9044,2381.0,6.46
1758135902.0047,2382.0,6.72
1758135902.1047,2383.0,6.18
1758135902.2043,2384.0,7.17
1758135902.3044,2385.0,7.53
1758135902.4044,2386.0,7.07
1758135902.5046,2387.0,7.92
1758135902.6046,2388.0,8.4
1758135902.7035,2389.0,8.57
1758135902.8044,2390.0,7.8
1758135902.9046,2391.0,6.39
1758135903.0043,2392.0,6.78
1758135903.1025,2393.0,7.66
1758135903.203,2394.0,8.65
1758135903.3045,2395.0,11.16
1758135903.4035,2396.0,13.39
1758135903.5043,2397.0,11.79
1758135903.6042,2398.0,12.85
1758135903.7045,2399.0,14.9
1758135903.8043,2400.0,15.35
1758135903.9046,2401.0,15.81
1758135904.0024,2402.0,10.0
1758135904.1025,2403.0,8.2
1758135904.2043,2404.0,8.2
1758135904.3044,2405.0,9.02
1758135904.4047,2406.0,10.46
1758135904.5046,2407.0,10.88
1758135904.6046,2408.0,10.12
1758135904.7048,2409.0,8.5
1758135904.8039,2410.0,10.54
1758135904.9046,2411.0,10.33
1758135905.0046,2412.0,8.78
1758135905.1047,2413.0,9.22
1758135905.2048,2414.0,11.06
1758135905.3047,2415.0,10.62
1758135905.404,2416.0,9.13
1758135905.5027,2417.0,10.41
1758135905.6026,2418.0,10.0
1758135905.7028,2419.0,11.6
1758135905.8025,2420.0,10.9
1758135905.9025,2421.0,11.99
1758135906.0024,2422.0,14.03
1758135906.1046,2423.0,11.36
1758135906.2046,2424.0,11.14
1758135906.3045,2425.0,10.36
1758135906.4044,2426.0,12.01
1758135906.5045,2427.0,13.21
1758135906.6045,2428.0,13.61
1758135906.7044,2429.0,10.0
1758135906.8043,2430.0,10.4
1758135906.9044,2431.0,9.78
1758135907.0034,2432.0,10.66
1758135907.1039,2433.0,12.47
1758135907.2038,2434.0,14.84
1758135907.3038,2435.0,12.02
1758135907.4036,2436.0,12.38
1758135907.5038,2437.0,15.84
1758135907.6037,2438.0,14.42
1758135907.7037,2439.0,13.12
1758135907.8038,2440.0,11.81
1758135907.9037,2441.0,13.7
1758135908.0035,2442.0,14.93
1758135908.1017,2443.0,13.59
1758135908.2038,2444.0,13.31
1758135908.3035,2445.0,14.65
1758135908.4039,2446.0,10.0
1758135908.504,2447.0,9.5
1758135908.6041,2448.0,10.36
1758135908.7039,2449.0,12.53
1758135908.804,2450.0,13.28
1758135908.9041,2451.0,13.02
1758135909.0042,2452.0,14.84
1758135909.1041,2453.0,10.0
1758135909.2042,2454.0,12.0
1758135909.3025,2455.0,12.36
1758135909.4048,2456.0,11.87
1758135909.5047,2457.0,10.32
1758135909.6045,2458.0,9.5
1758135909.7047,2459.0,8.45
1758135909.8048,2460.0,10.23
1758135909.9051,2461.0,9.51
1758135910.0048,2462.0,10.08
1758135910.1052,2463.0,10.99
1758135910.2053,2464.0,10.88
1758135910.3049,2465.0,13.93
1758135910.4052,2466.0,14.62
1758135910.505,2467.0,13.6
1758135910.6055,2468.0,13.73
1758135910.7037,2469.0,10.0
1758135910.8035,2470.0,10.1
1758135910.9032,2471.0,8.58
1758135911.0034,2472.0,8.84
1758135911.1032,2473.0,9.46
1758135911.2032,2474.0,9.56
1758135911.303,2475.0,12.42
1758135911.4032,2476.0,15.65
1758135911.5031,2477.0,10.0
1758135911.6032,2478.0,9.5
1758135911.7026,2479.0,9.69
1758135911.8023,2480.0,8.43
1758135911.9024,2481.0,8.43
1758135912.0023,2482.0,9.95
1758135912.1036,2483.0,10.84
1758135912.204,2484.0,9.54
1758135912.304,2485.0,9.64
1758135912.4034,2486.0,11.85
1758135912.5041,2487.0,12.21
1758135912.604,2488.0,13.19
1758135912.704,2489.0,12.66
1758135912.8038,2490.0,13.29
1758135912.904,2491.0,11.7
1758135913.0027,2492.0,11.7
1758135913.1039,2493.0,13.33
1758135913.2021,2494.0,14.67
1758135913.3025,2495.0,12.17
1758135913.4022,2496.0,11.44
1758135913.5025,2497.0,9.73
1758135913.6039,2498.0,11.38
1758135913.704,2499.0,12.75
1758135913.8038,2500.0,12.11
1758135913.9039,2501.0,10.05
1758135914.0035,2502.0,8.14
1758135914.1043,2503.0,6.92
1758135914.2039,2504.0,6.78
1758135914.3041,2505.0,8.14
1758135914.4041,2506.0,10.42
1758135914.5045,2507.0,9.06
1758135914.6026,2508.0,9.79
1758135914.7045,2509.0,7.93
1758135914.8045,2510.0,6.58
1758135914.9043,2511.0,6.45
1758135915.004,2512.0,7.16
1758135915.1037,2513.0,7.73
1758135915.2041,2514.0,7.96
1758135915.3045,2515.0,7.72
1758135915.4047,2516.0,6.72
