TimeStamp, Counter, HostVehicleSpeed
1712332564.8535,1029.0,0.0
1712332564.857,1030.0,0.0
1712332564.859,1031.0,0.0
1712332564.8608,1032.0,0.0
1712332564.9595,1033.0,0.0
1712332565.0594,1034.0,0.0
1712332565.1587,1035.0,0.0
1712332565.2592,1036.0,0.0
1712332565.3587,1037.0,0.0
1712332565.4587,1038.0,0.0
1712332565.5593,1039.0,0.0
1712332565.6592,1040.0,0.0
1712332565.7587,1041.0,0.0
1712332565.8595,1042.0,0.0
1712332565.9591,1043.0,0.0
1712332566.0594,1044.0,0.0
1712332566.159,1045.0,0.0
1712332566.2588,1046.0,0.0
1712332566.3587,1047.0,0.0
1712332566.4591,1048.0,0.0
1712332566.5591,1049.0,0.0
1712332566.6591,1050.0,0.0
1712332566.7591,1051.0,0.0
1712332566.859,1052.0,0.0
1712332566.9592,1053.0,0.0
1712332567.0586,1054.0,0.0
1712332567.1588,1055.0,0.0
1712332567.2586,1056.0,0.0
1712332567.3589,1057.0,0.0
1712332567.4589,1058.0,0.0
1712332567.5591,1059.0,0.0
1712332567.6591,1060.0,0.0
1712332567.7588,1061.0,0.0
1712332567.8585,1062.0,0.0
1712332567.9585,1063.0,0.0
1712332568.0591,1064.0,0.0
1712332568.1589,1065.0,0.0
1712332568.2591,1066.0,0.0
1712332568.3586,1067.0,0.0
1712332568.4586,1068.0,0.0
1712332568.5586,1069.0,0.0
1712332568.6585,1070.0,0.0
1712332568.7587,1071.0,0.0
1712332568.8586,1072.0,0.0
1712332568.9589,1073.0,0.0
1712332569.0591,1074.0,0.0
1712332569.1586,1075.0,0.0
1712332569.2589,1076.0,0.0
1712332569.359,1077.0,0.0
1712332569.4589,1078.0,0.0
1712332569.559,1079.0,0.0
1712332569.6585,1080.0,0.0
1712332569.7587,1081.0,0.0
1712332569.8585,1082.0,0.0
1712332569.9589,1083.0,0.0
1712332570.0589,1084.0,0.0
1712332570.1589,1085.0,0.0
1712332570.2587,1086.0,0.0
1712332570.3595,1087.0,0.0
1712332570.4588,1088.0,0.0
1712332570.5584,1089.0,0.0
1712332570.6585,1090.0,0.0
1712332570.7584,1091.0,0.0
1712332570.8589,1092.0,0.0
1712332570.9589,1093.0,0.0
1712332571.0588,1094.0,0.0
1712332571.1588,1095.0,0.0
1712332571.2587,1096.0,0.0
1712332571.3586,1097.0,0.0
1712332571.4587,1098.0,0.0
1712332571.5589,1099.0,0.0
1712332571.6588,1100.0,0.0
1712332571.7589,1101.0,0.0
1712332571.8588,1102.0,0.0
1712332571.9583,1103.0,0.0
1712332572.0588,1104.0,0.0
1712332572.1587,1105.0,0.0
1712332572.2591,1106.0,0.0
1712332572.3589,1107.0,0.0
1712332572.4586,1108.0,0.0
1712332572.5586,1109.0,0.0
1712332572.6588,1110.0,0.0
1712332572.7588,1111.0,0.0
1712332572.8587,1112.0,0.0
1712332572.9587,1113.0,0.0
1712332573.0581,1114.0,0.0
1712332573.1582,1115.0,0.0
1712332573.2589,1116.0,0.0
1712332573.3584,1117.0,0.0
1712332573.4587,1118.0,0.0
1712332573.5587,1119.0,0.0
1712332573.6588,1120.0,0.0
1712332573.7636,1121.0,0.0
1712332573.8586,1122.0,0.0
1712332573.9586,1123.0,0.0
1712332574.0585,1124.0,0.0
1712332574.1585,1125.0,0.0
1712332574.2586,1126.0,0.0
1712332574.3584,1127.0,0.0
1712332574.4589,1128.0,0.0
1712332574.5581,1129.0,0.0
1712332574.6581,1130.0,0.0
1712332574.7585,1131.0,0.0
1712332574.8585,1132.0,0.0
1712332574.9585,1133.0,0.0
1712332575.0585,1134.0,0.0
1712332575.1586,1135.0,0.0
1712332575.2591,1136.0,0.0
1712332575.3584,1137.0,0.0
1712332575.4588,1138.0,0.0
1712332575.5587,1139.0,0.0
1712332575.6581,1140.0,0.0
1712332575.7584,1141.0,0.0
1712332575.8591,1142.0,0.0
1712332575.9584,1143.0,0.0
1712332576.0592,1144.0,0.67
1712332576.1592,1145.0,0.88
1712332576.2591,1146.0,1.01
1712332576.3581,1147.0,1.13
1712332576.4586,1148.0,1.26
1712332576.5591,1149.0,1.37
1712332576.6591,1150.0,1.49
1712332576.7582,1151.0,1.6
1712332576.8587,1152.0,1.71
1712332576.9582,1153.0,1.81
1712332577.0585,1154.0,1.9
1712332577.1584,1155.0,2.0
1712332577.2579,1156.0,2.09
1712332577.3582,1157.0,2.18
1712332577.4582,1158.0,2.27
1712332577.5582,1159.0,2.34
1712332577.6583,1160.0,2.41
1712332577.7585,1161.0,2.49
1712332577.8584,1162.0,2.56
1712332577.9579,1163.0,2.63
1712332578.0583,1164.0,2.7
1712332578.1579,1165.0,2.76
1712332578.2579,1166.0,2.83
1712332578.3582,1167.0,2.88
1712332578.4594,1168.0,2.94
1712332578.5581,1169.0,3.0
1712332578.6579,1170.0,3.07
1712332578.7581,1171.0,3.15
1712332578.8579,1172.0,3.23
1712332578.9582,1173.0,3.31
1712332579.0582,1174.0,3.38
1712332579.1582,1175.0,3.46
1712332579.2585,1176.0,3.55
1712332579.3581,1177.0,3.63
1712332579.4579,1178.0,3.71
1712332579.5578,1179.0,3.8
1712332579.6579,1180.0,3.87
1712332579.765,1181.0,3.95
1712332579.8585,1182.0,4.02
1712332579.9578,1183.0,4.09
1712332580.0586,1184.0,4.16
1712332580.1584,1185.0,4.22
1712332580.2585,1186.0,4.27
1712332580.3743,1187.0,4.33
1712332580.4581,1188.0,4.39
1712332580.5583,1189.0,4.43
1712332580.6579,1190.0,4.47
1712332580.758,1191.0,4.52
1712332580.8578,1192.0,4.56
1712332580.9578,1193.0,4.59
1712332581.0581,1194.0,4.61
1712332581.1581,1195.0,4.63
1712332581.2582,1196.0,4.67
1712332581.3582,1197.0,4.69
1712332581.4577,1198.0,4.71
1712332581.5585,1199.0,4.73
1712332581.6583,1200.0,4.75
1712332581.7578,1201.0,4.77
1712332581.8578,1202.0,4.77
1712332581.9579,1203.0,4.78
1712332582.0577,1204.0,4.8
1712332582.1578,1205.0,4.8
1712332582.2577,1206.0,4.81
1712332582.3576,1207.0,4.81
1712332582.458,1208.0,4.82
1712332582.5588,1209.0,4.82
1712332582.6579,1210.0,4.82
1712332582.7577,1211.0,4.81
1712332582.8579,1212.0,4.81
1712332582.9576,1213.0,4.81
1712332583.0579,1214.0,4.81
1712332583.1578,1215.0,4.79
1712332583.2582,1216.0,4.79
1712332583.358,1217.0,4.79
1712332583.4579,1218.0,4.78
1712332583.5581,1219.0,4.77
1712332583.6582,1220.0,4.77
1712332583.7579,1221.0,4.76
1712332583.8578,1222.0,4.76
1712332583.9574,1223.0,4.75
1712332584.1004,1224.0,4.74
1712332584.1576,1225.0,4.73
1712332584.2574,1226.0,4.73
1712332584.3578,1227.0,4.72
1712332584.4578,1228.0,4.71
1712332584.5574,1229.0,4.71
1712332584.6581,1230.0,4.7
1712332584.7584,1231.0,4.69
1712332584.8579,1232.0,4.69
1712332584.9577,1233.0,4.68
1712332585.0896,1234.0,4.67
1712332585.1585,1235.0,4.66
1712332585.2586,1236.0,4.66
1712332585.3576,1237.0,4.66
1712332585.458,1238.0,4.65
1712332585.5988,1239.0,4.65
1712332585.6575,1240.0,4.63
1712332585.7577,1241.0,4.62
1712332585.8581,1242.0,4.62
1712332585.9578,1243.0,4.62
1712332586.0575,1244.0,4.62
1712332586.1585,1245.0,4.6
1712332586.2587,1246.0,4.59
1712332586.3584,1247.0,4.59
1712332586.4584,1248.0,4.58
1712332586.5585,1249.0,4.57
1712332586.6584,1250.0,4.57
1712332586.7578,1251.0,4.56
1712332586.858,1252.0,4.57
1712332586.9577,1253.0,4.56
1712332587.0577,1254.0,4.56
1712332587.1576,1255.0,4.56
1712332587.2575,1256.0,4.56
1712332587.3585,1257.0,4.56
1712332587.4577,1258.0,4.54
1712332587.5576,1259.0,4.55
1712332587.6574,1260.0,4.54
1712332587.7578,1261.0,4.54
1712332587.8576,1262.0,4.54
1712332587.9572,1263.0,4.53
1712332588.0572,1264.0,4.53
1712332588.1572,1265.0,4.53
1712332588.2575,1266.0,4.52
1712332588.3583,1267.0,4.51
1712332588.4584,1268.0,4.51
1712332588.5578,1269.0,4.51
1712332588.6576,1270.0,4.51
1712332588.7573,1271.0,4.5
1712332588.8575,1272.0,4.49
1712332588.9577,1273.0,4.49
1712332589.0572,1274.0,4.49
1712332589.1574,1275.0,4.48
1712332589.2574,1276.0,4.47
1712332589.3574,1277.0,4.47
1712332589.4575,1278.0,4.46
1712332589.5584,1279.0,4.46
1712332589.6753,1280.0,4.45
1712332589.7592,1281.0,4.45
1712332589.8572,1282.0,4.44
1712332589.9574,1283.0,4.44
1712332590.0583,1284.0,4.43
1712332590.1586,1285.0,4.42
1712332590.2777,1286.0,4.42
1712332590.3574,1287.0,4.42
1712332590.4575,1288.0,4.41
1712332590.5579,1289.0,4.4
1712332590.6571,1290.0,4.4
1712332590.7574,1291.0,4.4
1712332590.8579,1292.0,4.39
1712332590.9571,1293.0,4.39
1712332591.0571,1294.0,4.38
1712332591.1585,1295.0,4.38
1712332591.2583,1296.0,4.38
1712332591.3583,1297.0,4.37
1712332591.4582,1298.0,4.37
1712332591.5584,1299.0,4.37
1712332591.6583,1300.0,4.36
1712332591.7582,1301.0,4.36
1712332591.8583,1302.0,4.36
1712332591.9577,1303.0,4.35
1712332592.0581,1304.0,4.35
1712332592.158,1305.0,4.35
1712332592.2575,1306.0,4.36
1712332592.3575,1307.0,4.35
1712332592.4573,1308.0,4.35
1712332592.5573,1309.0,4.35
1712332592.657,1310.0,4.35
1712332592.7591,1311.0,4.35
1712332592.8575,1312.0,4.34
1712332592.9576,1313.0,4.35
1712332593.057,1314.0,4.36
1712332593.1569,1315.0,4.37
1712332593.2569,1316.0,4.38
1712332593.3569,1317.0,4.39
1712332593.457,1318.0,4.42
1712332593.5568,1319.0,4.43
1712332593.6573,1320.0,4.45
1712332593.7571,1321.0,4.46
1712332593.8571,1322.0,4.48
1712332593.9579,1323.0,4.5
1712332594.0569,1324.0,4.52
1712332594.1568,1325.0,4.52
1712332594.2573,1326.0,4.52
1712332594.3571,1327.0,4.53
1712332594.4572,1328.0,4.54
1712332594.5571,1329.0,4.54
1712332594.6572,1330.0,4.55
1712332594.7569,1331.0,4.56
1712332594.8569,1332.0,4.56
1712332594.957,1333.0,4.58
1712332595.0568,1334.0,4.59
1712332595.1569,1335.0,4.59
1712332595.257,1336.0,4.6
1712332595.3573,1337.0,4.62
1712332595.4573,1338.0,4.62
1712332595.5572,1339.0,4.61
1712332595.6569,1340.0,4.62
1712332595.7567,1341.0,4.61
1712332595.8571,1342.0,4.61
1712332595.9573,1343.0,4.6
1712332596.0568,1344.0,4.6
1712332596.1573,1345.0,4.59
1712332596.2572,1346.0,4.59
1712332596.3573,1347.0,4.58
1712332596.4571,1348.0,4.58
1712332596.5567,1349.0,4.57
1712332596.6567,1350.0,4.56
1712332596.7567,1351.0,4.56
1712332596.8568,1352.0,4.54
1712332596.957,1353.0,4.53
1712332597.0573,1354.0,4.53
1712332597.157,1355.0,4.52
1712332597.2569,1356.0,4.51
1712332597.3568,1357.0,4.5
1712332597.4568,1358.0,4.49
1712332597.5569,1359.0,4.49
1712332597.6568,1360.0,4.49
1712332597.7566,1361.0,4.47
1712332597.8566,1362.0,4.46
1712332597.9566,1363.0,4.46
1712332598.0571,1364.0,4.46
1712332598.1566,1365.0,4.44
1712332598.257,1366.0,4.44
1712332598.357,1367.0,4.42
1712332598.4571,1368.0,4.42
1712332598.5571,1369.0,4.42
1712332598.6572,1370.0,4.41
1712332598.7757,1371.0,4.4
1712332598.8565,1372.0,4.39
1712332598.9565,1373.0,4.39
1712332599.0565,1374.0,4.38
1712332599.1569,1375.0,4.38
1712332599.2566,1376.0,4.36
1712332599.3571,1377.0,4.37
1712332599.457,1378.0,4.36
1712332599.557,1379.0,4.36
1712332599.6565,1380.0,4.35
1712332599.7573,1381.0,4.35
1712332599.8566,1382.0,4.36
1712332599.957,1383.0,4.36
1712332600.0565,1384.0,4.36
1712332600.1569,1385.0,4.36
1712332600.2568,1386.0,4.36
1712332600.3575,1387.0,4.36
1712332600.4575,1388.0,4.36
1712332600.576,1389.0,4.36
1712332600.6564,1390.0,4.36
1712332600.7566,1391.0,4.37
1712332600.8569,1392.0,4.37
1712332600.957,1393.0,4.37
1712332601.0569,1394.0,4.37
1712332601.1568,1395.0,4.38
1712332601.2567,1396.0,4.39
1712332601.3567,1397.0,4.39
1712332601.4568,1398.0,4.39
1712332601.5564,1399.0,4.39
1712332601.6568,1400.0,4.4
1712332601.7566,1401.0,4.4
1712332601.8564,1402.0,4.4
1712332601.9567,1403.0,4.4
1712332602.0566,1404.0,4.41
1712332602.1567,1405.0,4.42
1712332602.2567,1406.0,4.42
1712332602.3568,1407.0,4.42
1712332602.4567,1408.0,4.42
1712332602.5568,1409.0,4.43
1712332602.6563,1410.0,4.43
1712332602.7563,1411.0,4.43
1712332602.8563,1412.0,4.43
1712332602.9562,1413.0,4.44
1712332603.0568,1414.0,4.45
1712332603.1568,1415.0,4.44
1712332603.2565,1416.0,4.45
1712332603.3564,1417.0,4.45
1712332603.4565,1418.0,4.46
1712332603.5567,1419.0,4.46
1712332603.6566,1420.0,4.46
1712332603.7565,1421.0,4.46
1712332603.8565,1422.0,4.47
1712332603.9564,1423.0,4.48
1712332604.0567,1424.0,4.48
1712332604.1567,1425.0,4.49
1712332604.2567,1426.0,4.5
1712332604.357,1427.0,4.52
1712332604.4567,1428.0,4.54
1712332604.5564,1429.0,4.55
1712332604.6565,1430.0,4.56
1712332604.7565,1431.0,4.59
1712332604.8567,1432.0,4.6
1712332604.9566,1433.0,4.61
1712332605.0564,1434.0,4.62
1712332605.1567,1435.0,4.64
1712332605.2565,1436.0,4.65
1712332605.3567,1437.0,4.65
1712332605.4567,1438.0,4.66
1712332605.556,1439.0,4.66
1712332605.656,1440.0,4.67
1712332605.7563,1441.0,4.67
1712332605.8563,1442.0,4.67
1712332605.9564,1443.0,4.68
1712332606.0566,1444.0,4.69
1712332606.1565,1445.0,4.69
1712332606.2564,1446.0,4.7
1712332606.3573,1447.0,4.7
1712332606.4564,1448.0,4.69
1712332606.5562,1449.0,4.69
1712332606.6858,1450.0,4.66
1712332606.7565,1451.0,4.63
1712332606.8563,1452.0,4.58
1712332606.9565,1453.0,4.54
1712332607.0562,1454.0,4.49
1712332607.1562,1455.0,4.43
1712332607.2564,1456.0,4.38
1712332607.3564,1457.0,4.33
1712332607.4561,1458.0,4.28
1712332607.5563,1459.0,4.22
1712332607.6559,1460.0,4.17
1712332607.7561,1461.0,4.12
1712332607.8572,1462.0,4.08
1712332607.9562,1463.0,4.03
1712332608.0562,1464.0,3.98
1712332608.1562,1465.0,3.92
1712332608.2563,1466.0,3.86
1712332608.3563,1467.0,3.8
1712332608.456,1468.0,3.75
1712332608.5561,1469.0,3.69
1712332608.656,1470.0,3.64
1712332608.7564,1471.0,3.58
1712332608.856,1472.0,3.53
1712332608.9558,1473.0,3.48
1712332609.0557,1474.0,3.43
1712332609.1566,1475.0,3.38
1712332609.2564,1476.0,3.34
1712332609.3562,1477.0,3.29
1712332609.4564,1478.0,3.25
1712332609.5563,1479.0,3.21
1712332609.6563,1480.0,3.16
1712332609.7558,1481.0,3.12
1712332609.8563,1482.0,3.08
1712332609.9777,1483.0,3.03
1712332610.056,1484.0,2.99
1712332610.1558,1485.0,2.96
1712332610.2558,1486.0,2.93
1712332610.3561,1487.0,2.9
1712332610.4564,1488.0,2.88
1712332610.5563,1489.0,2.87
1712332610.6562,1490.0,2.85
1712332610.756,1491.0,2.84
1712332610.856,1492.0,2.84
1712332610.956,1493.0,2.84
1712332611.0559,1494.0,2.85
1712332611.1707,1495.0,2.86
1712332611.2567,1496.0,2.89
1712332611.356,1497.0,2.91
1712332611.4559,1498.0,2.95
1712332611.556,1499.0,2.98
1712332611.6559,1500.0,3.01
1712332611.7568,1501.0,3.05
1712332611.8568,1502.0,3.08
1712332611.9568,1503.0,3.12
1712332612.0557,1504.0,3.16
1712332612.1557,1505.0,3.21
1712332612.2556,1506.0,3.25
1712332612.3556,1507.0,3.3
1712332612.4618,1508.0,3.34
1712332612.5557,1509.0,3.38
1712332612.6556,1510.0,3.42
1712332612.7725,1511.0,3.48
1712332612.8562,1512.0,3.52
1712332612.9562,1513.0,3.56
1712332613.0556,1514.0,3.61
1712332613.1569,1515.0,3.65
1712332613.2633,1516.0,3.69
1712332613.3555,1517.0,3.74
1712332613.5258,1518.0,3.77
1712332613.5554,1519.0,3.82
1712332613.6561,1520.0,3.85
1712332613.756,1521.0,3.89
1712332613.8556,1522.0,3.94
1712332613.9558,1523.0,3.97
1712332614.0558,1524.0,4.01
1712332614.156,1525.0,4.05
1712332614.2558,1526.0,4.08
1712332614.3561,1527.0,4.12
1712332614.4557,1528.0,4.16
1712332614.5557,1529.0,4.19
1712332614.6559,1530.0,4.22
1712332614.756,1531.0,4.24
1712332614.8561,1532.0,4.29
1712332614.9555,1533.0,4.3
1712332615.0559,1534.0,4.32
1712332615.1556,1535.0,4.35
1712332615.2559,1536.0,4.36
1712332615.3558,1537.0,4.39
1712332615.4646,1538.0,4.41
1712332615.5554,1539.0,4.42
1712332615.6556,1540.0,4.43
1712332615.7554,1541.0,4.46
1712332615.856,1542.0,4.47
1712332615.9553,1543.0,4.48
1712332616.0624,1544.0,4.49
1712332616.1557,1545.0,4.5
1712332616.2555,1546.0,4.52
1712332616.3556,1547.0,4.53
1712332616.4557,1548.0,4.54
1712332616.5784,1549.0,4.54
1712332616.6587,1550.0,4.56
1712332616.7635,1551.0,4.56
1712332616.8558,1552.0,4.56
1712332616.9558,1553.0,4.56
1712332617.0555,1554.0,4.56
1712332617.1661,1555.0,4.57
1712332617.2552,1556.0,4.56
1712332617.3552,1557.0,4.56
1712332617.4554,1558.0,4.56
1712332617.5558,1559.0,4.57
1712332617.6558,1560.0,4.56
1712332617.7563,1561.0,4.55
1712332617.8556,1562.0,4.54
1712332617.9555,1563.0,4.54
1712332618.0556,1564.0,4.54
1712332618.1555,1565.0,4.53
1712332618.2557,1566.0,4.52
1712332618.3551,1567.0,4.53
1712332618.4551,1568.0,4.52
1712332618.5556,1569.0,4.52
1712332618.6558,1570.0,4.52
1712332618.7556,1571.0,4.52
1712332618.8556,1572.0,4.54
1712332618.9556,1573.0,4.54
1712332619.0562,1574.0,4.55
1712332619.1555,1575.0,4.56
1712332619.2554,1576.0,4.57
1712332619.3561,1577.0,4.58
1712332619.4561,1578.0,4.58
1712332619.5557,1579.0,4.59
1712332619.6554,1580.0,4.59
1712332619.7566,1581.0,4.59
1712332619.8553,1582.0,4.59
1712332619.9554,1583.0,4.58
1712332620.0554,1584.0,4.58
1712332620.1553,1585.0,4.58
1712332620.255,1586.0,4.57
1712332620.3553,1587.0,4.57
1712332620.4554,1588.0,4.56
1712332620.5552,1589.0,4.56
1712332620.655,1590.0,4.56
1712332620.7627,1591.0,4.56
1712332620.855,1592.0,4.56
1712332620.9559,1593.0,4.56
1712332621.0556,1594.0,4.58
1712332621.1557,1595.0,4.57
1712332621.2556,1596.0,4.58
1712332621.3555,1597.0,4.58
1712332621.4549,1598.0,4.58
1712332621.5554,1599.0,4.59
1712332621.6554,1600.0,4.59
1712332621.7551,1601.0,4.59
1712332621.8554,1602.0,4.6
1712332621.956,1603.0,4.62
1712332622.0552,1604.0,4.62
1712332622.156,1605.0,4.62
1712332622.2555,1606.0,4.63
1712332622.3559,1607.0,4.65
1712332622.4555,1608.0,4.64
1712332622.556,1609.0,4.65
1712332622.6561,1610.0,4.63
1712332622.7552,1611.0,4.63
1712332622.8557,1612.0,4.62
1712332622.9555,1613.0,4.61
1712332623.0554,1614.0,4.6
1712332623.1554,1615.0,4.59
1712332623.256,1616.0,4.58
1712332623.355,1617.0,4.56
1712332623.4553,1618.0,4.53
1712332623.5554,1619.0,4.5
1712332623.6551,1620.0,4.47
1712332623.7552,1621.0,4.43
1712332623.8551,1622.0,4.39
1712332623.955,1623.0,4.35
1712332624.0551,1624.0,4.3
1712332624.1553,1625.0,4.24
1712332624.2553,1626.0,4.19
1712332624.3552,1627.0,4.14
1712332624.4548,1628.0,4.09
1712332624.5552,1629.0,4.03
1712332624.6551,1630.0,3.96
1712332624.7559,1631.0,3.89
1712332624.8637,1632.0,3.82
1712332624.9559,1633.0,3.74
1712332625.0553,1634.0,3.67
1712332625.155,1635.0,3.59
1712332625.255,1636.0,3.52
1712332625.3551,1637.0,3.44
1712332625.4551,1638.0,3.35
1712332625.5547,1639.0,3.27
1712332625.6547,1640.0,3.19
1712332625.7553,1641.0,3.11
1712332625.855,1642.0,3.02
1712332625.9547,1643.0,2.94
1712332626.0551,1644.0,2.85
1712332626.155,1645.0,2.76
1712332626.2558,1646.0,2.67
1712332626.3547,1647.0,2.58
1712332626.4549,1648.0,2.51
1712332626.5546,1649.0,2.43
1712332626.6553,1650.0,2.35
1712332626.7551,1651.0,2.28
1712332626.8551,1652.0,2.21
1712332626.9549,1653.0,2.14
1712332627.0549,1654.0,2.08
1712332627.1547,1655.0,2.01
1712332627.255,1656.0,1.96
1712332627.3557,1657.0,1.91
1712332627.4557,1658.0,1.84
1712332627.5547,1659.0,1.79
1712332627.6546,1660.0,1.74
1712332627.7545,1661.0,1.69
1712332627.8546,1662.0,1.65
1712332627.9551,1663.0,1.61
1712332628.0551,1664.0,1.56
1712332628.1551,1665.0,1.52
1712332628.2552,1666.0,1.47
1712332628.3578,1667.0,1.43
1712332628.455,1668.0,1.34
1712332628.555,1669.0,1.22
1712332628.6545,1670.0,1.12
1712332628.7547,1671.0,1.0
1712332628.8546,1672.0,0.9
1712332628.9545,1673.0,0.79
1712332629.0544,1674.0,0.67
1712332629.1551,1675.0,0.58
1712332629.2552,1676.0,0.54
1712332629.3554,1677.0,0.36
1712332629.455,1678.0,0.26
1712332629.5549,1679.0,0.16
1712332629.655,1680.0,0.0
1712332629.7546,1681.0,0.0
1712332629.855,1682.0,0.0
1712332629.9669,1683.0,0.0
1712332630.0927,1684.0,0.0
1712332630.1548,1685.0,0.0
1712332630.2546,1686.0,0.0
1712332630.3547,1687.0,0.0
1712332630.4659,1688.0,0.0
1712332630.5547,1689.0,0.0
1712332630.6548,1690.0,0.0
1712332630.7543,1691.0,0.0
1712332630.8543,1692.0,0.0
1712332630.9546,1693.0,0.0
1712332631.0548,1694.0,0.0
1712332631.1548,1695.0,0.0
1712332631.2543,1696.0,0.0
1712332631.3543,1697.0,0.0
1712332631.4544,1698.0,0.0
1712332631.5546,1699.0,0.0
1712332631.6543,1700.0,0.0
1712332631.7543,1701.0,0.0
1712332631.8543,1702.0,0.0
1712332631.9543,1703.0,0.0
1712332632.0545,1704.0,0.0
1712332632.1542,1705.0,0.0
1712332632.2547,1706.0,0.0
1712332632.3542,1707.0,0.0
1712332632.4552,1708.0,0.0
1712332632.5542,1709.0,0.0
1712332632.6545,1710.0,0.0
1712332632.7542,1711.0,0.0
1712332632.8545,1712.0,0.0
1712332632.9547,1713.0,0.0
1712332633.0545,1714.0,0.0
1712332633.1541,1715.0,0.0
1712332633.2552,1716.0,0.0
1712332633.3553,1717.0,0.0
1712332633.4543,1718.0,0.0
1712332633.5546,1719.0,0.0
1712332633.6544,1720.0,0.0
1712332633.7544,1721.0,0.0
1712332633.8541,1722.0,0.0
1712332633.9545,1723.0,0.0
1712332634.0546,1724.0,0.0
1712332634.1872,1725.0,0.0
1712332634.2691,1726.0,0.0
1712332634.3542,1727.0,0.0
1712332634.4546,1728.0,0.0
1712332634.5544,1729.0,0.0
1712332634.6545,1730.0,0.0
1712332634.7586,1731.0,0.0
1712332634.8551,1732.0,0.0
1712332634.9551,1733.0,0.0
1712332635.0543,1734.0,0.0
1712332635.1542,1735.0,0.0
1712332635.254,1736.0,0.0
1712332635.3544,1737.0,0.0
1712332635.455,1738.0,0.0
1712332635.554,1739.0,0.0
1712332635.6543,1740.0,0.0
1712332635.7542,1741.0,0.0
1712332635.8542,1742.0,0.0
1712332635.9542,1743.0,0.0
1712332636.0544,1744.0,0.0
1712332636.1544,1745.0,0.0
1712332636.2542,1746.0,0.0
1712332636.3542,1747.0,0.0
1712332636.4543,1748.0,0.0
1712332636.5543,1749.0,0.0
1712332636.6539,1750.0,0.0
1712332636.754,1751.0,0.0
1712332636.8542,1752.0,0.0
1712332636.9542,1753.0,0.0
1712332637.055,1754.0,0.0
1712332637.1549,1755.0,0.0
1712332637.2545,1756.0,0.0
1712332637.3543,1757.0,0.0
1712332637.455,1758.0,0.0
1712332637.5542,1759.0,0.0
1712332637.6538,1760.0,0.0
1712332637.7538,1761.0,0.0
1712332637.8539,1762.0,0.0
1712332637.9792,1763.0,0.0
1712332638.0543,1764.0,0.0
1712332638.1541,1765.0,0.0
1712332638.2543,1766.0,0.0
1712332638.3541,1767.0,0.0
1712332638.4549,1768.0,0.0
1712332638.5545,1769.0,0.0
1712332638.6538,1770.0,0.0
1712332638.754,1771.0,0.0
1712332638.8763,1772.0,0.0
1712332638.9541,1773.0,0.0
1712332639.0539,1774.0,0.0
1712332639.1544,1775.0,0.0
1712332639.2537,1776.0,0.0
1712332639.354,1777.0,0.0
1712332639.4548,1778.0,0.0
1712332639.5548,1779.0,0.0
1712332639.6548,1780.0,0.0
1712332639.7542,1781.0,0.0
1712332639.8537,1782.0,0.0
1712332639.9548,1783.0,0.0
1712332640.054,1784.0,0.0
1712332640.154,1785.0,0.0
1712332640.2542,1786.0,0.0
1712332640.3542,1787.0,0.0
1712332640.4547,1788.0,0.0
1712332640.5537,1789.0,0.0
1712332640.6536,1790.0,0.0
1712332640.7542,1791.0,0.0
1712332640.854,1792.0,0.0
1712332640.954,1793.0,0.0
1712332641.0537,1794.0,0.0
1712332641.154,1795.0,0.0
1712332641.2547,1796.0,0.57
1712332641.3538,1797.0,0.63
1712332641.4547,1798.0,0.77
1712332641.5547,1799.0,0.85
1712332641.6547,1800.0,0.95
1712332641.7538,1801.0,1.03
1712332641.8536,1802.0,1.11
1712332641.9536,1803.0,1.18
1712332642.0536,1804.0,1.26
1712332642.1538,1805.0,1.35
1712332642.2535,1806.0,1.44
1712332642.3539,1807.0,1.52
1712332642.454,1808.0,1.61
1712332642.5539,1809.0,1.68
1712332642.6547,1810.0,1.78
1712332642.7544,1811.0,1.87
1712332642.8536,1812.0,1.95
1712332642.9535,1813.0,2.05
1712332643.0535,1814.0,2.14
1712332643.1537,1815.0,2.23
1712332643.2535,1816.0,2.33
1712332643.3539,1817.0,2.41
1712332643.4537,1818.0,2.5
1712332643.5541,1819.0,2.59
1712332643.6538,1820.0,2.68
1712332643.7535,1821.0,2.76
1712332643.8545,1822.0,2.85
1712332643.9543,1823.0,2.93
1712332644.0535,1824.0,3.01
1712332644.1545,1825.0,3.08
1712332644.2534,1826.0,3.16
1712332644.3535,1827.0,3.23
1712332644.4541,1828.0,3.3
1712332644.5538,1829.0,3.37
1712332644.6538,1830.0,3.45
1712332644.754,1831.0,3.52
1712332644.8537,1832.0,3.59
1712332644.9545,1833.0,3.64
1712332645.0533,1834.0,3.71
1712332645.1533,1835.0,3.77
1712332645.2533,1836.0,3.83
1712332645.3537,1837.0,3.89
1712332645.4536,1838.0,3.92
1712332645.5537,1839.0,3.97
1712332645.6539,1840.0,4.02
1712332645.7539,1841.0,4.07
1712332645.8538,1842.0,4.11
1712332645.9533,1843.0,4.13
1712332646.0537,1844.0,4.16
1712332646.1533,1845.0,4.2
1712332646.2545,1846.0,4.23
1712332646.3536,1847.0,4.26
1712332646.4542,1848.0,4.28
1712332646.5538,1849.0,4.3
1712332646.6796,1850.0,4.34
1712332646.7535,1851.0,4.36
1712332646.8538,1852.0,4.38
1712332646.9532,1853.0,4.39
1712332647.0533,1854.0,4.41
1712332647.1537,1855.0,4.44
1712332647.2538,1856.0,4.46
1712332647.3646,1857.0,4.46
1712332647.4537,1858.0,4.48
1712332647.5532,1859.0,4.49
1712332647.6536,1860.0,4.51
1712332647.7538,1861.0,4.52
1712332647.8531,1862.0,4.53
1712332647.9534,1863.0,4.54
1712332648.0538,1864.0,4.55
1712332648.1537,1865.0,4.56
1712332648.2532,1866.0,4.56
1712332648.3534,1867.0,4.56
1712332648.4533,1868.0,4.57
1712332648.5535,1869.0,4.57
1712332648.6532,1870.0,4.58
1712332648.7534,1871.0,4.58
1712332648.8535,1872.0,4.59
1712332648.9534,1873.0,4.59
1712332649.0534,1874.0,4.6
1712332649.1531,1875.0,4.6
1712332649.2536,1876.0,4.6
1712332649.3531,1877.0,4.62
1712332649.4533,1878.0,4.62
1712332649.5532,1879.0,4.61
1712332649.6535,1880.0,4.6
1712332649.7533,1881.0,4.6
1712332649.8536,1882.0,4.6
1712332649.9532,1883.0,4.59
1712332650.0535,1884.0,4.59
1712332650.153,1885.0,4.59
1712332650.253,1886.0,4.58
1712332650.3536,1887.0,4.58
1712332650.4533,1888.0,4.57
1712332650.5532,1889.0,4.57
1712332650.6535,1890.0,4.57
1712332650.7535,1891.0,4.56
1712332650.8533,1892.0,4.56
1712332650.953,1893.0,4.55
1712332651.0536,1894.0,4.55
1712332651.1532,1895.0,4.54
1712332651.2529,1896.0,4.54
1712332651.353,1897.0,4.53
1712332651.4538,1898.0,4.52
1712332651.5535,1899.0,4.52
1712332651.6529,1900.0,4.51
1712332651.7534,1901.0,4.5
1712332651.853,1902.0,4.49
1712332651.9532,1903.0,4.49
1712332652.0529,1904.0,4.48
1712332652.1528,1905.0,4.47
1712332652.2535,1906.0,4.46
1712332652.3535,1907.0,4.46
1712332652.4528,1908.0,4.46
1712332652.5528,1909.0,4.46
1712332652.6534,1910.0,4.45
1712332652.7534,1911.0,4.44
1712332652.8537,1912.0,4.44
1712332652.9532,1913.0,4.45
1712332653.0535,1914.0,4.44
1712332653.1533,1915.0,4.44
1712332653.2532,1916.0,4.45
1712332653.3531,1917.0,4.45
1712332653.453,1918.0,4.46
1712332653.5542,1919.0,4.45
1712332653.6529,1920.0,4.44
1712332653.7538,1921.0,4.44
1712332653.8776,1922.0,4.43
1712332653.9533,1923.0,4.42
1712332654.0622,1924.0,4.42
1712332654.1531,1925.0,4.41
1712332654.2539,1926.0,4.4
1712332654.3555,1927.0,4.4
1712332654.4528,1928.0,4.39
1712332654.5534,1929.0,4.38
1712332654.6527,1930.0,4.38
1712332654.7568,1931.0,4.38
1712332654.8533,1932.0,4.38
1712332654.9539,1933.0,4.37
1712332655.0532,1934.0,4.37
1712332655.1529,1935.0,4.38
1712332655.2531,1936.0,4.38
1712332655.3527,1937.0,4.37
1712332655.4533,1938.0,4.36
1712332655.553,1939.0,4.36
1712332655.6531,1940.0,4.35
1712332655.7533,1941.0,4.34
1712332655.8532,1942.0,4.32
1712332655.9532,1943.0,4.32
1712332656.0539,1944.0,4.31
1712332656.1529,1945.0,4.29
1712332656.2526,1946.0,4.28
1712332656.3529,1947.0,4.26
1712332656.4527,1948.0,4.26
1712332656.553,1949.0,4.25
1712332656.6529,1950.0,4.24
1712332656.7528,1951.0,4.22
1712332656.853,1952.0,4.2
1712332656.9537,1953.0,4.19
1712332657.053,1954.0,4.19
1712332657.1532,1955.0,4.18
1712332657.2525,1956.0,4.16
1712332657.353,1957.0,4.15
1712332657.453,1958.0,4.14
1712332657.5531,1959.0,4.13
1712332657.6526,1960.0,4.12
1712332657.7526,1961.0,4.1
1712332657.853,1962.0,4.09
1712332657.9526,1963.0,4.09
1712332658.0526,1964.0,4.08
1712332658.1531,1965.0,4.06
1712332658.2526,1966.0,4.05
1712332658.3525,1967.0,4.03
1712332658.4525,1968.0,4.02
1712332658.5529,1969.0,4.01
1712332658.6529,1970.0,3.99
1712332658.7524,1971.0,3.97
1712332658.8528,1972.0,3.94
1712332658.953,1973.0,3.93
1712332659.0524,1974.0,3.91
1712332659.1681,1975.0,3.89
1712332659.2525,1976.0,3.87
1712332659.3527,1977.0,3.85
1712332659.4527,1978.0,3.85
1712332659.5533,1979.0,3.84
1712332659.6528,1980.0,3.83
1712332659.7555,1981.0,3.82
1712332659.8534,1982.0,3.81
1712332659.9535,1983.0,3.82
1712332660.0529,1984.0,3.83
1712332660.1532,1985.0,3.83
1712332660.2528,1986.0,3.84
1712332660.3525,1987.0,3.85
1712332660.4529,1988.0,3.86
1712332660.5526,1989.0,3.87
1712332660.653,1990.0,3.89
1712332660.753,1991.0,3.9
1712332660.8523,1992.0,3.92
1712332660.9531,1993.0,3.93
1712332661.0531,1994.0,3.96
1712332661.1526,1995.0,3.98
1712332661.2528,1996.0,3.99
1712332661.3986,1997.0,4.01
1712332661.4526,1998.0,4.03
1712332661.5526,1999.0,4.06
1712332661.6525,2000.0,4.08
1712332661.7526,2001.0,4.1
1712332661.9157,2002.0,4.13
1712332661.9527,2003.0,4.16
1712332662.0522,2004.0,4.2
1712332662.1529,2005.0,4.24
1712332662.2527,2006.0,4.28
1712332662.3527,2007.0,4.32
1712332662.4525,2008.0,4.37
1712332662.5522,2009.0,4.42
1712332662.6527,2010.0,4.46
1712332662.7525,2011.0,4.5
1712332662.8526,2012.0,4.54
1712332662.9528,2013.0,4.57
1712332663.052,2014.0,4.59
1712332663.1526,2015.0,4.61
1712332663.2521,2016.0,4.62
1712332663.3526,2017.0,4.62
1712332663.4533,2018.0,4.62
1712332663.5525,2019.0,4.6
1712332663.6523,2020.0,4.59
1712332663.7525,2021.0,4.57
1712332663.8523,2022.0,4.54
1712332663.9532,2023.0,4.5
1712332664.0532,2024.0,4.46
1712332664.1521,2025.0,4.4
1712332664.2524,2026.0,4.36
1712332664.3528,2027.0,4.3
1712332664.4524,2028.0,4.24
1712332664.5526,2029.0,4.19
1712332664.6522,2030.0,4.15
1712332664.7522,2031.0,4.1
1712332664.8526,2032.0,4.05
1712332664.952,2033.0,4.0
1712332665.0554,2034.0,3.95
1712332665.1526,2035.0,3.9
1712332665.2523,2036.0,3.85
1712332665.3524,2037.0,3.81
1712332665.4527,2038.0,3.75
1712332665.5531,2039.0,3.71
1712332665.6529,2040.0,3.66
1712332665.7549,2041.0,3.62
1712332665.8524,2042.0,3.57
1712332665.9525,2043.0,3.52
1712332666.0526,2044.0,3.49
1712332666.1522,2045.0,3.45
1712332666.253,2046.0,3.41
1712332666.3523,2047.0,3.38
1712332666.4525,2048.0,3.34
1712332666.5525,2049.0,3.31
1712332666.6519,2050.0,3.27
1712332666.7522,2051.0,3.25
1712332666.853,2052.0,3.22
1712332666.9522,2053.0,3.19
1712332667.0521,2054.0,3.17
1712332667.152,2055.0,3.14
1712332667.2522,2056.0,3.12
1712332667.3518,2057.0,3.09
1712332667.4524,2058.0,3.08
1712332667.5518,2059.0,3.06
1712332667.6522,2060.0,3.06
1712332667.7518,2061.0,3.05
1712332667.8525,2062.0,3.03
1712332667.9518,2063.0,3.03
1712332668.0518,2064.0,3.02
1712332668.153,2065.0,3.01
1712332668.252,2066.0,3.01
1712332668.3517,2067.0,3.02
1712332668.4529,2068.0,3.03
1712332668.5528,2069.0,3.05
1712332668.6518,2070.0,3.06
1712332668.7569,2071.0,3.08
1712332668.8523,2072.0,3.1
1712332668.9518,2073.0,3.13
1712332669.0518,2074.0,3.15
1712332669.1518,2075.0,3.18
1712332669.2529,2076.0,3.22
1712332669.3522,2077.0,3.25
1712332669.4522,2078.0,3.29
1712332669.5522,2079.0,3.34
1712332669.6517,2080.0,3.38
1712332669.7517,2081.0,3.42
1712332669.852,2082.0,3.46
1712332669.9521,2083.0,3.5
1712332670.052,2084.0,3.54
1712332670.1516,2085.0,3.59
1712332670.252,2086.0,3.63
1712332670.352,2087.0,3.67
1712332670.4516,2088.0,3.72
1712332670.552,2089.0,3.76
1712332670.6629,2090.0,3.8
1712332670.7515,2091.0,3.85
1712332670.8518,2092.0,3.89
1712332670.9519,2093.0,3.94
1712332671.0521,2094.0,3.99
1712332671.1519,2095.0,4.05
1712332671.2519,2096.0,4.1
1712332671.3519,2097.0,4.15
1712332671.4519,2098.0,4.2
1712332671.5519,2099.0,4.26
1712332671.6521,2100.0,4.31
1712332671.7515,2101.0,4.36
1712332671.8519,2102.0,4.4
1712332671.9516,2103.0,4.43
1712332672.0516,2104.0,4.46
1712332672.1516,2105.0,4.49
1712332672.2516,2106.0,4.52
1712332672.3516,2107.0,4.54
1712332672.4521,2108.0,4.56
1712332672.5516,2109.0,4.59
1712332672.6521,2110.0,4.6
1712332672.7527,2111.0,4.61
1712332672.8527,2112.0,4.62
1712332672.9526,2113.0,4.65
1712332673.0515,2114.0,4.66
1712332673.1516,2115.0,4.66
1712332673.2516,2116.0,4.67
1712332673.3516,2117.0,4.68
1712332673.4514,2118.0,4.69
1712332673.5518,2119.0,4.69
1712332673.6519,2120.0,4.7
1712332673.7521,2121.0,4.71
1712332673.8906,2122.0,4.73
1712332673.9524,2123.0,4.73
1712332674.0525,2124.0,4.73
1712332674.1513,2125.0,4.73
1712332674.2514,2126.0,4.74
1712332674.3517,2127.0,4.75
1712332674.4518,2128.0,4.75
1712332674.5517,2129.0,4.74
1712332674.6518,2130.0,4.75
1712332674.7517,2131.0,4.75
1712332674.8517,2132.0,4.74
1712332674.9516,2133.0,4.74
1712332675.0513,2134.0,4.74
1712332675.1513,2135.0,4.75
1712332675.2513,2136.0,4.74
1712332675.3513,2137.0,4.74
1712332675.4514,2138.0,4.73
1712332675.5515,2139.0,4.73
1712332675.6516,2140.0,4.73
1712332675.7544,2141.0,4.72
1712332675.8515,2142.0,4.72
1712332675.9513,2143.0,4.72
1712332676.0513,2144.0,4.71
1712332676.1512,2145.0,4.7
1712332676.2517,2146.0,4.69
1712332676.3512,2147.0,4.7
1712332676.4516,2148.0,4.69
1712332676.5515,2149.0,4.68
1712332676.6518,2150.0,4.67
1712332676.7515,2151.0,4.66
1712332676.8517,2152.0,4.66
1712332676.9515,2153.0,4.65
1712332677.0515,2154.0,4.64
1712332677.1523,2155.0,4.63
1712332677.2524,2156.0,4.63
1712332677.3517,2157.0,4.62
1712332677.4517,2158.0,4.61
1712332677.5523,2159.0,4.6
1712332677.6516,2160.0,4.6
1712332677.7521,2161.0,4.59
1712332677.8512,2162.0,4.58
1712332677.9515,2163.0,4.57
1712332678.0511,2164.0,4.57
1712332678.1516,2165.0,4.56
1712332678.2516,2166.0,4.55
1712332678.3512,2167.0,4.55
1712332678.4516,2168.0,4.54
1712332678.5517,2169.0,4.53
1712332678.6518,2170.0,4.52
1712332678.7513,2171.0,4.52
1712332678.852,2172.0,4.5
1712332678.9513,2173.0,4.5
1712332679.051,2174.0,4.49
1712332679.1515,2175.0,4.49
1712332679.251,2176.0,4.48
1712332679.3514,2177.0,4.48
1712332679.451,2178.0,4.48
1712332679.551,2179.0,4.48
1712332679.6512,2180.0,4.48
1712332679.7513,2181.0,4.47
1712332679.851,2182.0,4.47
1712332679.9518,2183.0,4.47
1712332680.0864,2184.0,4.47
1712332680.151,2185.0,4.47
1712332680.2516,2186.0,4.46
1712332680.3514,2187.0,4.47
1712332680.4509,2188.0,4.47
1712332680.551,2189.0,4.46
1712332680.6515,2190.0,4.46
1712332680.7512,2191.0,4.47
1712332680.8514,2192.0,4.46
1712332680.9514,2193.0,4.46
1712332681.0522,2194.0,4.46
1712332681.1513,2195.0,4.46
1712332681.2509,2196.0,4.46
1712332681.3512,2197.0,4.46
1712332681.4511,2198.0,4.46
1712332681.5511,2199.0,4.45
1712332681.6512,2200.0,4.46
1712332681.7508,2201.0,4.46
1712332681.8517,2202.0,4.46
1712332681.9509,2203.0,4.46
1712332682.0511,2204.0,4.46
1712332682.1519,2205.0,4.47
1712332682.2513,2206.0,4.48
1712332682.352,2207.0,4.48
1712332682.4519,2208.0,4.47
1712332682.5519,2209.0,4.49
1712332682.6512,2210.0,4.49
1712332682.751,2211.0,4.49
1712332682.8511,2212.0,4.49
1712332682.9509,2213.0,4.5
1712332683.0513,2214.0,4.51
1712332683.1512,2215.0,4.51
1712332683.2519,2216.0,4.51
1712332683.3514,2217.0,4.51
1712332683.4509,2218.0,4.52
1712332683.5523,2219.0,4.52
1712332683.6517,2220.0,4.52
1712332683.7507,2221.0,4.52
1712332683.8509,2222.0,4.53
1712332683.9511,2223.0,4.54
1712332684.0506,2224.0,4.54
1712332684.1509,2225.0,4.54
1712332684.2509,2226.0,4.54
1712332684.3506,2227.0,4.55
1712332684.4588,2228.0,4.55
1712332684.5509,2229.0,4.55
1712332684.6509,2230.0,4.54
1712332684.7506,2231.0,4.56
1712332684.8506,2232.0,4.56
1712332684.9511,2233.0,4.56
1712332685.051,2234.0,4.56
1712332685.1508,2235.0,4.56
1712332685.2508,2236.0,4.57
1712332685.3508,2237.0,4.57
1712332685.4509,2238.0,4.57
1712332685.5508,2239.0,4.56
1712332685.651,2240.0,4.58
1712332685.7829,2241.0,4.57
1712332685.9688,2242.0,4.58
1712332685.9712,2243.0,4.56
1712332686.0507,2244.0,4.57
1712332686.1509,2245.0,4.57
1712332686.2512,2246.0,4.57
1712332686.3508,2247.0,4.57
1712332686.4505,2248.0,4.57
1712332686.5508,2249.0,4.57
1712332686.6511,2250.0,4.56
1712332686.7505,2251.0,4.56
1712332686.8507,2252.0,4.56
1712332686.9504,2253.0,4.56
1712332687.0507,2254.0,4.56
1712332687.1504,2255.0,4.56
1712332687.2504,2256.0,4.55
1712332687.3507,2257.0,4.55
1712332687.5245,2258.0,4.55
1712332687.5573,2259.0,4.54
1712332687.6504,2260.0,4.53
1712332687.7504,2261.0,4.53
1712332687.8507,2262.0,4.52
1712332687.9509,2263.0,4.52
1712332688.0504,2264.0,4.52
1712332688.1507,2265.0,4.51
1712332688.2503,2266.0,4.51
1712332688.3504,2267.0,4.5
1712332688.4504,2268.0,4.49
1712332688.5508,2269.0,4.48
1712332688.6505,2270.0,4.48
1712332688.7504,2271.0,4.47
1712332688.8508,2272.0,4.46
1712332689.0406,2273.0,4.46
1712332689.0503,2274.0,4.45
1712332689.151,2275.0,4.45
1712332689.2507,2276.0,4.45
1712332689.3507,2277.0,4.44
1712332689.4507,2278.0,4.43
1712332689.5503,2279.0,4.43
1712332689.6502,2280.0,4.43
1712332689.7502,2281.0,4.42
1712332689.8508,2282.0,4.42
1712332689.9507,2283.0,4.42
1712332690.0509,2284.0,4.42
1712332690.1502,2285.0,4.42
1712332690.2514,2286.0,4.41
1712332690.3502,2287.0,4.41
1712332690.4507,2288.0,4.41
1712332690.551,2289.0,4.41
1712332690.6505,2290.0,4.41
1712332690.7502,2291.0,4.42
1712332690.8507,2292.0,4.41
1712332690.9507,2293.0,4.42
1712332691.0509,2294.0,4.41
1712332691.1505,2295.0,4.42
1712332691.2506,2296.0,4.41
1712332691.3508,2297.0,4.42
1712332691.4502,2298.0,4.42
1712332691.5501,2299.0,4.42
1712332691.6513,2300.0,4.42
1712332691.7513,2301.0,4.42
1712332691.8503,2302.0,4.42
1712332691.9504,2303.0,4.43
1712332692.0501,2304.0,4.44
1712332692.1505,2305.0,4.45
1712332692.2504,2306.0,4.45
1712332692.3507,2307.0,4.46
1712332692.4506,2308.0,4.46
1712332692.5504,2309.0,4.47
1712332692.6501,2310.0,4.47
1712332692.7506,2311.0,4.48
1712332692.8501,2312.0,4.49
1712332692.9501,2313.0,4.49
1712332693.0505,2314.0,4.49
1712332693.15,2315.0,4.49
1712332693.2502,2316.0,4.49
1712332693.3504,2317.0,4.49
1712332693.4512,2318.0,4.49
1712332693.5501,2319.0,4.48
1712332693.65,2320.0,4.48
1712332693.7511,2321.0,4.48
1712332693.85,2322.0,4.48
1712332693.9501,2323.0,4.47
1712332694.05,2324.0,4.47
1712332694.1503,2325.0,4.47
1712332694.2504,2326.0,4.46
1712332694.3503,2327.0,4.46
1712332694.4502,2328.0,4.45
1712332694.5503,2329.0,4.45
1712332694.6503,2330.0,4.43
1712332694.7504,2331.0,4.41
1712332694.8503,2332.0,4.37
1712332694.9499,2333.0,4.34
1712332695.0499,2334.0,4.3
1712332695.1524,2335.0,4.25
1712332695.2958,2336.0,4.2
1712332695.3504,2337.0,4.15
1712332695.4502,2338.0,4.1
1712332695.551,2339.0,4.05
1712332695.6499,2340.0,4.01
1712332695.751,2341.0,3.97
1712332695.8509,2342.0,3.92
1712332695.951,2343.0,3.88
1712332696.0503,2344.0,3.84
1712332696.151,2345.0,3.81
1712332696.2498,2346.0,3.78
1712332696.3501,2347.0,3.75
1712332696.4503,2348.0,3.72
1712332696.5834,2349.0,3.7
1712332696.6501,2350.0,3.69
1712332696.7502,2351.0,3.67
1712332696.8501,2352.0,3.65
1712332696.9503,2353.0,3.65
1712332697.0503,2354.0,3.64
1712332697.15,2355.0,3.64
1712332697.2503,2356.0,3.63
1712332697.3507,2357.0,3.62
1712332697.4509,2358.0,3.63
1712332697.5505,2359.0,3.65
1712332697.6501,2360.0,3.67
1712332697.7501,2361.0,3.69
1712332697.8509,2362.0,3.7
1712332697.9503,2363.0,3.71
1712332698.0502,2364.0,3.73
1712332698.15,2365.0,3.76
1712332698.2497,2366.0,3.78
1712332698.3502,2367.0,3.8
1712332698.4508,2368.0,3.82
1712332698.5498,2369.0,3.84
1712332698.6504,2370.0,3.86
1712332698.7496,2371.0,3.89
1712332698.85,2372.0,3.92
1712332698.9501,2373.0,3.94
1712332699.0508,2374.0,3.95
1712332699.1502,2375.0,3.98
1712332699.25,2376.0,4.0
1712332699.3504,2377.0,4.02
1712332699.4499,2378.0,4.05
1712332699.5515,2379.0,4.06
1712332699.6498,2380.0,4.09
1712332699.7497,2381.0,4.11
1712332699.85,2382.0,4.13
1712332699.9499,2383.0,4.15
1712332700.0501,2384.0,4.16
1712332700.1496,2385.0,4.19
1712332700.2499,2386.0,4.21
1712332700.3496,2387.0,4.23
1712332700.45,2388.0,4.25
1712332700.5497,2389.0,4.26
1712332700.65,2390.0,4.29
1712332700.7499,2391.0,4.3
1712332700.8503,2392.0,4.32
1712332700.9495,2393.0,4.34
1712332701.05,2394.0,4.36
1712332701.1495,2395.0,4.38
1712332701.2497,2396.0,4.39
1712332701.409,2397.0,4.41
1712332701.4501,2398.0,4.42
1712332701.5498,2399.0,4.43
1712332701.6498,2400.0,4.44
1712332701.7497,2401.0,4.46
1712332701.8499,2402.0,4.46
1712332701.9499,2403.0,4.47
1712332702.0496,2404.0,4.48
1712332702.1495,2405.0,4.48
1712332702.2494,2406.0,4.48
1712332702.3497,2407.0,4.49
1712332702.4497,2408.0,4.5
1712332702.5557,2409.0,4.5
1712332702.65,2410.0,4.5
1712332702.7497,2411.0,4.5
1712332702.8494,2412.0,4.51
1712332702.9497,2413.0,4.5
1712332703.0494,2414.0,4.5
1712332703.1505,2415.0,4.5
1712332703.2496,2416.0,4.49
1712332703.3506,2417.0,4.49
1712332703.4497,2418.0,4.47
1712332703.5498,2419.0,4.47
1712332703.65,2420.0,4.46
1712332703.7506,2421.0,4.45
1712332703.8497,2422.0,4.44
1712332703.9505,2423.0,4.43
1712332704.0498,2424.0,4.42
1712332704.1499,2425.0,4.41
1712332704.2495,2426.0,4.4
1712332704.3493,2427.0,4.39
1712332704.45,2428.0,4.38
1712332704.5505,2429.0,4.37
1712332704.6493,2430.0,4.36
1712332704.7752,2431.0,4.35
1712332704.8498,2432.0,4.34
1712332704.9496,2433.0,4.33
1712332705.0495,2434.0,4.32
1712332705.1491,2435.0,4.31
1712332705.2504,2436.0,4.31
1712332705.3498,2437.0,4.3
1712332705.4497,2438.0,4.29
1712332705.5504,2439.0,4.27
1712332705.6503,2440.0,4.27
1712332705.7495,2441.0,4.26
1712332705.8495,2442.0,4.26
1712332705.9492,2443.0,4.24
1712332706.0498,2444.0,4.24
1712332706.1503,2445.0,4.23
1712332706.2495,2446.0,4.24
1712332706.3495,2447.0,4.24
1712332706.4491,2448.0,4.24
1712332706.5492,2449.0,4.24
1712332706.6492,2450.0,4.24
1712332706.7497,2451.0,4.25
1712332706.8494,2452.0,4.25
1712332706.9494,2453.0,4.25
1712332707.0503,2454.0,4.26
1712332707.1493,2455.0,4.26
1712332707.2495,2456.0,4.27
1712332707.3491,2457.0,4.27
1712332707.4498,2458.0,4.28
1712332707.5494,2459.0,4.28
1712332707.6496,2460.0,4.29
1712332707.7492,2461.0,4.29
1712332707.8492,2462.0,4.29
1712332707.9495,2463.0,4.3
1712332708.0493,2464.0,4.31
1712332708.1494,2465.0,4.32
1712332708.2493,2466.0,4.32
1712332708.3491,2467.0,4.33
1712332708.4493,2468.0,4.34
1712332708.5495,2469.0,4.36
1712332708.6496,2470.0,4.37
1712332708.7496,2471.0,4.39
1712332708.8494,2472.0,4.4
1712332708.949,2473.0,4.42
1712332709.049,2474.0,4.43
1712332709.1497,2475.0,4.44
1712332709.2501,2476.0,4.46
1712332709.3489,2477.0,4.46
1712332709.4492,2478.0,4.46
1712332709.5495,2479.0,4.46
1712332709.6493,2480.0,4.44
1712332709.7492,2481.0,4.43
1712332709.8491,2482.0,4.41
1712332709.9494,2483.0,4.38
1712332710.0494,2484.0,4.34
1712332710.1494,2485.0,4.3
1712332710.2494,2486.0,4.27
1712332710.3489,2487.0,4.23
1712332710.4489,2488.0,4.2
1712332710.5489,2489.0,4.16
1712332710.6491,2490.0,4.12
1712332710.7488,2491.0,4.1
1712332710.8492,2492.0,4.06
1712332710.9491,2493.0,4.03
1712332711.0492,2494.0,4.0
1712332711.149,2495.0,3.98
1712332711.2499,2496.0,3.95
1712332711.3489,2497.0,3.93
1712332711.4489,2498.0,3.91
1712332711.5494,2499.0,3.89
1712332711.6493,2500.0,3.87
1712332711.7493,2501.0,3.85
1712332711.8491,2502.0,3.85
1712332711.9491,2503.0,3.83
1712332712.0494,2504.0,3.82
1712332712.1488,2505.0,3.81
1712332712.2487,2506.0,3.8
1712332712.3488,2507.0,3.8
1712332712.4488,2508.0,3.79
1712332712.5488,2509.0,3.79
1712332712.649,2510.0,3.79
1712332712.749,2511.0,3.8
1712332712.849,2512.0,3.81
1712332712.9487,2513.0,3.82
1712332713.0499,2514.0,3.83
1712332713.1491,2515.0,3.83
1712332713.2489,2516.0,3.84
1712332713.349,2517.0,3.85
1712332713.4491,2518.0,3.86
1712332713.549,2519.0,3.85
1712332713.649,2520.0,3.82
1712332713.7498,2521.0,3.82
1712332713.8486,2522.0,3.8
1712332713.9526,2523.0,3.77
1712332714.0491,2524.0,3.73
1712332714.1489,2525.0,3.68
1712332714.2489,2526.0,3.62
1712332714.3487,2527.0,3.58
1712332714.4497,2528.0,3.54
1712332714.549,2529.0,3.49
1712332714.6485,2530.0,3.44
1712332714.7496,2531.0,3.37
1712332714.8491,2532.0,3.33
1712332714.9494,2533.0,3.25
1712332715.049,2534.0,3.18
1712332715.1487,2535.0,3.1
1712332715.2496,2536.0,3.01
1712332715.3496,2537.0,2.92
1712332715.4488,2538.0,2.83
1712332715.549,2539.0,2.74
1712332715.6489,2540.0,2.65
1712332715.7488,2541.0,2.57
1712332715.8487,2542.0,2.48
1712332715.9489,2543.0,2.41
1712332716.0486,2544.0,2.34
1712332716.1485,2545.0,2.27
1712332716.2488,2546.0,2.2
1712332716.3489,2547.0,2.13
1712332716.4489,2548.0,2.07
1712332716.5488,2549.0,2.01
1712332716.6487,2550.0,1.95
1712332716.7488,2551.0,1.9
1712332716.8486,2552.0,1.84
1712332716.9514,2553.0,1.79
1712332717.0489,2554.0,1.74
1712332717.149,2555.0,1.7
1712332717.249,2556.0,1.65
1712332717.349,2557.0,1.61
1712332717.4487,2558.0,1.57
1712332717.5487,2559.0,1.53
1712332717.6487,2560.0,1.49
1712332717.7487,2561.0,1.45
1712332717.8487,2562.0,1.42
1712332717.949,2563.0,1.38
1712332718.0491,2564.0,1.34
1712332718.1487,2565.0,1.3
1712332718.2487,2566.0,1.27
1712332718.3487,2567.0,1.22
1712332718.4488,2568.0,1.18
1712332718.5487,2569.0,1.15
1712332718.6487,2570.0,1.11
1712332718.7483,2571.0,1.06
1712332718.8485,2572.0,1.02
1712332718.9483,2573.0,0.97
1712332719.0487,2574.0,0.92
1712332719.1484,2575.0,0.88
1712332719.2487,2576.0,0.83
1712332719.3483,2577.0,0.77
1712332719.4487,2578.0,0.63
1712332719.5489,2579.0,0.69
1712332719.6488,2580.0,0.57
1712332719.7493,2581.0,0.48
1712332719.8493,2582.0,0.35
1712332719.9482,2583.0,0.25
1712332720.0493,2584.0,0.15
1712332720.1486,2585.0,0.0
1712332720.2487,2586.0,0.0
1712332720.3487,2587.0,0.0
1712332720.4486,2588.0,0.0
1712332720.5485,2589.0,0.0
1712332720.6486,2590.0,0.0
1712332720.7485,2591.0,0.0
1712332720.8487,2592.0,0.0
1712332720.9488,2593.0,0.0
1712332721.0487,2594.0,0.0
1712332721.1486,2595.0,0.0
1712332721.2486,2596.0,0.0
1712332721.3487,2597.0,0.0
1712332721.4632,2598.0,0.0
1712332721.5486,2599.0,0.0
1712332721.6492,2600.0,0.0
1712332721.7481,2601.0,0.0
1712332721.8485,2602.0,0.0
1712332721.9484,2603.0,0.0
1712332722.0491,2604.0,0.0
1712332722.1484,2605.0,0.0
1712332722.2489,2606.0,0.0
1712332722.348,2607.0,0.0
1712332722.4487,2608.0,0.0
1712332722.5487,2609.0,0.0
1712332722.6483,2610.0,0.0
1712332722.7481,2611.0,0.0
1712332722.8481,2612.0,0.0
1712332722.9483,2613.0,0.0
1712332723.0483,2614.0,0.0
1712332723.148,2615.0,0.0
1712332723.2484,2616.0,0.0
1712332723.3484,2617.0,0.0
1712332723.4489,2618.0,0.0
1712332723.5482,2619.0,0.0
1712332723.6482,2620.0,0.0
1712332723.748,2621.0,0.0
1712332723.8479,2622.0,0.0
1712332723.9494,2623.0,0.0
1712332724.0491,2624.0,0.0
1712332724.1482,2625.0,0.0
1712332724.2487,2626.0,0.0
1712332724.3483,2627.0,0.0
1712332724.4482,2628.0,0.0
1712332724.5482,2629.0,0.0
1712332724.6482,2630.0,0.0
1712332724.7482,2631.0,0.0
1712332724.8482,2632.0,0.0
1712332724.949,2633.0,0.0
1712332725.0483,2634.0,0.0
1712332725.1485,2635.0,0.0
1712332725.2483,2636.0,0.0
1712332725.3479,2637.0,0.0
1712332725.4482,2638.0,0.0
1712332725.5484,2639.0,0.0
1712332725.6489,2640.0,0.0
1712332725.7479,2641.0,0.0
1712332725.8478,2642.0,0.0
1712332725.9488,2643.0,0.0
1712332726.0483,2644.0,0.0
1712332726.1481,2645.0,0.0
1712332726.2477,2646.0,0.0
1712332726.3483,2647.0,0.0
1712332726.448,2648.0,0.0
1712332726.5482,2649.0,0.0
1712332726.6482,2650.0,0.0
1712332726.7478,2651.0,0.0
1712332726.8484,2652.0,0.0
1712332726.9477,2653.0,0.0
1712332727.048,2654.0,0.0
1712332727.1481,2655.0,0.0
1712332727.2482,2656.0,0.0
1712332727.348,2657.0,0.0
1712332727.4479,2658.0,0.0
1712332727.5485,2659.0,0.0
1712332727.648,2660.0,0.0
1712332727.7482,2661.0,0.0
1712332727.8481,2662.0,0.0
1712332727.9482,2663.0,0.0
1712332728.0487,2664.0,0.0
1712332728.1482,2665.0,0.0
1712332728.248,2666.0,0.0
1712332728.3476,2667.0,0.0
1712332728.4489,2668.0,0.0
1712332728.5487,2669.0,0.0
1712332728.6481,2670.0,0.0
1712332728.7486,2671.0,0.0
1712332728.8484,2672.0,0.0
1712332728.9481,2673.0,0.0
1712332729.048,2674.0,0.0
1712332729.1483,2675.0,0.0
1712332729.2482,2676.0,0.0
1712332729.348,2677.0,0.0
1712332729.4479,2678.0,0.0
1712332729.5523,2679.0,0.0
1712332729.6486,2680.0,0.0
1712332729.7478,2681.0,0.0
1712332729.8475,2682.0,0.0
1712332729.9475,2683.0,0.0
1712332730.0475,2684.0,0.0
1712332730.1479,2685.0,0.0
1712332730.2478,2686.0,0.0
1712332730.348,2687.0,0.0
1712332730.4478,2688.0,0.0
1712332730.5478,2689.0,0.0
1712332730.6479,2690.0,0.0
1712332730.7476,2691.0,0.0
1712332730.8479,2692.0,0.0
1712332730.9951,2693.0,0.0
1712332731.0479,2694.0,0.0
1712332731.1477,2695.0,0.0
1712332731.2474,2696.0,0.0
1712332731.3485,2697.0,0.0
1712332731.4479,2698.0,0.0
1712332731.5477,2699.0,0.0
1712332731.6477,2700.0,0.0
1712332731.7479,2701.0,0.0
1712332731.848,2702.0,0.0
1712332731.9474,2703.0,0.0
1712332732.0485,2704.0,0.0
1712332732.1477,2705.0,0.0
1712332732.2473,2706.0,0.0
1712332732.3478,2707.0,0.0
1712332732.4477,2708.0,0.0
1712332732.5479,2709.0,0.0
1712332732.648,2710.0,0.0
1712332732.7476,2711.0,0.0
1712332732.8476,2712.0,0.0
1712332732.9474,2713.0,0.0
1712332733.0476,2714.0,0.0
1712332733.1692,2715.0,0.0
1712332733.2476,2716.0,0.0
1712332733.3475,2717.0,0.0
1712332733.4481,2718.0,0.0
1712332733.5474,2719.0,0.0
1712332733.6489,2720.0,0.0
1712332733.7478,2721.0,0.0
1712332733.8478,2722.0,0.0
1712332733.9481,2723.0,0.0
1712332734.0477,2724.0,0.0
1712332734.1478,2725.0,0.0
1712332734.2482,2726.0,0.0
1712332734.348,2727.0,0.0
1712332734.4471,2728.0,0.0
1712332734.5476,2729.0,0.0
1712332734.6475,2730.0,0.0
1712332734.7477,2731.0,0.0
1712332734.8476,2732.0,0.0
1712332734.9475,2733.0,0.0
1712332735.0476,2734.0,0.0
1712332735.1597,2735.0,0.0
1712332735.2471,2736.0,0.0
1712332735.3472,2737.0,0.0
1712332735.4472,2738.0,0.0
1712332735.5473,2739.0,0.0
1712332735.6475,2740.0,0.0
1712332735.7477,2741.0,0.0
1712332735.8474,2742.0,0.0
1712332735.948,2743.0,0.0
1712332736.0531,2744.0,0.0
1712332736.1473,2745.0,0.0
1712332736.247,2746.0,0.0
1712332736.347,2747.0,0.0
1712332736.4476,2748.0,0.0
1712332736.5475,2749.0,0.0
1712332736.6474,2750.0,0.0
1712332736.7474,2751.0,0.0
1712332736.8474,2752.0,0.0
1712332736.9475,2753.0,0.0
