TimeStamp, Counter, RelativeDistance, RelativeSpeed, LeadVehicleSpeed, HostVehicleSpeed
1712331568.965,1.0,10.906,0.0,0.0,0.0
1712331569.062,2.0,10.906,0.0,0.0,0.0
1712331569.1593,3.0,10.906,0.0,0.0,0.0
1712331569.259,4.0,10.906,0.0,0.0,0.0
1712331569.36,5.0,10.906,0.0,0.0,0.0
1712331569.4584,6.0,10.906,0.0,0.0,0.0
1712331569.5581,7.0,10.906,0.0,0.0,0.0
1712331569.6586,8.0,10.906,0.0,0.0,0.0
1712331569.759,9.0,10.906,0.0,0.0,0.0
1712331569.8584,10.0,10.906,0.0,0.0,0.0
1712331569.9589,11.0,10.906,0.0,0.0,0.0
1712331570.0584,12.0,10.906,0.0,0.0,0.0
1712331570.1589,13.0,10.906,0.0,0.0,0.0
1712331570.2601,14.0,10.906,0.0,0.0,0.0
1712331570.3583,15.0,10.906,0.0,0.0,0.0
1712331570.4589,16.0,10.906,0.0,0.0,0.0
1712331570.5607,17.0,10.906,0.0,0.0,0.0
1712331570.6595,18.0,10.906,0.0,0.0,0.0
1712331570.7591,19.0,10.906,0.0,0.0,0.0
1712331570.8588,20.0,10.906,0.0,0.0,0.0
1712331570.9593,21.0,10.906,0.0,0.0,0.0
1712331571.0585,22.0,10.906,0.0,0.0,0.0
1712331571.1593,23.0,10.906,0.0,0.0,0.0
1712331571.2586,24.0,10.906,0.0,0.0,0.0
1712331571.359,25.0,10.906,0.0,0.0,0.0
1712331571.4593,26.0,10.906,0.0,0.0,0.0
1712331571.5585,27.0,10.906,0.0,0.0,0.0
1712331571.6595,28.0,10.906,0.0,0.0,0.0
1712331571.7596,29.0,10.906,0.0,0.0,0.0
1712331571.8586,30.0,10.906,0.0,0.0,0.0
1712331571.9585,31.0,10.906,0.0,0.0,0.0
1712331572.0584,32.0,10.906,0.0,0.0,0.0
1712331572.1595,33.0,10.906,0.0,0.0,0.0
1712331572.2586,34.0,10.906,0.0,0.0,0.0
1712331572.3592,35.0,10.906,0.0,0.0,0.0
1712331572.4586,36.0,10.906,0.0,0.0,0.0
1712331572.5586,37.0,10.906,0.0,0.0,0.0
1712331572.6584,38.0,10.906,0.0,0.0,0.0
1712331572.7588,39.0,10.906,0.0,0.0,0.0
1712331572.8595,40.0,10.906,0.0,0.0,0.0
1712331572.9592,41.0,10.906,0.0,0.0,0.0
1712331573.0589,42.0,10.916,0.34,0.34,0.0
1712331573.1594,43.0,10.994,1.0,1.0,0.0
1712331573.2583,44.0,11.07,1.42,1.42,0.0
1712331573.3588,45.0,11.278,2.1,2.1,0.0
1712331573.4586,46.0,11.542,2.48,2.48,0.0
1712331573.5598,47.0,11.683,2.48,2.48,0.0
1712331573.659,48.0,11.955,2.44,2.44,0.0
1712331573.7587,49.0,12.227,2.42,2.42,0.0
1712331573.8589,50.0,12.507,2.4,2.4,0.0
1712331573.9605,51.0,12.638,2.4,2.4,0.0
1712331574.0585,52.0,12.939,2.96,2.96,0.0
1712331574.1584,53.0,13.315,3.54,3.54,0.0
1712331574.259,54.0,13.76,4.12,4.12,0.0
1712331574.3586,55.0,13.998,4.4,4.4,0.0
1712331574.4614,56.0,14.539,4.98,4.98,0.0
1712331574.5588,57.0,15.143,5.56,5.56,0.0
1712331574.6586,58.0,15.478,5.84,5.84,0.0
1712331574.7592,59.0,16.181,6.42,6.42,0.0
1712331574.8584,60.0,16.949,7.0,7.0,0.0
1712331574.9588,61.0,17.361,7.28,7.28,0.0
1712331575.0586,62.0,18.231,7.84,7.84,0.0
1712331575.1585,63.0,19.17,8.38,8.38,0.0
1712331575.258,64.0,20.158,8.88,8.88,0.0
1712331575.3587,65.0,20.579,8.4,9.04,0.64
1712331575.4598,66.0,21.516,8.15,9.02,0.87
1712331575.5588,67.0,22.447,8.02,9.0,0.98
1712331575.6586,68.0,22.849,7.87,9.0,1.13
1712331575.76,69.0,23.82,7.76,9.0,1.24
1712331575.859,70.0,24.698,7.64,9.02,1.38
1712331575.9588,71.0,25.591,7.54,9.04,1.5
1712331576.0591,72.0,25.962,7.44,9.04,1.6
1712331576.1581,73.0,26.849,7.17,8.9,1.73
1712331576.2582,74.0,27.701,6.85,8.68,1.83
1712331576.3585,75.0,28.07,6.62,8.56,1.94
1712331576.4604,76.0,28.838,6.26,8.32,2.06
1712331576.5721,77.0,29.606,5.92,8.08,2.16
1712331576.6587,78.0,30.309,5.59,7.86,2.27
1712331576.7581,79.0,30.546,5.43,7.8,2.37
1712331576.8584,80.0,31.223,5.43,7.9,2.47
1712331576.9595,81.0,31.938,5.68,8.24,2.56
1712331577.0599,82.0,32.154,5.78,8.44,2.66
1712331577.1594,83.0,32.898,6.18,8.92,2.74
1712331577.2587,84.0,33.669,6.46,9.3,2.84
1712331577.3606,85.0,34.485,6.38,9.3,2.92
1712331577.462,86.0,34.749,6.22,9.24,3.02
1712331577.5603,87.0,35.529,5.91,9.02,3.11
1712331577.6612,88.0,36.234,5.59,8.78,3.19
1712331577.7599,89.0,36.453,5.36,8.64,3.28
1712331577.8621,90.0,37.137,5.04,8.4,3.36
1712331577.9588,91.0,37.74,4.71,8.16,3.45
1712331578.0578,92.0,38.32,4.4,7.94,3.54
1712331578.158,93.0,38.465,4.24,7.88,3.64
1712331578.2589,94.0,38.995,4.18,7.9,3.72
1712331578.3585,95.0,39.586,4.11,7.92,3.81
1712331578.459,96.0,39.672,4.03,7.92,3.89
1712331578.5592,97.0,40.168,3.97,7.94,3.97
1712331578.6592,98.0,40.669,3.89,7.96,4.07
1712331578.7606,99.0,41.156,4.0,8.14,4.14
1712331578.858,100.0,41.279,4.05,8.28,4.23
1712331578.9586,101.0,41.758,4.33,8.64,4.31
1712331579.0591,102.0,42.388,4.62,9.02,4.4
1712331579.1605,103.0,43.05,4.71,9.2,4.49
1712331579.2585,104.0,43.116,4.62,9.18,4.56
1712331579.3584,105.0,43.756,4.45,9.1,4.65
1712331579.4592,106.0,44.335,4.23,8.96,4.73
1712331579.56,107.0,44.412,4.07,8.9,4.83
1712331579.6586,108.0,44.927,3.87,8.76,4.89
1712331579.7587,109.0,45.466,3.64,8.62,4.98
1712331579.8589,110.0,45.976,3.43,8.48,5.05
1712331579.9601,111.0,45.938,3.26,8.42,5.16
1712331580.0608,112.0,46.46,3.08,8.3,5.22
1712331580.1584,113.0,46.86,2.85,8.16,5.31
1712331580.2598,114.0,46.79,2.75,8.12,5.37
1712331580.3597,115.0,47.144,2.67,8.14,5.47
1712331580.4584,116.0,47.63,2.84,8.38,5.54
1712331580.562,117.0,48.077,3.12,8.74,5.62
1712331580.6596,118.0,48.008,3.23,8.92,5.69
1712331580.7597,119.0,48.431,3.33,9.1,5.77
1712331580.8586,120.0,48.915,3.21,9.06,5.85
1712331580.9593,121.0,49.962,3.11,8.96,5.85
1712331581.0599,122.0,49.3,2.9,8.92,6.02
1712331581.1587,123.0,49.71,2.71,8.78,6.07
1712331581.2598,124.0,50.124,2.49,8.66,6.17
1712331581.3595,125.0,50.061,2.35,8.6,6.25
1712331581.4604,126.0,50.376,2.16,8.48,6.32
1712331581.5608,127.0,50.711,1.98,8.38,6.4
1712331581.662,128.0,51.019,1.79,8.26,6.47
1712331581.7622,129.0,50.872,1.64,8.2,6.56
1712331581.8596,130.0,51.131,1.46,8.1,6.64
1712331581.9608,131.0,51.409,1.43,8.14,6.71
1712331582.0596,132.0,51.268,1.44,8.24,6.8
1712331582.1585,133.0,51.528,1.71,8.58,6.87
1712331582.2597,134.0,51.838,1.93,8.88,6.95
1712331582.3603,135.0,52.185,1.88,8.92,7.04
1712331582.4594,136.0,51.958,1.79,8.9,7.11
1712331582.5603,137.0,52.289,1.61,8.82,7.21
1712331582.6617,138.0,52.583,1.46,8.72,7.26
1712331582.7635,139.0,52.39,1.32,8.66,7.34
1712331582.8589,140.0,52.694,1.1,8.54,7.44
1712331582.9591,141.0,52.878,0.93,8.44,7.51
1712331583.0596,142.0,53.06,0.75,8.34,7.59
1712331583.1605,143.0,52.806,0.62,8.3,7.68
1712331583.2606,144.0,52.911,0.44,8.2,7.76
1712331583.3591,145.0,53.094,0.3,8.16,7.86
1712331583.4602,146.0,53.267,0.4,8.32,7.92
1712331583.559,147.0,53.035,0.48,8.48,8.0
1712331583.6598,148.0,53.091,0.75,8.84,8.09
1712331583.76,149.0,53.433,0.85,9.02,8.17
1712331583.8606,150.0,53.07,0.74,9.02,8.28
1712331583.9603,151.0,53.326,0.64,8.98,8.34
1712331584.0587,152.0,53.599,0.45,8.88,8.43
1712331584.1601,153.0,53.659,0.27,8.78,8.51
1712331584.2587,154.0,53.38,0.15,8.74,8.59
1712331584.3594,155.0,53.543,-0.07,8.62,8.69
1712331584.4591,156.0,53.718,-0.26,8.52,8.78
1712331584.5591,157.0,53.262,-0.39,8.48,8.87
1712331584.6604,158.0,53.352,-0.58,8.36,8.94
1712331584.7598,159.0,53.431,-0.77,8.26,9.03
1712331584.8597,160.0,53.007,-0.9,8.22,9.12
1712331584.9601,161.0,53.047,-1.08,8.12,9.2
1712331585.0589,162.0,53.115,-1.14,8.16,9.3
1712331585.1587,163.0,53.087,-0.96,8.42,9.38
1712331585.2595,164.0,52.598,-0.89,8.58,9.47
1712331585.3595,165.0,52.678,-0.59,8.98,9.57
1712331585.459,166.0,52.83,-0.52,9.14,9.66
1712331585.5601,167.0,52.964,-0.63,9.12,9.75
1712331585.6597,168.0,52.444,-0.77,9.08,9.85
1712331585.7616,169.0,52.521,-0.99,8.96,9.95
1712331585.8599,170.0,52.586,-1.2,8.84,10.04
1712331585.9605,171.0,52.109,-1.35,8.78,10.13
1712331586.0612,172.0,52.065,-1.57,8.66,10.23
1712331586.1591,173.0,52.048,-1.78,8.54,10.32
1712331586.2592,174.0,51.993,-2.0,8.42,10.42
1712331586.3595,175.0,51.438,-2.17,8.34,10.51
1712331586.459,176.0,51.301,-2.38,8.22,10.6
1712331586.5588,177.0,51.193,-2.57,8.12,10.69
1712331586.6592,178.0,50.614,-2.7,8.1,10.8
1712331586.7591,179.0,50.503,-2.65,8.24,10.89
1712331586.859,180.0,51.451,-2.35,8.54,10.89
1712331586.9766,181.0,50.255,-2.2,8.9,11.1
1712331587.0603,182.0,49.676,-2.17,9.02,11.19
1712331587.1609,183.0,49.64,-2.27,9.04,11.31
1712331587.2641,184.0,49.517,-2.44,8.96,11.4
1712331587.3589,185.0,48.958,-2.58,8.9,11.48
1712331587.459,186.0,48.829,-2.81,8.76,11.57
1712331587.56,187.0,48.687,-3.07,8.62,11.69
1712331587.6587,188.0,47.96,-3.23,8.56,11.79
1712331587.7588,189.0,47.698,-3.47,8.42,11.89
1712331587.8589,190.0,47.491,-3.72,8.28,12.0
1712331587.9605,191.0,47.301,-3.93,8.14,12.07
1712331588.06,192.0,46.556,-4.11,8.08,12.19
1712331588.1588,193.0,46.331,-4.22,8.08,12.3
1712331588.265,194.0,46.036,-4.06,8.32,12.38
1712331588.3592,195.0,45.219,-4.01,8.48,12.49
1712331588.4592,196.0,45.079,-3.69,8.86,12.55
1712331588.559,197.0,44.777,-3.61,9.0,12.61
1712331588.6587,198.0,44.524,-3.72,8.94,12.66
1712331588.7612,199.0,43.794,-3.76,8.88,12.64
1712331588.8591,200.0,43.617,-3.88,8.76,12.64
1712331588.9603,201.0,43.347,-4.03,8.62,12.65
1712331589.0645,202.0,42.469,-4.07,8.54,12.61
1712331589.1602,203.0,42.194,-4.2,8.4,12.6
1712331589.2597,204.0,41.952,-4.31,8.26,12.57
1712331589.3589,205.0,41.686,-4.41,8.12,12.53
1712331589.4587,206.0,40.793,-4.44,8.06,12.5
1712331589.5595,207.0,40.595,-4.37,8.06,12.43
1712331589.6594,208.0,40.282,-4.09,8.28,12.37
1712331589.7591,209.0,40.02,-3.7,8.62,12.32
1712331589.8592,210.0,39.371,-3.44,8.8,12.24
1712331589.9594,211.0,39.255,-3.08,9.1,12.18
1712331590.059,212.0,39.053,-2.99,9.12,12.11
1712331590.1588,213.0,38.388,-2.97,9.08,12.05
1712331590.2601,214.0,38.208,-3.05,8.96,12.01
1712331590.3598,215.0,38.115,-3.11,8.82,11.93
1712331590.4594,216.0,37.888,-3.2,8.66,11.86
1712331590.5592,217.0,37.194,-3.19,8.6,11.79
1712331590.659,218.0,37.081,-3.29,8.44,11.73
1712331590.7596,219.0,36.881,-3.39,8.3,11.69
1712331590.8609,220.0,36.194,-3.4,8.22,11.62
1712331590.9589,221.0,35.971,-3.48,8.08,11.56
1712331591.0591,222.0,35.801,-3.54,7.94,11.48
1712331591.1608,223.0,35.565,-3.63,7.8,11.43
1712331591.2597,224.0,34.913,-3.62,7.74,11.36
1712331591.3593,225.0,34.666,-3.71,7.6,11.31
1712331591.4595,226.0,34.457,-3.8,7.46,11.26
1712331591.5613,227.0,33.785,-3.79,7.4,11.19
1712331591.6594,228.0,33.544,-3.8,7.34,11.14
1712331591.7598,229.0,33.315,-3.66,7.4,11.06
1712331591.8662,230.0,33.011,-3.52,7.48,11.0
1712331591.9599,231.0,33.467,-3.48,7.52,11.0
1712331592.0628,232.0,32.228,-3.34,7.54,10.88
1712331592.1588,233.0,32.041,-3.35,7.46,10.81
1712331592.2594,234.0,31.354,-3.36,7.4,10.76
1712331592.36,235.0,31.18,-3.35,7.34,10.69
1712331592.4608,236.0,30.933,-3.28,7.36,10.64
1712331592.5599,237.0,30.372,-3.23,7.36,10.59
1712331592.659,238.0,30.139,-3.16,7.36,10.52
1712331592.7594,239.0,31.021,-3.14,7.38,10.52
1712331592.8606,240.0,29.392,-3.11,7.28,10.39
1712331592.9628,241.0,29.208,-3.45,6.9,10.35
1712331593.0597,242.0,28.984,-3.65,6.62,10.27
1712331593.1615,243.0,28.691,-3.83,6.4,10.23
1712331593.2589,244.0,28.061,-3.85,6.3,10.15
1712331593.3588,245.0,27.805,-3.99,6.12,10.11
1712331593.4592,246.0,27.503,-3.91,6.12,10.03
1712331593.5599,247.0,26.858,-3.77,6.22,9.99
1712331593.6602,248.0,26.601,-3.33,6.58,9.91
1712331593.76,249.0,26.444,-2.86,7.0,9.86
1712331593.8594,250.0,26.296,-2.47,7.32,9.79
1712331593.9631,251.0,25.764,-2.33,7.42,9.75
1712331594.0596,252.0,25.638,-2.27,7.4,9.67
1712331594.1588,253.0,25.546,-2.39,7.24,9.63
1712331594.2584,254.0,25.333,-2.49,7.06,9.55
1712331594.3607,255.0,24.806,-2.55,6.96,9.51
1712331594.4592,256.0,24.661,-2.66,6.76,9.42
1712331594.5591,257.0,24.577,-2.84,6.54,9.38
1712331594.6591,258.0,24.026,-2.86,6.44,9.3
1712331594.7601,259.0,23.839,-2.99,6.26,9.25
1712331594.8596,260.0,23.591,-3.12,6.06,9.18
1712331594.9587,261.0,23.433,-3.24,5.88,9.12
1712331595.071,262.0,22.861,-3.26,5.8,9.06
1712331595.1607,263.0,22.602,-3.41,5.6,9.01
1712331595.2589,264.0,22.387,-3.47,5.48,8.95
1712331595.3632,265.0,22.092,-3.41,5.48,8.89
1712331595.46,266.0,21.554,-3.37,5.48,8.85
1712331595.5591,267.0,21.267,-3.27,5.5,8.77
1712331595.659,268.0,21.095,-3.19,5.52,8.71
1712331595.7596,269.0,20.514,-3.13,5.52,8.65
1712331595.8591,270.0,20.239,-3.44,5.14,8.58
1712331595.9587,271.0,20.034,-3.53,5.0,8.53
1712331596.0597,272.0,19.745,-3.42,5.06,8.48
1712331596.1597,273.0,19.251,-3.32,5.1,8.42
1712331596.2643,274.0,18.991,-3.27,5.08,8.35
1712331596.3605,275.0,18.736,-3.37,4.92,8.29
1712331596.4595,276.0,18.456,-3.51,4.72,8.23
1712331596.5587,277.0,17.892,-3.55,4.62,8.17
1712331596.6587,278.0,17.661,-3.62,4.5,8.12
1712331596.7588,279.0,17.345,-3.38,4.68,8.06
1712331596.8608,280.0,16.786,-3.15,4.84,7.99
1712331596.9588,281.0,16.622,-2.72,5.22,7.94
1712331597.0597,282.0,16.433,-2.23,5.64,7.87
1712331597.1595,283.0,16.45,-1.72,6.1,7.82
1712331597.2591,284.0,15.988,-1.4,6.36,7.76
1712331597.36,285.0,15.969,-1.2,6.5,7.7
1712331597.4587,286.0,15.946,-1.12,6.52,7.64
1712331597.5598,287.0,15.918,-1.07,6.52,7.59
1712331597.6591,288.0,15.593,-1.01,6.52,7.53
1712331597.7588,289.0,15.61,-0.94,6.52,7.46
1712331597.8585,290.0,16.376,-0.48,6.98,7.46
1712331597.9587,291.0,15.715,0.15,7.5,7.35
1712331598.0589,292.0,15.321,0.49,7.78,7.29
1712331598.1599,293.0,15.652,1.06,8.28,7.22
1712331598.2597,294.0,15.847,1.65,8.82,7.17
1712331598.3616,295.0,15.722,1.95,9.06,7.11
1712331598.459,296.0,16.028,2.38,9.44,7.06
1712331598.5595,297.0,16.495,2.44,9.44,7.0
1712331598.6587,298.0,16.774,2.32,9.26,6.94
1712331598.7598,299.0,16.68,2.25,9.14,6.89
1712331598.8595,300.0,17.032,2.05,8.88,6.83
1712331598.9586,301.0,17.403,1.83,8.6,6.77
1712331599.059,302.0,17.243,1.75,8.46,6.71
1712331599.1601,303.0,17.495,1.55,8.2,6.65
1712331599.2613,304.0,17.808,1.37,7.96,6.59
1712331599.3589,305.0,18.027,1.16,7.7,6.54
1712331599.4598,306.0,17.845,1.09,7.56,6.47
1712331599.5598,307.0,17.976,0.88,7.3,6.42
1712331599.6587,308.0,18.196,0.69,7.06,6.37
1712331599.7589,309.0,18.347,0.54,6.84,6.3
1712331599.8585,310.0,18.191,0.49,6.74,6.25
1712331599.9589,311.0,18.371,0.33,6.52,6.19
1712331600.0589,312.0,18.508,0.19,6.32,6.13
1712331600.1613,313.0,18.563,-0.02,6.06,6.08
1712331600.2608,314.0,18.298,-0.22,5.8,6.02
1712331600.3615,315.0,18.356,-0.63,5.34,5.97
1712331600.4587,316.0,18.35,-0.59,5.32,5.91
1712331600.5606,317.0,18.084,-0.59,5.26,5.85
1712331600.6627,318.0,18.124,-0.96,4.84,5.8
1712331600.7606,319.0,18.03,-1.48,4.26,5.74
1712331600.8592,320.0,17.895,-2.32,3.36,5.68
1712331600.96,321.0,17.534,-2.68,2.94,5.62
1712331601.0592,322.0,17.215,-3.09,2.48,5.57
1712331601.1598,323.0,16.969,-3.43,2.08,5.51
1712331601.2586,324.0,16.64,-3.9,1.56,5.46
1712331601.3608,325.0,16.179,-4.08,1.32,5.4
1712331601.4592,326.0,15.715,-5.34,0.0,5.34
1712331601.5589,327.0,15.143,-5.13,0.16,5.29
1712331601.6602,328.0,14.706,-4.99,0.24,5.23
1712331601.7586,329.0,14.197,-4.95,0.24,5.19
1712331601.8598,330.0,13.711,-4.86,0.26,5.12
1712331601.9595,331.0,13.246,-4.81,0.26,5.07
1712331602.059,332.0,12.777,-4.74,0.26,5.0
1712331602.1602,333.0,12.305,-4.71,0.26,4.97
1712331602.2585,334.0,11.822,-4.64,0.26,4.9
1712331602.3592,335.0,11.428,-4.59,0.26,4.85
1712331602.4591,336.0,10.968,-4.5,0.28,4.78
1712331602.5586,337.0,10.48,-4.44,0.3,4.74
1712331602.6596,338.0,10.06,-4.38,0.3,4.68
1712331602.76,339.0,9.629,-4.3,0.32,4.62
1712331602.8587,340.0,9.228,-4.3,0.26,4.56
1712331602.9603,341.0,8.787,-4.26,0.24,4.5
1712331603.0595,342.0,8.382,-4.2,0.24,4.44
1712331603.1605,343.0,7.971,-4.16,0.22,4.38
1712331603.2593,344.0,7.544,-4.2,0.12,4.32
1712331603.3608,345.0,7.161,-4.17,0.08,4.25
1712331603.4591,346.0,6.707,-4.12,0.08,4.2
1712331603.5591,347.0,6.344,-3.9,0.22,4.12
1712331603.6603,348.0,6.006,-3.66,0.4,4.06
1712331603.7591,349.0,5.658,-3.4,0.6,4.0
1712331603.8592,350.0,5.348,-3.21,0.72,3.93
1712331603.9594,351.0,5.011,-2.93,0.94,3.87
1712331604.0587,352.0,4.756,-2.66,1.14,3.8
1712331604.159,353.0,4.572,-2.55,1.18,3.73
1712331604.2588,354.0,4.242,-2.5,1.16,3.66
1712331604.3599,355.0,4.062,-2.49,1.1,3.59
1712331604.4588,356.0,3.816,-2.5,1.02,3.52
1712331604.5586,357.0,3.61,-2.94,0.5,3.44
1712331604.6588,358.0,3.313,-3.37,0.0,3.37
1712331604.7612,359.0,2.945,-3.29,0.0,3.29
1712331604.8592,360.0,2.651,-3.21,0.0,3.21
1712331604.9618,361.0,2.417,-3.13,0.0,3.13
1712331605.0602,362.0,2.156,-3.04,0.0,3.04
1712331605.1598,363.0,1.903,-2.96,0.0,2.96
1712331605.2651,364.0,1.671,-2.88,0.0,2.88
1712331605.3605,365.0,1.516,-2.79,0.0,2.79
1712331605.4587,366.0,1.328,-2.71,0.0,2.71
1712331605.559,367.0,1.234,-2.61,0.0,2.61
1712331605.6609,368.0,1.157,-2.53,0.0,2.53
1712331605.7588,369.0,1.162,-2.45,0.0,2.45
1712331605.8592,370.0,1.223,-2.38,0.0,2.38
1712331605.9593,371.0,1.273,-2.31,0.0,2.31
1712331606.0627,372.0,1.401,-2.25,0.0,2.25
1712331606.1589,373.0,1.53,-2.17,0.0,2.17
1712331606.2592,374.0,1.679,-2.11,0.0,2.11
1712331606.3602,375.0,1.837,-2.05,0.0,2.05
1712331606.4598,376.0,1.993,-1.99,0.0,1.99
1712331606.5587,377.0,2.152,-1.93,0.0,1.93
1712331606.6587,378.0,2.319,-1.88,0.0,1.88
1712331606.7592,379.0,2.498,-1.82,0.0,1.82
1712331606.8603,380.0,2.586,-1.78,0.0,1.78
1712331606.9588,381.0,2.586,-1.78,0.0,1.78
1712331607.0589,382.0,2.929,-1.68,0.0,1.68
1712331607.1603,383.0,3.106,-1.64,0.0,1.64
1712331607.26,384.0,3.193,-1.59,0.0,1.59
1712331607.359,385.0,3.394,-1.55,0.0,1.55
1712331607.4607,386.0,3.472,-1.51,0.0,1.51
1712331607.5588,387.0,3.65,-1.47,0.0,1.47
1712331607.6593,388.0,3.748,-1.43,0.0,1.43
1712331607.76,389.0,3.929,-1.34,0.0,1.34
1712331607.8587,390.0,4.022,-1.21,0.0,1.21
1712331607.9592,391.0,4.122,-1.11,0.0,1.11
1712331608.0591,392.0,4.217,-1.01,0.0,1.01
1712331608.1603,393.0,4.312,-0.91,0.0,0.91
1712331608.2589,394.0,4.414,-0.76,0.0,0.76
1712331608.3609,395.0,4.414,-0.66,0.0,0.66
1712331608.4634,396.0,4.513,-0.57,0.0,0.57
1712331608.5591,397.0,4.606,-0.51,0.0,0.51
1712331608.6586,398.0,4.606,-0.34,0.0,0.34
1712331608.7588,399.0,4.606,-0.23,0.0,0.23
1712331608.8598,400.0,4.606,-0.15,0.0,0.15
1712331608.9593,401.0,4.606,0.0,0.0,0.0
1712331609.0593,402.0,4.606,0.0,0.0,0.0
1712331609.1616,403.0,4.606,0.0,0.0,0.0
1712331609.2595,404.0,4.606,0.0,0.0,0.0
1712331609.3614,405.0,4.606,0.0,0.0,0.0
1712331609.4586,406.0,4.606,0.0,0.0,0.0
1712331609.5596,407.0,4.606,0.0,0.0,0.0
1712331609.6593,408.0,4.606,0.0,0.0,0.0
1712331609.7591,409.0,4.606,0.0,0.0,0.0
1712331609.8597,410.0,4.606,0.0,0.0,0.0
1712331609.9621,411.0,4.606,0.0,0.0,0.0
1712331610.0595,412.0,4.606,0.0,0.0,0.0
1712331610.1591,413.0,4.606,0.0,0.0,0.0
1712331610.2597,414.0,4.606,0.0,0.0,0.0
1712331610.3607,415.0,4.606,0.0,0.0,0.0
1712331610.4589,416.0,4.606,0.0,0.0,0.0
1712331610.5594,417.0,4.606,0.0,0.0,0.0
1712331610.659,418.0,4.606,0.0,0.0,0.0
1712331610.7591,419.0,4.606,0.0,0.0,0.0
1712331610.8589,420.0,4.606,0.0,0.0,0.0
1712331610.9587,421.0,4.606,0.0,0.0,0.0
1712331611.0598,422.0,4.606,0.0,0.0,0.0
1712331611.1605,423.0,4.606,0.0,0.0,0.0
1712331611.2599,424.0,4.606,0.0,0.0,0.0
1712331611.361,425.0,4.606,0.0,0.0,0.0
1712331611.4602,426.0,4.606,0.0,0.0,0.0
1712331611.5614,427.0,4.606,0.0,0.0,0.0
1712331611.6592,428.0,4.606,0.0,0.0,0.0
1712331611.7594,429.0,4.606,0.0,0.0,0.0
1712331611.8589,430.0,4.606,0.0,0.0,0.0
1712331611.9589,431.0,4.606,0.0,0.0,0.0
1712331612.059,432.0,4.606,0.0,0.0,0.0
1712331612.1596,433.0,4.606,0.0,0.0,0.0
1712331612.2595,434.0,4.606,0.0,0.0,0.0
1712331612.3611,435.0,4.606,0.0,0.0,0.0
1712331612.4606,436.0,4.606,0.0,0.0,0.0
1712331612.5599,437.0,4.606,0.0,0.0,0.0
1712331612.6604,438.0,4.606,0.0,0.0,0.0
1712331612.759,439.0,4.606,0.0,0.0,0.0
1712331612.8592,440.0,4.606,0.0,0.0,0.0
1712331612.9592,441.0,4.606,0.0,0.0,0.0
1712331613.0592,442.0,4.606,0.0,0.0,0.0
1712331613.1601,443.0,4.606,0.0,0.0,0.0
1712331613.2593,444.0,4.606,0.0,0.0,0.0
1712331613.3594,445.0,4.606,0.0,0.0,0.0
1712331613.4626,446.0,4.606,0.0,0.0,0.0
1712331613.5588,447.0,4.606,0.0,0.0,0.0
1712331613.6613,448.0,4.606,0.04,0.04,0.0
1712331613.7605,449.0,4.606,0.04,0.04,0.0
1712331613.8593,450.0,4.597,0.34,0.34,0.0
1712331613.9592,451.0,4.521,0.88,0.88,0.0
1712331614.0592,452.0,4.456,1.34,1.34,0.0
1712331614.1589,453.0,4.263,2.06,2.06,0.0
1712331614.2595,454.0,3.999,2.5,2.5,0.0
1712331614.3595,455.0,3.723,2.52,2.52,0.0
1712331614.4594,456.0,3.587,2.52,2.52,0.0
1712331614.5602,457.0,3.305,2.54,2.54,0.0
1712331614.6594,458.0,3.039,2.54,2.54,0.0
1712331614.7592,459.0,2.897,2.56,2.56,0.0
1712331614.8595,460.0,2.599,3.14,3.14,0.0
1712331614.9591,461.0,2.262,3.7,3.7,0.0
1712331615.0592,462.0,1.889,4.28,4.28,0.0
1712331615.1593,463.0,1.7,4.58,4.58,0.0
1712331615.2596,464.0,1.37,5.16,5.16,0.0
1712331615.3589,465.0,1.237,5.76,5.76,0.0
1712331615.4622,466.0,1.447,6.36,6.36,0.0
1712331615.5599,467.0,1.657,6.64,6.64,0.0
1712331615.6597,468.0,2.275,7.2,7.2,0.0
1712331615.7586,469.0,3.065,7.8,7.8,0.0
1712331615.8592,470.0,3.95,8.36,8.36,0.0
1712331615.9591,471.0,4.409,8.64,8.64,0.0
1712331616.0589,472.0,5.412,9.16,9.16,0.0
1712331616.1589,473.0,6.471,9.36,9.36,0.0
1712331616.2586,474.0,7.536,9.26,9.26,0.0
1712331616.3706,475.0,8.066,9.26,9.26,0.0
1712331616.4603,476.0,9.212,9.26,9.26,0.0
1712331616.5615,477.0,10.241,9.24,9.24,0.0
1712331616.6593,478.0,10.794,9.24,9.24,0.0
1712331616.7589,479.0,11.847,9.24,9.24,0.0
1712331616.8603,480.0,12.911,9.18,9.18,0.0
1712331616.9586,481.0,13.943,8.98,8.98,0.0
1712331617.0591,482.0,14.441,8.86,8.86,0.0
1712331617.1592,483.0,15.484,8.58,8.58,0.0
1712331617.2617,484.0,16.365,8.0,8.32,0.32
1712331617.359,485.0,16.829,7.41,8.2,0.79
1712331617.4592,486.0,17.646,7.03,7.94,0.91
1712331617.5617,487.0,18.438,6.83,7.88,1.05
1712331617.6615,488.0,19.262,6.94,8.1,1.16
1712331617.759,489.0,19.519,6.97,8.26,1.29
1712331617.8608,490.0,20.408,7.24,8.68,1.44
1712331617.9592,491.0,21.322,7.58,9.12,1.54
1712331618.0589,492.0,22.158,7.61,9.26,1.65
1712331618.1585,493.0,22.491,7.47,9.24,1.77
1712331618.2591,494.0,23.428,7.17,9.06,1.89
1712331618.3588,495.0,24.259,6.8,8.8,2.0
1712331618.4604,496.0,25.053,6.43,8.54,2.11
1712331618.5601,497.0,25.226,6.21,8.42,2.21
1712331618.6602,498.0,25.965,5.86,8.16,2.3
1712331618.7589,499.0,26.686,5.51,7.92,2.41
1712331618.8603,500.0,27.281,5.19,7.7,2.51
1712331618.9586,501.0,27.465,5.0,7.6,2.6
1712331619.0588,502.0,28.065,4.68,7.38,2.7
1712331619.1589,503.0,28.585,4.43,7.22,2.79
1712331619.2597,504.0,29.161,4.31,7.2,2.89
1712331619.3602,505.0,29.304,4.26,7.22,2.96
1712331619.4609,506.0,29.8,4.18,7.24,3.06
1712331619.5586,507.0,30.346,4.09,7.24,3.15
1712331619.6598,508.0,30.817,4.01,7.24,3.23
1712331619.7646,509.0,30.935,3.92,7.24,3.32
1712331619.8609,510.0,31.414,3.87,7.28,3.41
1712331619.9594,511.0,31.894,4.01,7.52,3.51
1712331620.0599,512.0,32.392,4.27,7.86,3.59
1712331620.1592,513.0,32.483,4.37,8.04,3.67
1712331620.2606,514.0,33.12,4.67,8.42,3.75
1712331620.3594,515.0,33.721,4.97,8.82,3.85
1712331620.4592,516.0,33.843,5.08,9.02,3.94
1712331620.5604,517.0,34.554,5.16,9.18,4.02
1712331620.6587,518.0,35.149,5.01,9.12,4.11
1712331620.7615,519.0,35.742,4.79,8.98,4.19
1712331620.8588,520.0,35.805,4.62,8.9,4.28
1712331620.9591,521.0,36.387,4.37,8.74,4.37
1712331621.0587,522.0,36.881,4.13,8.58,4.45
1712331621.1588,523.0,37.479,3.89,8.42,4.53
1712331621.2601,524.0,37.435,3.73,8.34,4.61
1712331621.3594,525.0,37.917,3.48,8.18,4.7
1712331621.4587,526.0,38.247,3.26,8.04,4.78
1712331621.5599,527.0,38.198,3.14,8.0,4.86
1712331621.6603,528.0,38.676,3.18,8.12,4.94
1712331621.7612,529.0,39.016,3.38,8.42,5.04
1712331621.8595,530.0,39.505,3.65,8.76,5.11
1712331621.96,531.0,39.954,3.81,8.92,5.11
1712331622.0599,532.0,39.848,3.79,9.06,5.27
1712331622.1598,533.0,40.255,3.64,9.0,5.36
1712331622.2592,534.0,40.142,3.49,8.92,5.43
1712331622.3599,535.0,40.446,3.25,8.76,5.51
1712331622.4593,536.0,40.776,3.01,8.6,5.59
1712331622.559,537.0,41.004,2.75,8.42,5.67
1712331622.6594,538.0,40.866,2.61,8.36,5.75
1712331622.7597,539.0,41.043,2.39,8.2,5.81
1712331622.8611,540.0,41.193,2.15,8.06,5.91
1712331622.9597,541.0,40.996,2.04,8.02,5.98
1712331623.0593,542.0,41.177,2.08,8.14,6.06
1712331623.1588,543.0,41.334,2.3,8.44,6.14
1712331623.2592,544.0,41.505,2.59,8.8,6.21
1712331623.3601,545.0,41.324,2.66,8.96,6.3
1712331623.4589,546.0,41.508,2.73,9.1,6.37
1712331623.5584,547.0,41.729,2.59,9.04,6.45
1712331623.6593,548.0,41.48,2.45,8.98,6.53
1712331623.7638,549.0,41.653,2.24,8.84,6.6
1712331623.859,550.0,41.78,1.99,8.68,6.69
1712331623.9588,551.0,41.939,1.75,8.52,6.77
1712331624.0596,552.0,41.705,1.6,8.44,6.84
1712331624.159,553.0,41.785,1.35,8.28,6.93
1712331624.259,554.0,41.93,1.11,8.12,7.01
1712331624.3586,555.0,41.653,0.97,8.06,7.09
1712331624.4595,556.0,41.809,0.9,8.06,7.16
1712331624.5589,557.0,41.868,0.95,8.2,7.25
1712331624.6591,558.0,41.989,0.92,8.26,7.34
1712331624.7592,559.0,41.732,0.81,8.22,7.41
1712331624.8611,560.0,41.883,0.64,8.12,7.48
1712331624.9587,561.0,41.98,0.54,8.12,7.58
1712331625.0588,562.0,41.708,0.5,8.16,7.66
1712331625.1587,563.0,41.852,0.58,8.32,7.74
1712331625.2606,564.0,41.955,0.62,8.44,7.82
1712331625.3586,565.0,42.102,0.53,8.44,7.91
1712331625.4588,566.0,41.85,0.4,8.4,8.0
1712331625.5594,567.0,41.948,0.19,8.26,8.07
1712331625.6615,568.0,41.978,-0.07,8.08,8.15
1712331625.7601,569.0,41.955,-0.33,7.9,8.23
1712331625.8619,570.0,41.744,-0.5,7.82,8.32
1712331625.9597,571.0,41.797,-0.78,7.64,8.42
1712331626.0591,572.0,41.844,-1.02,7.46,8.48
1712331626.1587,573.0,41.548,-1.18,7.4,8.58
1712331626.2585,574.0,41.528,-1.32,7.34,8.66
1712331626.3587,575.0,41.427,-1.45,7.3,8.75
1712331626.4599,576.0,41.393,-1.57,7.26,8.83
1712331626.5603,577.0,41.062,-1.68,7.24,8.92
1712331626.6606,578.0,41.008,-2.0,7.02,9.02
1712331626.759,579.0,40.903,-2.19,6.92,9.11
1712331626.8593,580.0,40.559,-2.22,6.98,9.2
1712331626.9596,581.0,40.466,-2.02,7.26,9.28
1712331627.0593,582.0,40.292,-1.72,7.66,9.38
1712331627.1587,583.0,40.242,-1.38,8.08,9.46
1712331627.2598,584.0,39.894,-1.25,8.3,9.55
1712331627.3591,585.0,39.703,-0.87,8.74,9.61
1712331627.4587,586.0,39.644,-0.61,9.06,9.67
1712331627.5595,587.0,39.269,-0.68,9.04,9.72
1712331627.6705,588.0,39.027,-0.94,8.82,9.76
1712331627.761,589.0,38.811,-1.29,8.5,9.79
1712331627.8596,590.0,39.0,-1.45,8.34,9.79
1712331627.9597,591.0,38.07,-1.82,8.06,9.88
1712331628.0594,592.0,37.698,-2.14,7.78,9.92
1712331628.1591,593.0,37.237,-2.28,7.68,9.96
1712331628.2589,594.0,36.69,-2.34,7.66,10.0
1712331628.3587,595.0,36.329,-2.44,7.6,10.04
1712331628.4597,596.0,36.113,-2.5,7.56,10.06
1712331628.5595,597.0,35.702,-2.53,7.54,10.07
1712331628.6592,598.0,35.318,-2.56,7.5,10.06
1712331628.7584,599.0,34.961,-2.39,7.66,10.05
1712331628.8591,600.0,34.396,-2.25,7.78,10.03
1712331628.9591,601.0,34.212,-1.9,8.1,10.0
1712331629.0606,602.0,34.082,-1.52,8.44,9.96
1712331629.1589,603.0,33.732,-1.28,8.62,9.9
1712331629.2588,604.0,33.756,-0.85,8.98,9.83
1712331629.3591,605.0,33.777,-0.67,9.1,9.77
1712331629.4598,606.0,33.824,-0.7,9.0,9.7
1712331629.5595,607.0,33.667,-0.75,8.9,9.65
1712331629.6594,608.0,33.903,-0.88,8.7,9.58
1712331629.7592,609.0,34.199,-1.02,8.5,9.52
1712331629.8597,610.0,34.39,-1.15,8.3,9.45
1712331629.9598,611.0,34.191,-1.21,8.2,9.41
1712331630.0677,612.0,34.506,-1.34,8.0,9.34
1712331630.1598,613.0,34.805,-1.34,7.94,9.28
1712331630.2591,614.0,34.753,-1.23,8.0,9.23
1712331630.3595,615.0,35.184,-0.95,8.24,9.19
1712331630.4594,616.0,35.656,-0.57,8.56,9.13
1712331630.5587,617.0,35.62,-0.35,8.74,9.09
1712331630.6588,618.0,35.967,-0.05,9.0,9.05
1712331630.7588,619.0,36.385,-0.04,8.96,9.0
1712331630.8607,620.0,36.922,-0.15,8.82,8.97
1712331630.9602,621.0,36.893,-0.22,8.72,8.94
1712331631.0591,622.0,37.429,-0.39,8.54,8.93
1712331631.1621,623.0,37.77,-0.57,8.34,8.91
1712331631.2605,624.0,37.781,-0.65,8.26,8.91
1712331631.359,625.0,38.276,-0.81,8.08,8.89
1712331631.4588,626.0,38.565,-0.85,8.04,8.89
1712331631.5592,627.0,38.196,-0.79,8.12,8.91
1712331631.6596,628.0,38.462,-0.56,8.38,8.94
1712331631.7589,629.0,38.726,-0.25,8.72,8.97
1712331631.8606,630.0,38.952,-0.03,8.98,9.01
1712331631.9592,631.0,38.714,-0.07,9.0,9.07
1712331632.0607,632.0,38.88,-0.19,8.92,9.11
1712331632.1592,633.0,38.984,-0.41,8.76,9.17
1712331632.2585,634.0,38.683,-0.53,8.68,9.21
1712331632.3592,635.0,38.824,-0.78,8.5,9.28
1712331632.4592,636.0,38.969,-1.0,8.32,9.32
1712331632.5594,637.0,38.594,-1.14,8.24,9.38
1712331632.6589,638.0,38.637,-1.38,8.06,9.44
1712331632.7592,639.0,38.687,-1.56,7.94,9.5
1712331632.8595,640.0,38.685,-1.52,8.04,9.56
1712331632.9605,641.0,38.237,-1.46,8.16,9.62
1712331633.0599,642.0,38.287,-1.19,8.48,9.67
1712331633.1613,643.0,38.392,-0.88,8.84,9.72
1712331633.2604,644.0,37.933,-0.74,9.02,9.76
1712331633.3602,645.0,38.045,-0.66,9.14,9.8
1712331633.4598,646.0,38.026,-0.76,9.06,9.82
1712331633.5616,647.0,37.674,-0.87,8.98,9.85
1712331633.6591,648.0,37.758,-1.04,8.82,9.86
1712331633.7589,649.0,37.768,-1.24,8.64,9.88
1712331633.8587,650.0,37.8,-1.43,8.46,9.89
1712331633.9589,651.0,37.285,-1.55,8.36,9.91
1712331634.0644,652.0,37.306,-1.72,8.2,9.92
1712331634.1608,653.0,37.175,-1.91,8.02,9.93
1712331634.2592,654.0,37.1,-1.94,8.0,9.94
1712331634.3586,655.0,36.611,-1.89,8.06,9.95
1712331634.4599,656.0,36.587,-1.63,8.32,9.95
1712331634.5586,657.0,36.586,-1.28,8.66,9.94
1712331634.6589,658.0,36.622,-1.02,8.92,9.94
1712331634.7588,659.0,36.116,-0.98,8.94,9.92
1712331634.8602,660.0,36.136,-1.06,8.86,9.92
1712331634.9587,661.0,36.213,-1.17,8.72,9.89
1712331635.0599,662.0,35.756,-1.26,8.62,9.88
1712331635.1592,663.0,35.71,-1.38,8.46,9.84
1712331635.2591,664.0,35.794,-1.54,8.28,9.82
1712331635.359,665.0,35.765,-1.69,8.1,9.79
1712331635.4605,666.0,35.216,-1.75,8.02,9.77
1712331635.5606,667.0,35.195,-1.76,7.98,9.74
1712331635.6646,668.0,35.117,-1.54,8.18,9.72
1712331635.7596,669.0,34.662,-1.36,8.32,9.68
1712331635.8597,670.0,34.708,-1.02,8.64,9.66
1712331635.9587,671.0,34.768,-0.63,9.0,9.63
1712331636.0599,672.0,34.895,-0.48,9.12,9.6
1712331636.159,673.0,34.36,-0.48,9.08,9.56
1712331636.2586,674.0,34.476,-0.56,8.96,9.52
1712331636.3604,675.0,34.444,-0.69,8.78,9.47
1712331636.4645,676.0,34.582,-0.83,8.6,9.43
1712331636.5589,677.0,34.191,-0.87,8.52,9.39
1712331636.6588,678.0,34.151,-1.01,8.34,9.35
1712331636.7587,679.0,34.1,-1.16,8.16,9.32
1712331636.8607,680.0,34.309,-1.29,7.98,9.27
1712331636.9593,681.0,34.777,-1.33,7.94,9.27
1712331637.059,682.0,33.883,-1.19,8.02,9.21
1712331637.1585,683.0,33.928,-0.89,8.3,9.19
1712331637.2599,684.0,33.517,-0.69,8.46,9.15
1712331637.3595,685.0,33.572,-0.35,8.8,9.15
1712331637.4585,686.0,33.725,-0.02,9.08,9.1
1712331637.5587,687.0,33.304,0.02,9.1,9.08
1712331637.6588,688.0,33.443,-0.04,9.0,9.04
1712331637.7599,689.0,33.609,-0.17,8.84,9.01
1712331637.8586,690.0,33.75,-0.31,8.66,8.97
1712331637.9585,691.0,33.327,-0.35,8.58,8.93
1712331638.0593,692.0,33.421,-0.5,8.4,8.9
1712331638.1587,693.0,33.548,-0.67,8.2,8.87
1712331638.2591,694.0,33.594,-0.82,8.04,8.86
1712331638.3587,695.0,33.18,-0.82,8.0,8.82
1712331638.4608,696.0,33.259,-0.73,8.08,8.81
1712331638.5592,697.0,33.311,-0.45,8.34,8.79
1712331638.6588,698.0,32.994,-0.27,8.5,8.77
1712331638.7585,699.0,33.106,0.07,8.82,8.75
1712331638.8594,700.0,33.272,0.24,8.96,8.72
1712331638.9603,701.0,33.418,0.16,8.86,8.7
1712331639.0589,702.0,33.081,0.1,8.78,8.68
1712331639.1595,703.0,33.12,-0.05,8.62,8.67
1712331639.2587,704.0,33.319,-0.21,8.44,8.65
1712331639.3603,705.0,32.933,-0.28,8.34,8.62
1712331639.4585,706.0,32.982,-0.44,8.16,8.6
1712331639.5603,707.0,33.15,-0.58,8.0,8.58
1712331639.6596,708.0,33.245,-0.59,7.96,8.55
1712331639.7586,709.0,32.812,-0.5,8.04,8.54
1712331639.859,710.0,32.877,-0.26,8.28,8.54
1712331639.9591,711.0,32.889,0.08,8.6,8.52
1712331640.0611,712.0,33.166,0.42,8.92,8.5
1712331640.1593,713.0,32.924,0.53,9.02,8.49
1712331640.2602,714.0,32.978,0.53,9.0,8.47
1712331640.3597,715.0,33.239,0.4,8.86,8.46
1712331640.4591,716.0,32.892,0.32,8.76,8.44
1712331640.5589,717.0,33.104,0.15,8.58,8.43
1712331640.659,718.0,33.282,-0.04,8.38,8.42
1712331640.7588,719.0,32.988,-0.1,8.3,8.4
1712331640.8594,720.0,32.969,-0.3,8.1,8.4
1712331640.9589,721.0,33.23,-0.43,7.94,8.37
1712331641.0608,722.0,33.258,-0.44,7.94,8.38
1712331641.1595,723.0,32.837,-0.34,8.02,8.36
1712331641.2594,724.0,32.998,-0.07,8.28,8.35
1712331641.3603,725.0,33.179,0.22,8.58,8.36
1712331641.4594,726.0,33.269,0.58,8.92,8.34
1712331641.5591,727.0,33.079,0.66,9.0,8.34
1712331641.6592,728.0,33.301,0.64,8.98,8.34
1712331641.7605,729.0,33.379,0.47,8.82,8.35
1712331641.8633,730.0,33.166,0.38,8.72,8.34
1712331641.9589,731.0,33.312,0.21,8.54,8.33
1712331642.0597,732.0,33.462,0.0,8.34,8.34
1712331642.1588,733.0,33.619,-0.17,8.14,8.31
1712331642.265,734.0,33.203,-0.29,8.04,8.33
1712331642.3588,735.0,33.319,-0.44,7.88,8.32
1712331642.4591,736.0,33.332,-0.39,7.94,8.33
1712331642.5586,737.0,32.984,-0.29,8.04,8.33
1712331642.66,738.0,33.113,-0.03,8.3,8.33
1712331642.759,739.0,33.314,0.2,8.54,8.34
1712331642.8594,740.0,34.324,0.42,8.76,8.34
1712331642.9596,741.0,33.145,0.45,8.8,8.35
1712331643.0591,742.0,33.211,0.4,8.74,8.34
1712331643.1586,743.0,33.382,0.26,8.6,8.34
1712331643.2596,744.0,33.535,0.1,8.44,8.34
1712331643.3596,745.0,33.154,0.03,8.36,8.33
1712331643.4589,746.0,33.418,-0.16,8.18,8.34
1712331643.5589,747.0,33.39,-0.27,8.06,8.33
1712331643.6605,748.0,33.596,-0.2,8.14,8.34
1712331643.759,749.0,33.16,-0.07,8.26,8.33
1712331643.8588,750.0,33.17,0.23,8.56,8.33
1712331643.9615,751.0,33.433,0.47,8.8,8.33
1712331644.0593,752.0,33.691,0.45,8.78,8.33
1712331644.1591,753.0,33.303,0.4,8.74,8.34
1712331644.2588,754.0,33.506,0.24,8.58,8.34
1712331644.3589,755.0,33.699,0.08,8.42,8.34
1712331644.4606,756.0,33.284,0.0,8.34,8.34
1712331644.5598,757.0,33.383,-0.17,8.16,8.33
1712331644.6588,758.0,33.506,-0.34,8.0,8.34
1712331644.7591,759.0,33.677,-0.4,7.94,8.34
1712331644.8595,760.0,33.272,-0.38,7.96,8.34
1712331644.9592,761.0,33.379,-0.34,8.0,8.34
1712331645.0592,762.0,33.501,-0.3,8.04,8.34
1712331645.1594,763.0,33.542,-0.26,8.08,8.34
1712331645.26,764.0,33.292,-0.22,8.12,8.34
1712331645.3632,765.0,33.363,-0.13,8.22,8.35
1712331645.4589,766.0,33.494,-0.07,8.28,8.35
1712331645.5594,767.0,33.532,0.06,8.4,8.34
1712331645.6594,768.0,33.172,0.16,8.5,8.34
1712331645.7593,769.0,33.345,0.37,8.7,8.33
1712331645.8585,770.0,33.563,0.3,8.64,8.34
1712331645.959,771.0,33.216,0.23,8.56,8.33
1712331646.0594,772.0,33.309,0.06,8.38,8.32
1712331646.163,773.0,33.325,-0.12,8.2,8.32
1712331646.2607,774.0,33.49,-0.31,8.0,8.31
1712331646.359,775.0,33.121,-0.37,7.94,8.31
1712331646.4587,776.0,33.116,-0.33,7.98,8.31
1712331646.5601,777.0,33.107,-0.17,8.14,8.31
1712331646.6606,778.0,33.315,-0.09,8.22,8.31
1712331646.7591,779.0,32.916,-0.09,8.22,8.31
1712331646.861,780.0,33.009,-0.17,8.14,8.31
1712331646.9587,781.0,33.101,-0.24,8.06,8.3
1712331647.0588,782.0,33.205,-0.35,7.96,8.31
1712331647.1587,783.0,32.748,-0.36,7.94,8.3
1712331647.2611,784.0,32.812,-0.34,7.96,8.3
1712331647.3587,785.0,32.955,-0.18,8.12,8.3
1712331647.4609,786.0,32.703,-0.04,8.24,8.28
1712331647.5586,787.0,32.839,0.22,8.5,8.28
1712331647.66,788.0,32.956,0.49,8.76,8.27
1712331647.7589,789.0,33.148,0.55,8.82,8.27
1712331647.8586,790.0,32.908,0.52,8.78,8.26
1712331647.9586,791.0,33.899,0.38,8.64,8.26
1712331648.0606,792.0,33.176,0.2,8.44,8.24
1712331648.1617,793.0,33.384,0.02,8.24,8.22
1712331648.2597,794.0,33.025,-0.1,8.14,8.24
1712331648.3592,795.0,33.135,-0.29,7.94,8.23
1712331648.4594,796.0,33.195,-0.35,7.86,8.21
1712331648.5588,797.0,33.272,-0.24,7.98,8.22
1712331648.6592,798.0,32.94,-0.11,8.1,8.21
1712331648.7588,799.0,32.966,0.12,8.36,8.24
1712331648.8589,800.0,33.117,0.44,8.66,8.22
1712331648.9607,801.0,33.372,0.65,8.88,8.23
1712331649.0589,802.0,33.009,0.64,8.88,8.24
1712331649.1592,803.0,33.189,0.56,8.78,8.22
1712331649.2589,804.0,33.282,0.36,8.6,8.24
1712331649.3608,805.0,32.93,0.28,8.5,8.22
1712331649.4589,806.0,32.987,0.04,8.28,8.24
1712331649.5592,807.0,33.097,-0.18,8.06,8.24
1712331649.6603,808.0,33.177,-0.36,7.88,8.24
1712331649.7601,809.0,32.734,-0.38,7.86,8.24
1712331649.8627,810.0,32.777,-0.25,7.98,8.23
1712331649.9592,811.0,32.836,-0.05,8.2,8.25
1712331650.0598,812.0,32.935,0.22,8.46,8.24
1712331650.1615,813.0,32.603,0.35,8.6,8.25
1712331650.2586,814.0,32.687,0.53,8.78,8.25
1712331650.3592,815.0,32.939,0.46,8.7,8.24
1712331650.4591,816.0,32.543,0.34,8.6,8.26
1712331650.561,817.0,32.679,0.11,8.36,8.25
1712331650.6591,818.0,32.797,-0.13,8.12,8.25
1712331650.7594,819.0,32.905,-0.37,7.88,8.25
1712331650.86,820.0,32.616,-0.46,7.78,8.24
1712331650.959,821.0,32.671,-0.46,7.78,8.24
1712331651.0588,822.0,32.771,-0.43,7.8,8.23
1712331651.1586,823.0,32.423,-0.48,7.76,8.24
1712331651.2623,824.0,32.514,-0.65,7.58,8.23
1712331651.3589,825.0,32.495,-0.87,7.36,8.23
1712331651.4598,826.0,32.5,-1.08,7.14,8.22
1712331651.5592,827.0,32.101,-1.16,7.06,8.22
1712331651.6602,828.0,32.099,-1.3,6.92,8.22
1712331651.759,829.0,32.053,-1.36,6.84,8.2
1712331651.8586,830.0,31.978,-1.31,6.88,8.19
1712331651.9589,831.0,31.586,-1.21,6.96,8.17
1712331652.0594,832.0,31.509,-0.97,7.16,8.13
1712331652.1587,833.0,31.536,-0.71,7.4,8.11
1712331652.2593,834.0,31.601,-0.39,7.66,8.05
1712331652.3592,835.0,31.255,-0.24,7.78,8.02
1712331652.4595,836.0,31.34,0.1,8.08,7.98
1712331652.559,837.0,31.333,0.42,8.34,7.92
1712331652.6586,838.0,31.031,0.57,8.46,7.89
1712331652.7589,839.0,31.343,0.81,8.64,7.83
1712331652.8589,840.0,31.404,0.79,8.58,7.79
1712331652.9588,841.0,31.642,0.68,8.42,7.74
1712331653.059,842.0,31.309,0.61,8.32,7.71
1712331653.1588,843.0,31.614,0.43,8.12,7.69
1712331653.2593,844.0,31.67,0.24,7.9,7.66
1712331653.3592,845.0,31.451,0.16,7.8,7.64
1712331653.4609,846.0,31.512,-0.06,7.58,7.64
1712331653.5587,847.0,31.59,-0.25,7.38,7.63
1712331653.6586,848.0,31.698,-0.5,7.12,7.62
1712331653.7588,849.0,31.306,-0.66,6.96,7.62
1712331653.8589,850.0,32.021,-1.14,6.48,7.62
1712331653.959,851.0,31.216,-2.17,5.46,7.63
1712331654.0641,852.0,31.012,-3.2,4.42,7.62
1712331654.1597,853.0,30.543,-3.78,3.84,7.62
1712331654.2636,854.0,30.193,-4.83,2.78,7.61
1712331654.36,855.0,29.628,-5.89,1.7,7.59
1712331654.4592,856.0,29.049,-7.42,0.16,7.58
1712331654.5598,857.0,28.265,-7.54,0.0,7.54
1712331654.6646,858.0,27.584,-7.46,0.0,7.46
1712331654.7598,859.0,26.889,-7.41,0.0,7.41
1712331654.8601,860.0,26.193,-7.34,0.0,7.34
1712331654.9645,861.0,25.476,-7.29,0.0,7.29
1712331655.0588,862.0,24.797,-7.22,0.0,7.22
1712331655.161,863.0,24.09,-7.16,0.0,7.16
1712331655.2595,864.0,23.412,-7.1,0.0,7.1
1712331655.3591,865.0,22.701,-7.04,0.0,7.04
1712331655.4591,866.0,21.96,-6.98,0.0,6.98
1712331655.5608,867.0,21.314,-6.94,0.0,6.94
1712331655.6586,868.0,20.696,-6.87,0.0,6.87
1712331655.7588,869.0,20.0,-6.81,0.0,6.81
1712331655.8587,870.0,19.39,-6.75,0.0,6.75
1712331655.9594,871.0,18.7,-6.7,0.0,6.7
1712331656.059,872.0,17.969,-6.63,0.0,6.63
1712331656.1589,873.0,17.378,-6.58,0.0,6.58
1712331656.2597,874.0,16.808,-6.53,0.0,6.53
1712331656.3592,875.0,16.115,-6.46,0.0,6.46
1712331656.4599,876.0,15.429,-6.41,0.0,6.41
1712331656.5591,877.0,14.895,-6.35,0.0,6.35
1712331656.6592,878.0,14.278,-6.29,0.0,6.29
1712331656.7589,879.0,13.627,-6.24,0.0,6.24
1712331656.8598,880.0,12.993,-6.18,0.0,6.18
1712331656.9587,881.0,12.447,-6.12,0.0,6.12
1712331657.0592,882.0,11.778,-6.07,0.0,6.07
1712331657.1588,883.0,11.196,-6.01,0.0,6.01
1712331657.2601,884.0,10.649,-5.96,0.0,5.96
1712331657.3608,885.0,10.649,-5.9,0.0,5.9
1712331657.4586,886.0,10.649,-5.85,0.0,5.85
1712331657.5593,887.0,10.649,-5.78,0.0,5.78
1712331657.6596,888.0,10.649,-5.72,0.0,5.72
1712331657.7591,889.0,10.649,-5.67,0.0,5.67
1712331657.8588,890.0,10.649,-5.67,0.0,5.67
1712331657.9592,891.0,10.649,-5.56,0.0,5.56
1712331658.0596,892.0,10.649,-5.5,0.0,5.5
1712331658.1592,893.0,10.649,-5.45,0.0,5.45
1712331658.2586,894.0,10.649,-5.39,0.0,5.39
1712331658.3606,895.0,10.649,-5.33,0.0,5.33
1712331658.4598,896.0,10.649,-5.28,0.0,5.28
1712331658.5594,897.0,10.649,-5.23,0.0,5.23
1712331658.6667,898.0,10.649,-5.17,0.0,5.17
1712331658.7589,899.0,10.649,-5.1,0.0,5.1
1712331658.8594,900.0,10.649,-5.06,0.0,5.06
1712331658.9602,901.0,10.649,-5.0,0.0,5.0
1712331659.059,902.0,10.649,-4.94,0.0,4.94
1712331659.1593,903.0,10.649,-4.88,0.0,4.88
1712331659.2607,904.0,10.649,-4.83,0.0,4.83
1712331659.3612,905.0,10.649,-4.77,0.0,4.77
1712331659.4589,906.0,10.649,-4.71,0.0,4.71
1712331659.5586,907.0,10.649,-4.65,0.0,4.65
1712331659.6594,908.0,10.649,-4.59,0.0,4.59
1712331659.7588,909.0,10.649,-4.52,0.0,4.52
1712331659.8589,910.0,10.649,-4.46,0.0,4.46
1712331659.9591,911.0,10.649,-4.4,0.0,4.4
1712331660.0589,912.0,10.649,-4.34,0.0,4.34
1712331660.1586,913.0,10.649,-4.28,0.0,4.28
1712331660.2597,914.0,10.649,-4.22,0.0,4.22
