TimeStampNs,PandaNum,MessageID,Bus,MessageLength,Message
371550025.0,0,0x7E4,0,8,0x0322010500000000
371820000.0,0,0x7E4,0,8,0x0322010500000000
385676500.0,0,0x7E4,0,8,0x3000000000000000
385812750.0,0,0x7E4,0,8,0x3000000000000000
450534475.0,0,0x7E4,0,8,0x0322010100000000
450687425.0,0,0x7E4,0,8,0x0322010100000000
460620050.0,0,0x7E4,0,8,0x3000000000000000
460874575.0,0,0x7E4,0,8,0x3000000000000000
541188675.0,0,0x7E4,0,8,0x0322010500000000
541376325.0,0,0x7E4,0,8,0x0322010500000000
555281500.0,0,0x7E4,0,8,0x3000000000000000
555419375.0,0,0x7E4,0,8,0x3000000000000000
619807600.0,0,0x7E4,0,8,0x0322010100000000
619960825.0,0,0x7E4,0,8,0x0322010100000000
630035775.0,0,0x7E4,0,8,0x3000000000000000
630542550.0,0,0x7E4,0,8,0x3000000000000000
739579775.0,0,0x7E4,0,8,0x0322010500000000
739742500.0,0,0x7E4,0,8,0x0322010500000000
750735175.0,0,0x7E4,0,8,0x3000000000000000
750871150.0,0,0x7E4,0,8,0x3000000000000000
816539825.0,0,0x7E4,0,8,0x0322010100000000
816675175.0,0,0x7E4,0,8,0x0322010100000000
827617700.0,0,0x7E4,0,8,0x3000000000000000
827755075.0,0,0x7E4,0,8,0x3000000000000000
906124175.0,0,0x7E4,0,8,0x0322010500000000
906267000.0,0,0x7E4,0,8,0x0322010500000000
920125925.0,0,0x7E4,0,8,0x3000000000000000
920292600.0,0,0x7E4,0,8,0x3000000000000000
984977025.0,0,0x7E4,0,8,0x0322010100000000
985129500.0,0,0x7E4,0,8,0x0322010100000000
995228275.0,0,0x7E4,0,8,0x3000000000000000
995367425.0,0,0x7E4,0,8,0x3000000000000000
1076597475.0,0,0x7E4,0,8,0x0322010500000000
1076732675.0,0,0x7E4,0,8,0x0322010500000000
1109142725.0,0,0x7E4,0,8,0x3000000000000000
1109529725.0,0,0x7E4,0,8,0x3000000000000000
1192454225.0,0,0x7E4,0,8,0x0322010100000000
1193037450.0,0,0x7E4,0,8,0x0322010100000000
1200502250.0,0,0x7E4,0,8,0x3000000000000000
1200647000.0,0,0x7E4,0,8,0x3000000000000000
1281556950.0,0,0x7E4,0,8,0x0322010500000000
1281885250.0,0,0x7E4,0,8,0x0322010500000000
1295407100.0,0,0x7E4,0,8,0x3000000000000000
1295555750.0,0,0x7E4,0,8,0x3000000000000000
1361123775.0,0,0x7E4,0,8,0x0322010100000000
1361384775.0,0,0x7E4,0,8,0x0322010100000000
1370202125.0,0,0x7E4,0,8,0x3000000000000000
1370502200.0,0,0x7E4,0,8,0x3000000000000000
1451770275.0,0,0x7E4,0,8,0x0322010500000000
1453087150.0,0,0x7E4,0,8,0x0322010500000000
1484112250.0,0,0x7E4,0,8,0x3000000000000000
1484301725.0,0,0x7E4,0,8,0x3000000000000000
1570359650.0,0,0x7E4,0,8,0x0322010100000000
1570503825.0,0,0x7E4,0,8,0x0322010100000000
1580553375.0,0,0x7E4,0,8,0x3000000000000000
1580690475.0,0,0x7E4,0,8,0x3000000000000000
1661294525.0,0,0x7E4,0,8,0x0322010500000000
1663203600.0,0,0x7E4,0,8,0x0322010500000000
1675404075.0,0,0x7E4,0,8,0x3000000000000000
1675541500.0,0,0x7E4,0,8,0x3000000000000000
1740913125.0,0,0x7E4,0,8,0x0322010100000000
1741047200.0,0,0x7E4,0,8,0x0322010100000000
1749923050.0,0,0x7E4,0,8,0x3000000000000000
1750059475.0,0,0x7E4,0,8,0x3000000000000000
1832866050.0,0,0x7E4,0,8,0x0322010500000000
1833047200.0,0,0x7E4,0,8,0x0322010500000000
1863080350.0,0,0x7E4,0,8,0x3000000000000000
1863216025.0,0,0x7E4,0,8,0x3000000000000000
1946282400.0,0,0x7E4,0,8,0x0322010100000000
1946416475.0,0,0x7E4,0,8,0x0322010100000000
1955441425.0,0,0x7E4,0,8,0x3000000000000000
1955582475.0,0,0x7E4,0,8,0x3000000000000000
2036200675.0,0,0x7E4,0,8,0x0322010500000000
2036388600.0,0,0x7E4,0,8,0x0322010500000000
2050217875.0,0,0x7E4,0,8,0x3000000000000000
2050508350.0,0,0x7E4,0,8,0x3000000000000000
2115187275.0,0,0x7E4,0,8,0x0322010100000000
2115343675.0,0,0x7E4,0,8,0x0322010100000000
2129102700.0,0,0x7E4,0,8,0x3000000000000000
2130209625.0,0,0x7E4,0,8,0x3000000000000000
2238682775.0,0,0x7E4,0,8,0x0322010500000000
2239572125.0,0,0x7E4,0,8,0x0322010500000000
2250615250.0,0,0x7E4,0,8,0x3000000000000000
2250751325.0,0,0x7E4,0,8,0x3000000000000000
2319329900.0,0,0x7E4,0,8,0x0322010100000000
2319591575.0,0,0x7E4,0,8,0x0322010100000000
2330427525.0,0,0x7E4,0,8,0x3000000000000000
2330737075.0,0,0x7E4,0,8,0x3000000000000000
2411146800.0,0,0x7E4,0,8,0x0322010500000000
2411333450.0,0,0x7E4,0,8,0x0322010500000000
2427340100.0,0,0x7E4,0,8,0x3000000000000000
2427481500.0,0,0x7E4,0,8,0x3000000000000000
2491055900.0,0,0x7E4,0,8,0x0322010100000000
2491343775.0,0,0x7E4,0,8,0x0322010100000000
2499955075.0,0,0x7E4,0,8,0x3000000000000000
2500092475.0,0,0x7E4,0,8,0x3000000000000000
2581915775.0,0,0x7E4,0,8,0x0322010500000000
2583162125.0,0,0x7E4,0,8,0x0322010500000000
2612891525.0,0,0x7E4,0,8,0x3000000000000000
2613071975.0,0,0x7E4,0,8,0x3000000000000000
2696280575.0,0,0x7E4,0,8,0x0322010100000000
2696431550.0,0,0x7E4,0,8,0x0322010100000000
2705344600.0,0,0x7E4,0,8,0x3000000000000000
2705489075.0,0,0x7E4,0,8,0x3000000000000000
2786153025.0,0,0x7E4,0,8,0x0322010500000000
2786288050.0,0,0x7E4,0,8,0x0322010500000000
2800137075.0,0,0x7E4,0,8,0x3000000000000000
2800273575.0,0,0x7E4,0,8,0x3000000000000000
2865123200.0,0,0x7E4,0,8,0x0322010100000000
2865260525.0,0,0x7E4,0,8,0x0322010100000000
2875861925.0,0,0x7E4,0,8,0x3000000000000000
2876039000.0,0,0x7E4,0,8,0x3000000000000000
2956680600.0,0,0x7E4,0,8,0x0322010500000000
2957002725.0,0,0x7E4,0,8,0x0322010500000000
2991758175.0,0,0x7E4,0,8,0x3000000000000000
2993405775.0,0,0x7E4,0,8,0x3000000000000000
3075443050.0,0,0x7E4,0,8,0x0322010100000000
3075580475.0,0,0x7E4,0,8,0x0322010100000000
3085629050.0,0,0x7E4,0,8,0x3000000000000000
3085835425.0,0,0x7E4,0,8,0x3000000000000000
3166322475.0,0,0x7E4,0,8,0x0322010500000000
3166531750.0,0,0x7E4,0,8,0x0322010500000000
3180038400.0,0,0x7E4,0,8,0x3000000000000000
3180175425.0,0,0x7E4,0,8,0x3000000000000000
3244939175.0,0,0x7E4,0,8,0x0322010100000000
3245106875.0,0,0x7E4,0,8,0x0322010100000000
3255886950.0,0,0x7E4,0,8,0x3000000000000000
3256038350.0,0,0x7E4,0,8,0x3000000000000000
3336672000.0,0,0x7E4,0,8,0x0322010500000000
3336835050.0,0,0x7E4,0,8,0x0322010500000000
3369236400.0,0,0x7E4,0,8,0x3000000000000000
3369545975.0,0,0x7E4,0,8,0x3000000000000000
3452624275.0,0,0x7E4,0,8,0x0322010100000000
3453104950.0,0,0x7E4,0,8,0x0322010100000000
3460415125.0,0,0x7E4,0,8,0x3000000000000000
3460743825.0,0,0x7E4,0,8,0x3000000000000000
3541195525.0,0,0x7E4,0,8,0x0322010500000000
3541465025.0,0,0x7E4,0,8,0x0322010500000000
3556035450.0,0,0x7E4,0,8,0x3000000000000000
3556173000.0,0,0x7E4,0,8,0x3000000000000000
3620907925.0,0,0x7E4,0,8,0x0322010100000000
3621042400.0,0,0x7E4,0,8,0x0322010100000000
3630009350.0,0,0x7E4,0,8,0x3000000000000000
3630657050.0,0,0x7E4,0,8,0x3000000000000000
3711620450.0,0,0x7E4,0,8,0x0322010500000000
3713112950.0,0,0x7E4,0,8,0x0322010500000000
3750735575.0,0,0x7E4,0,8,0x3000000000000000
3751036275.0,0,0x7E4,0,8,0x3000000000000000
3832539025.0,0,0x7E4,0,8,0x0322010100000000
3833111650.0,0,0x7E4,0,8,0x0322010100000000
3840500250.0,0,0x7E4,0,8,0x3000000000000000
3840668150.0,0,0x7E4,0,8,0x3000000000000000
3921009375.0,0,0x7E4,0,8,0x0322010500000000
3926730875.0,0,0x7E4,0,8,0x0322010500000000
3935273750.0,0,0x7E4,0,8,0x3000000000000000
3935412050.0,0,0x7E4,0,8,0x3000000000000000
4000874625.0,0,0x7E4,0,8,0x0322010100000000
4001019675.0,0,0x7E4,0,8,0x0322010100000000
4010977925.0,0,0x7E4,0,8,0x3000000000000000
4011413200.0,0,0x7E4,0,8,0x3000000000000000
4092151925.0,0,0x7E4,0,8,0x0322010500000000
4093108475.0,0,0x7E4,0,8,0x0322010500000000
4127080725.0,0,0x7E4,0,8,0x3000000000000000
4127342950.0,0,0x7E4,0,8,0x3000000000000000
4208281350.0,0,0x7E4,0,8,0x0322010100000000
4208417375.0,0,0x7E4,0,8,0x0322010100000000
4215619125.0,0,0x7E4,0,8,0x3000000000000000
4215959025.0,0,0x7E4,0,8,0x3000000000000000
4296024175.0,0,0x7E4,0,8,0x0322010500000000
4296256225.0,0,0x7E4,0,8,0x0322010500000000
4311191875.0,0,0x7E4,0,8,0x3000000000000000
4313113400.0,0,0x7E4,0,8,0x3000000000000000
4375866250.0,0,0x7E4,0,8,0x0322010100000000
4376028850.0,0,0x7E4,0,8,0x0322010100000000
4385929325.0,0,0x7E4,0,8,0x3000000000000000
4386073800.0,0,0x7E4,0,8,0x3000000000000000
4466686825.0,0,0x7E4,0,8,0x0322010500000000
4466821975.0,0,0x7E4,0,8,0x0322010500000000
4503224450.0,0,0x7E4,0,8,0x3000000000000000
4503428325.0,0,0x7E4,0,8,0x3000000000000000
4587321275.0,0,0x7E4,0,8,0x0322010100000000
4587475500.0,0,0x7E4,0,8,0x0322010100000000
4595701825.0,0,0x7E4,0,8,0x3000000000000000
4596012350.0,0,0x7E4,0,8,0x3000000000000000
4677374650.0,0,0x7E4,0,8,0x0322010500000000
4677510750.0,0,0x7E4,0,8,0x0322010500000000
4691305800.0,0,0x7E4,0,8,0x3000000000000000
4693251875.0,0,0x7E4,0,8,0x3000000000000000
4756027400.0,0,0x7E4,0,8,0x0322010100000000
4756237900.0,0,0x7E4,0,8,0x0322010100000000
4765804325.0,0,0x7E4,0,8,0x3000000000000000
4766498350.0,0,0x7E4,0,8,0x3000000000000000
4846454550.0,0,0x7E4,0,8,0x0322010500000000
4846589675.0,0,0x7E4,0,8,0x0322010500000000
4885214500.0,0,0x7E4,0,8,0x3000000000000000
4885417075.0,0,0x7E4,0,8,0x3000000000000000
4969533650.0,0,0x7E4,0,8,0x0322010100000000
4969681925.0,0,0x7E4,0,8,0x0322010100000000
4981323550.0,0,0x7E4,0,8,0x3000000000000000
4981460800.0,0,0x7E4,0,8,0x3000000000000000
5062250425.0,0,0x7E4,0,8,0x0322010500000000
5063326600.0,0,0x7E4,0,8,0x0322010500000000
5075464300.0,0,0x7E4,0,8,0x3000000000000000
5075644825.0,0,0x7E4,0,8,0x3000000000000000
5139992950.0,0,0x7E4,0,8,0x0322010100000000
5140129175.0,0,0x7E4,0,8,0x0322010100000000
5151127975.0,0,0x7E4,0,8,0x3000000000000000
5151268475.0,0,0x7E4,0,8,0x3000000000000000
5233917175.0,0,0x7E4,0,8,0x0322010500000000
5234066725.0,0,0x7E4,0,8,0x0322010500000000
5263471150.0,0,0x7E4,0,8,0x3000000000000000
5263692000.0,0,0x7E4,0,8,0x3000000000000000
5344572750.0,0,0x7E4,0,8,0x0322010100000000
5344708200.0,0,0x7E4,0,8,0x0322010100000000
5356319900.0,0,0x7E4,0,8,0x3000000000000000
5356526575.0,0,0x7E4,0,8,0x3000000000000000
5436348625.0,0,0x7E4,0,8,0x0322010500000000
5436518025.0,0,0x7E4,0,8,0x0322010500000000
5451262650.0,0,0x7E4,0,8,0x3000000000000000
5451457100.0,0,0x7E4,0,8,0x3000000000000000
5516072925.0,0,0x7E4,0,8,0x0322010100000000
5516209700.0,0,0x7E4,0,8,0x0322010100000000
5530187200.0,0,0x7E4,0,8,0x3000000000000000
5530524575.0,0,0x7E4,0,8,0x3000000000000000
5640407075.0,0,0x7E4,0,8,0x0322010500000000
5640542875.0,0,0x7E4,0,8,0x0322010500000000
5650694225.0,0,0x7E4,0,8,0x3000000000000000
5651081800.0,0,0x7E4,0,8,0x3000000000000000
5720317875.0,0,0x7E4,0,8,0x0322010100000000
5720524600.0,0,0x7E4,0,8,0x0322010100000000
5731468400.0,0,0x7E4,0,8,0x3000000000000000
5731876075.0,0,0x7E4,0,8,0x3000000000000000
5812186200.0,0,0x7E4,0,8,0x0322010500000000
5813123475.0,0,0x7E4,0,8,0x0322010500000000
5827402150.0,0,0x7E4,0,8,0x3000000000000000
5827550275.0,0,0x7E4,0,8,0x3000000000000000
5891378125.0,0,0x7E4,0,8,0x0322010100000000
5891866900.0,0,0x7E4,0,8,0x0322010100000000
5901036825.0,0,0x7E4,0,8,0x3000000000000000
5903385900.0,0,0x7E4,0,8,0x3000000000000000
5981609800.0,0,0x7E4,0,8,0x0322010500000000
5983127775.0,0,0x7E4,0,8,0x0322010500000000
6017601050.0,0,0x7E4,0,8,0x3000000000000000
6017737075.0,0,0x7E4,0,8,0x3000000000000000
6102593625.0,0,0x7E4,0,8,0x0322010100000000
6103394800.0,0,0x7E4,0,8,0x0322010100000000
6111331675.0,0,0x7E4,0,8,0x3000000000000000
6111469850.0,0,0x7E4,0,8,0x3000000000000000
6192301350.0,0,0x7E4,0,8,0x0322010500000000
6193152275.0,0,0x7E4,0,8,0x0322010500000000
6205103275.0,0,0x7E4,0,8,0x3000000000000000
6205247225.0,0,0x7E4,0,8,0x3000000000000000
6270928850.0,0,0x7E4,0,8,0x0322010100000000
6271063950.0,0,0x7E4,0,8,0x0322010100000000
6281856450.0,0,0x7E4,0,8,0x3000000000000000
6283215675.0,0,0x7E4,0,8,0x3000000000000000
6361747375.0,0,0x7E4,0,8,0x0322010500000000
6363363125.0,0,0x7E4,0,8,0x0322010500000000
6395312875.0,0,0x7E4,0,8,0x3000000000000000
6395450650.0,0,0x7E4,0,8,0x3000000000000000
6480425750.0,0,0x7E4,0,8,0x0322010100000000
6480586125.0,0,0x7E4,0,8,0x0322010100000000
6491531650.0,0,0x7E4,0,8,0x3000000000000000
6491875225.0,0,0x7E4,0,8,0x3000000000000000
6572307650.0,0,0x7E4,0,8,0x0322010500000000
6573412300.0,0,0x7E4,0,8,0x0322010500000000
6586192325.0,0,0x7E4,0,8,0x3000000000000000
6586327050.0,0,0x7E4,0,8,0x3000000000000000
6650876150.0,0,0x7E4,0,8,0x0322010100000000
6651417700.0,0,0x7E4,0,8,0x0322010100000000
6661077200.0,0,0x7E4,0,8,0x3000000000000000
6663624475.0,0,0x7E4,0,8,0x3000000000000000
6741786825.0,0,0x7E4,0,8,0x0322010500000000
6743502775.0,0,0x7E4,0,8,0x0322010500000000
6776243900.0,0,0x7E4,0,8,0x3000000000000000
6776385775.0,0,0x7E4,0,8,0x3000000000000000
6858271900.0,0,0x7E4,0,8,0x0322010100000000
6858429025.0,0,0x7E4,0,8,0x0322010100000000
6865594150.0,0,0x7E4,0,8,0x3000000000000000
6865732850.0,0,0x7E4,0,8,0x3000000000000000
6946018050.0,0,0x7E4,0,8,0x0322010500000000
6946153350.0,0,0x7E4,0,8,0x0322010500000000
6961137725.0,0,0x7E4,0,8,0x3000000000000000
6963524475.0,0,0x7E4,0,8,0x3000000000000000
7026060525.0,0,0x7E4,0,8,0x0322010100000000
7026832400.0,0,0x7E4,0,8,0x0322010100000000
7035906950.0,0,0x7E4,0,8,0x3000000000000000
7036042725.0,0,0x7E4,0,8,0x3000000000000000
7116681250.0,0,0x7E4,0,8,0x0322010500000000
7116863450.0,0,0x7E4,0,8,0x0322010500000000
7152026975.0,0,0x7E4,0,8,0x3000000000000000
7153143575.0,0,0x7E4,0,8,0x3000000000000000
7233547350.0,0,0x7E4,0,8,0x0322010100000000
7233753100.0,0,0x7E4,0,8,0x0322010100000000
7241314575.0,0,0x7E4,0,8,0x3000000000000000
7241878400.0,0,0x7E4,0,8,0x3000000000000000
7322055425.0,0,0x7E4,0,8,0x0322010500000000
7326935350.0,0,0x7E4,0,8,0x0322010500000000
7336129050.0,0,0x7E4,0,8,0x3000000000000000
7336265675.0,0,0x7E4,0,8,0x3000000000000000
7400915225.0,0,0x7E4,0,8,0x0322010100000000
7401050275.0,0,0x7E4,0,8,0x0322010100000000
7410948100.0,0,0x7E4,0,8,0x3000000000000000
7411085275.0,0,0x7E4,0,8,0x3000000000000000
7491981450.0,0,0x7E4,0,8,0x0322010500000000
7493143200.0,0,0x7E4,0,8,0x0322010500000000
7526349900.0,0,0x7E4,0,8,0x3000000000000000
7528293150.0,0,0x7E4,0,8,0x3000000000000000
7609550725.0,0,0x7E4,0,8,0x0322010100000000
7609688925.0,0,0x7E4,0,8,0x0322010100000000
7621279650.0,0,0x7E4,0,8,0x3000000000000000
7621417175.0,0,0x7E4,0,8,0x3000000000000000
7702053525.0,0,0x7E4,0,8,0x0322010500000000
7703400425.0,0,0x7E4,0,8,0x0322010500000000
7716113875.0,0,0x7E4,0,8,0x3000000000000000
7716290975.0,0,0x7E4,0,8,0x3000000000000000
7780901625.0,0,0x7E4,0,8,0x0322010100000000
7781037725.0,0,0x7E4,0,8,0x0322010100000000
7792034175.0,0,0x7E4,0,8,0x3000000000000000
7792917900.0,0,0x7E4,0,8,0x3000000000000000
7871632275.0,0,0x7E4,0,8,0x0322010500000000
7873516900.0,0,0x7E4,0,8,0x0322010500000000
7904655125.0,0,0x7E4,0,8,0x3000000000000000
7904793075.0,0,0x7E4,0,8,0x3000000000000000
7986384900.0,0,0x7E4,0,8,0x0322010100000000
7986678375.0,0,0x7E4,0,8,0x0322010100000000
7995533025.0,0,0x7E4,0,8,0x3000000000000000
7995670575.0,0,0x7E4,0,8,0x3000000000000000
8076303475.0,0,0x7E4,0,8,0x0322010500000000
8076483899.999999,0,0x7E4,0,8,0x0322010500000000
8091315375.000001,0,0x7E4,0,8,0x3000000000000000
8092923600.000001,0,0x7E4,0,8,0x3000000000000000
8155730150.0,0,0x7E4,0,8,0x0322010100000000
8155867725.0,0,0x7E4,0,8,0x0322010100000000
8165874900.0,0,0x7E4,0,8,0x3000000000000000
8166011825.0,0,0x7E4,0,8,0x3000000000000000
8246472000.000001,0,0x7E4,0,8,0x0322010500000000
8246606150.0,0,0x7E4,0,8,0x0322010500000000
8278035675.0,0,0x7E4,0,8,0x3000000000000000
8278227575.000001,0,0x7E4,0,8,0x3000000000000000
8359335250.000001,0,0x7E4,0,8,0x0322010100000000
8359506250.000001,0,0x7E4,0,8,0x0322010100000000
8371436800.0,0,0x7E4,0,8,0x3000000000000000
8373412549.999999,0,0x7E4,0,8,0x3000000000000000
8452162050.0,0,0x7E4,0,8,0x0322010500000000
8453415650.0,0,0x7E4,0,8,0x0322010500000000
8465626100.0,0,0x7E4,0,8,0x3000000000000000
8465769650.0,0,0x7E4,0,8,0x3000000000000000
8535025700.0,0,0x7E4,0,8,0x0322010100000000
8535174749.999999,0,0x7E4,0,8,0x0322010100000000
8545821625.0,0,0x7E4,0,8,0x3000000000000000
8545959025.0,0,0x7E4,0,8,0x3000000000000000
8656702075.0,0,0x7E4,0,8,0x0322010500000000
8656836250.0,0,0x7E4,0,8,0x0322010500000000
8665647325.0,0,0x7E4,0,8,0x3000000000000000
8665796450.0,0,0x7E4,0,8,0x3000000000000000
8736256250.0,0,0x7E4,0,8,0x0322010100000000
8736391975.0,0,0x7E4,0,8,0x0322010100000000
8745403575.0,0,0x7E4,0,8,0x3000000000000000
8745541000.0,0,0x7E4,0,8,0x3000000000000000
8829076350.0,0,0x7E4,0,8,0x0322010500000000
8830590275.0,0,0x7E4,0,8,0x0322010500000000
8841155475.0,0,0x7E4,0,8,0x3000000000000000
8841414100.0,0,0x7E4,0,8,0x3000000000000000
8905733325.0,0,0x7E4,0,8,0x0322010100000000
8905869000.0,0,0x7E4,0,8,0x0322010100000000
8916012925.0,0,0x7E4,0,8,0x3000000000000000
8916152575.0,0,0x7E4,0,8,0x3000000000000000
8996580075.0,0,0x7E4,0,8,0x0322010500000000
8996806350.0,0,0x7E4,0,8,0x0322010500000000
9027369825.0,0,0x7E4,0,8,0x3000000000000000
9027507225.0,0,0x7E4,0,8,0x3000000000000000
9110299125.0,0,0x7E4,0,8,0x0322010100000000
9110693425.0,0,0x7E4,0,8,0x0322010100000000
9121438925.0,0,0x7E4,0,8,0x3000000000000000
9121890875.0,0,0x7E4,0,8,0x3000000000000000
9202210100.0,0,0x7E4,0,8,0x0322010500000000
9203419575.0,0,0x7E4,0,8,0x0322010500000000
9216154250.0,0,0x7E4,0,8,0x3000000000000000
9216293250.0,0,0x7E4,0,8,0x3000000000000000
9280997950.0,0,0x7E4,0,8,0x0322010100000000
9281134425.0,0,0x7E4,0,8,0x0322010100000000
9291163425.0,0,0x7E4,0,8,0x3000000000000000
9292939775.0,0,0x7E4,0,8,0x3000000000000000
9372830900.0,0,0x7E4,0,8,0x0322010500000000
9373563900.0,0,0x7E4,0,8,0x0322010500000000
9402134625.0,0,0x7E4,0,8,0x3000000000000000
9403597050.0,0,0x7E4,0,8,0x3000000000000000
9486436050.0,0,0x7E4,0,8,0x0322010100000000
9486570900.0,0,0x7E4,0,8,0x0322010100000000
9495416400.0,0,0x7E4,0,8,0x3000000000000000
9495556075.0,0,0x7E4,0,8,0x3000000000000000
9577025575.0,0,0x7E4,0,8,0x0322010500000000
9577161700.0,0,0x7E4,0,8,0x0322010500000000
9591943750.0,0,0x7E4,0,8,0x3000000000000000
9592860400.0,0,0x7E4,0,8,0x3000000000000000
9655729525.0,0,0x7E4,0,8,0x0322010100000000
9655908300.0,0,0x7E4,0,8,0x0322010100000000
9665906450.0,0,0x7E4,0,8,0x3000000000000000
9666131100.0,0,0x7E4,0,8,0x3000000000000000
9746601600.0,0,0x7E4,0,8,0x0322010500000000
9746737475.0,0,0x7E4,0,8,0x0322010500000000
9779802300.0,0,0x7E4,0,8,0x3000000000000000
9779937550.0,0,0x7E4,0,8,0x3000000000000000
9874143600.0,0,0x7E4,0,8,0x0322010100000000
9874277900.0,0,0x7E4,0,8,0x0322010100000000
9886279050.0,0,0x7E4,0,8,0x3000000000000000
9886415625.0,0,0x7E4,0,8,0x3000000000000000
9967012900.0,0,0x7E4,0,8,0x0322010500000000
9967186800.0,0,0x7E4,0,8,0x0322010500000000
9981060875.0,0,0x7E4,0,8,0x3000000000000000
9981196875.0,0,0x7E4,0,8,0x3000000000000000
10045762980.0,0,0x7E4,0,8,0x0322010100000000
10045916130.0,0,0x7E4,0,8,0x0322010100000000
10055885030.0,0,0x7E4,0,8,0x3000000000000000
10056024600.0,0,0x7E4,0,8,0x3000000000000000
10136636280.0,0,0x7E4,0,8,0x0322010500000000
10136776550.0,0,0x7E4,0,8,0x0322010500000000
10167908130.0,0,0x7E4,0,8,0x3000000000000000
10168050330.0,0,0x7E4,0,8,0x3000000000000000
10251309080.0,0,0x7E4,0,8,0x0322010100000000
10253179750.0,0,0x7E4,0,8,0x0322010100000000
10261364900.0,0,0x7E4,0,8,0x3000000000000000
10263353330.0,0,0x7E4,0,8,0x3000000000000000
10342013730.0,0,0x7E4,0,8,0x0322010500000000
10343326030.0,0,0x7E4,0,8,0x0322010500000000
10356003950.0,0,0x7E4,0,8,0x3000000000000000
10356142550.0,0,0x7E4,0,8,0x3000000000000000
10421810480.0,0,0x7E4,0,8,0x0322010100000000
10425744750.0,0,0x7E4,0,8,0x0322010100000000
10435914280.0,0,0x7E4,0,8,0x3000000000000000
10436052180.0,0,0x7E4,0,8,0x3000000000000000
10546711400.0,0,0x7E4,0,8,0x0322010500000000
10546847130.0,0,0x7E4,0,8,0x0322010500000000
10556468530.0,0,0x7E4,0,8,0x3000000000000000
10556675200.0,0,0x7E4,0,8,0x3000000000000000
10622445500.0,0,0x7E4,0,8,0x0322010100000000
10625988800.0,0,0x7E4,0,8,0x0322010100000000
10635545800.0,0,0x7E4,0,8,0x3000000000000000
10635694330.0,0,0x7E4,0,8,0x3000000000000000
10717649780.0,0,0x7E4,0,8,0x0322010500000000
10717809280.0,0,0x7E4,0,8,0x0322010500000000
10732179330.0,0,0x7E4,0,8,0x3000000000000000
10733202050.0,0,0x7E4,0,8,0x3000000000000000
10796698280.0,0,0x7E4,0,8,0x0322010100000000
10796832550.0,0,0x7E4,0,8,0x0322010100000000
10805791550.0,0,0x7E4,0,8,0x3000000000000000
10805936150.0,0,0x7E4,0,8,0x3000000000000000
10912775350.0,0,0x7E4,0,8,0x0322010500000000
10913191550.0,0,0x7E4,0,8,0x0322010500000000
10921470030.0,0,0x7E4,0,8,0x3000000000000000
10921904300.0,0,0x7E4,0,8,0x3000000000000000
10996273980.0,0,0x7E4,0,8,0x0322010100000000
10996410480.0,0,0x7E4,0,8,0x0322010100000000
11005435680.0,0,0x7E4,0,8,0x3000000000000000
11005573150.0,0,0x7E4,0,8,0x3000000000000000
11087063800.0,0,0x7E4,0,8,0x0322010500000000
11087199030.0,0,0x7E4,0,8,0x0322010500000000
11101083980.0,0,0x7E4,0,8,0x3000000000000000
11101219650.0,0,0x7E4,0,8,0x3000000000000000
11165849980.0,0,0x7E4,0,8,0x0322010100000000
11165988080.0,0,0x7E4,0,8,0x0322010100000000
11175842380.0,0,0x7E4,0,8,0x3000000000000000
11175981330.0,0,0x7E4,0,8,0x3000000000000000
11257495680.0,0,0x7E4,0,8,0x0322010500000000
11257649030.0,0,0x7E4,0,8,0x0322010500000000
11289182150.0,0,0x7E4,0,8,0x3000000000000000
11289684430.0,0,0x7E4,0,8,0x3000000000000000
11371357000.0,0,0x7E4,0,8,0x0322010100000000
11373300050.0,0,0x7E4,0,8,0x0322010100000000
11381328500.0,0,0x7E4,0,8,0x3000000000000000
11381465130.0,0,0x7E4,0,8,0x3000000000000000
11462026630.0,0,0x7E4,0,8,0x0322010500000000
11463532580.0,0,0x7E4,0,8,0x0322010500000000
11476016950.0,0,0x7E4,0,8,0x3000000000000000
11476156700.0,0,0x7E4,0,8,0x3000000000000000
11540889430.0,0,0x7E4,0,8,0x0322010100000000
11541025400.0,0,0x7E4,0,8,0x0322010100000000
11551314250.0,0,0x7E4,0,8,0x3000000000000000
11553187330.0,0,0x7E4,0,8,0x3000000000000000
11633789530.0,0,0x7E4,0,8,0x0322010500000000
11633954050.0,0,0x7E4,0,8,0x0322010500000000
11665826250.0,0,0x7E4,0,8,0x3000000000000000
11665965900.0,0,0x7E4,0,8,0x3000000000000000
11748327030.0,0,0x7E4,0,8,0x0322010100000000
11748498130.0,0,0x7E4,0,8,0x0322010100000000
11756251230.0,0,0x7E4,0,8,0x3000000000000000
11756623700.0,0,0x7E4,0,8,0x3000000000000000
11837238400.0,0,0x7E4,0,8,0x0322010500000000
11837373150.0,0,0x7E4,0,8,0x0322010500000000
11851095950.0,0,0x7E4,0,8,0x3000000000000000
11853196250.0,0,0x7E4,0,8,0x3000000000000000
11916031350.0,0,0x7E4,0,8,0x0322010100000000
11916167580.0,0,0x7E4,0,8,0x0322010100000000
11927980050.0,0,0x7E4,0,8,0x3000000000000000
11928147000.0,0,0x7E4,0,8,0x3000000000000000
12006580900.0,0,0x7E4,0,8,0x0322010500000000
12006715550.0,0,0x7E4,0,8,0x0322010500000000
12043637000.0,0,0x7E4,0,8,0x3000000000000000
12043772880.0,0,0x7E4,0,8,0x3000000000000000
12128316380.0,0,0x7E4,0,8,0x0322010100000000
12128455530.0,0,0x7E4,0,8,0x0322010100000000
12136237950.0,0,0x7E4,0,8,0x3000000000000000
12136601030.0,0,0x7E4,0,8,0x3000000000000000
12217270300.0,0,0x7E4,0,8,0x0322010500000000
12217751330.0,0,0x7E4,0,8,0x0322010500000000
12232242630.0,0,0x7E4,0,8,0x3000000000000000
12233192480.0,0,0x7E4,0,8,0x3000000000000000
12295746700.0,0,0x7E4,0,8,0x0322010100000000
12295882850.0,0,0x7E4,0,8,0x0322010100000000
12305853900.0,0,0x7E4,0,8,0x3000000000000000
12305992250.0,0,0x7E4,0,8,0x3000000000000000
12387608530.0,0,0x7E4,0,8,0x0322010500000000
12387758680.0,0,0x7E4,0,8,0x0322010500000000
12420588650.0,0,0x7E4,0,8,0x3000000000000000
12420769180.0,0,0x7E4,0,8,0x3000000000000000
12505350200.0,0,0x7E4,0,8,0x0322010100000000
12505487630.0,0,0x7E4,0,8,0x0322010100000000
12517524180.0,0,0x7E4,0,8,0x3000000000000000
12517670330.0,0,0x7E4,0,8,0x3000000000000000
12596877500.0,0,0x7E4,0,8,0x0322010500000000
12597013050.0,0,0x7E4,0,8,0x0322010500000000
12611140900.0,0,0x7E4,0,8,0x3000000000000000
12613205180.0,0,0x7E4,0,8,0x3000000000000000
12675993730.0,0,0x7E4,0,8,0x0322010100000000
12676131830.0,0,0x7E4,0,8,0x0322010100000000
12685950950.0,0,0x7E4,0,8,0x3000000000000000
12686102250.0,0,0x7E4,0,8,0x3000000000000000
12766573050.0,0,0x7E4,0,8,0x0322010500000000
12767424130.0,0,0x7E4,0,8,0x0322010500000000
12801425100.0,0,0x7E4,0,8,0x3000000000000000
12803494730.0,0,0x7E4,0,8,0x3000000000000000
12888265900.0,0,0x7E4,0,8,0x0322010100000000
12888403100.0,0,0x7E4,0,8,0x0322010100000000
12896187400.0,0,0x7E4,0,8,0x3000000000000000
12896324700.0,0,0x7E4,0,8,0x3000000000000000
12976931850.0,0,0x7E4,0,8,0x0322010500000000
12977068350.0,0,0x7E4,0,8,0x0322010500000000
12991272050.0,0,0x7E4,0,8,0x3000000000000000
12991470130.0,0,0x7E4,0,8,0x3000000000000000
13055682530.0,0,0x7E4,0,8,0x0322010100000000
13055835930.0,0,0x7E4,0,8,0x0322010100000000
13066046230.0,0,0x7E4,0,8,0x3000000000000000
13066184900.0,0,0x7E4,0,8,0x3000000000000000
13146575280.0,0,0x7E4,0,8,0x0322010500000000
13146710130.0,0,0x7E4,0,8,0x0322010500000000
13187607650.0,0,0x7E4,0,8,0x3000000000000000
13187764380.0,0,0x7E4,0,8,0x3000000000000000
13274396150.0,0,0x7E4,0,8,0x0322010100000000
13274558750.0,0,0x7E4,0,8,0x0322010100000000
13286430600.0,0,0x7E4,0,8,0x3000000000000000
13286576100.0,0,0x7E4,0,8,0x3000000000000000
13366918100.0,0,0x7E4,0,8,0x0322010500000000
13367481150.0,0,0x7E4,0,8,0x0322010500000000
13381029630.0,0,0x7E4,0,8,0x3000000000000000
13381165850.0,0,0x7E4,0,8,0x3000000000000000
13446853650.0,0,0x7E4,0,8,0x0322010100000000
13447329950.0,0,0x7E4,0,8,0x0322010100000000
13456715480.0,0,0x7E4,0,8,0x3000000000000000
13456864150.0,0,0x7E4,0,8,0x3000000000000000
13536609900.0,0,0x7E4,0,8,0x0322010500000000
13536747130.0,0,0x7E4,0,8,0x0322010500000000
13581721880.0,0,0x7E4,0,8,0x3000000000000000
13582989100.0,0,0x7E4,0,8,0x3000000000000000
13669348830.0,0,0x7E4,0,8,0x0322010100000000
13669612000.0,0,0x7E4,0,8,0x0322010100000000
13681192500.0,0,0x7E4,0,8,0x3000000000000000
13682992580.0,0,0x7E4,0,8,0x3000000000000000
13762063530.0,0,0x7E4,0,8,0x0322010500000000
13763334850.0,0,0x7E4,0,8,0x0322010500000000
13775993480.0,0,0x7E4,0,8,0x3000000000000000
13776131400.0,0,0x7E4,0,8,0x3000000000000000
13840909330.0,0,0x7E4,0,8,0x0322010100000000
13841160450.0,0,0x7E4,0,8,0x0322010100000000
13850859150.0,0,0x7E4,0,8,0x3000000000000000
13850996130.0,0,0x7E4,0,8,0x3000000000000000
13932337800.0,0,0x7E4,0,8,0x0322010500000000
13933204500.0,0,0x7E4,0,8,0x0322010500000000
13945613030.0,0,0x7E4,0,8,0x3000000000000000
13945751400.0,0,0x7E4,0,8,0x3000000000000000
14011150400.0,0,0x7E4,0,8,0x0322010100000000
14013217530.0,0,0x7E4,0,8,0x0322010100000000
14021398300.0,0,0x7E4,0,8,0x3000000000000000
14021931250.0,0,0x7E4,0,8,0x3000000000000000
14128754150.0,0,0x7E4,0,8,0x0322010500000000
14130177550.0,0,0x7E4,0,8,0x0322010500000000
14141056650.0,0,0x7E4,0,8,0x3000000000000000
14141192630.0,0,0x7E4,0,8,0x3000000000000000
14210694200.0,0,0x7E4,0,8,0x0322010100000000
14210829100.0,0,0x7E4,0,8,0x0322010100000000
14220812430.0,0,0x7E4,0,8,0x3000000000000000
14220949050.0,0,0x7E4,0,8,0x3000000000000000
14302399900.0,0,0x7E4,0,8,0x0322010500000000
14303362330.0,0,0x7E4,0,8,0x0322010500000000
14316536130.0,0,0x7E4,0,8,0x3000000000000000
14316674580.0,0,0x7E4,0,8,0x3000000000000000
14381270030.0,0,0x7E4,0,8,0x0322010100000000
14381476900.0,0,0x7E4,0,8,0x0322010100000000
14391492100.0,0,0x7E4,0,8,0x3000000000000000
14393003380.0,0,0x7E4,0,8,0x3000000000000000
14472047630.0,0,0x7E4,0,8,0x0322010500000000
14473341150.0,0,0x7E4,0,8,0x0322010500000000
14486059230.0,0,0x7E4,0,8,0x3000000000000000
14486279080.0,0,0x7E4,0,8,0x3000000000000000
14550777130.0,0,0x7E4,0,8,0x0322010100000000
14550912730.0,0,0x7E4,0,8,0x0322010100000000
14560982750.0,0,0x7E4,0,8,0x3000000000000000
14561139830.0,0,0x7E4,0,8,0x3000000000000000
14642860030.0,0,0x7E4,0,8,0x0322010500000000
14643483050.0,0,0x7E4,0,8,0x0322010500000000
14674006400.0,0,0x7E4,0,8,0x3000000000000000
14674308300.0,0,0x7E4,0,8,0x3000000000000000
14757148930.0,0,0x7E4,0,8,0x0322010100000000
14757472350.0,0,0x7E4,0,8,0x0322010100000000
14766223850.0,0,0x7E4,0,8,0x3000000000000000
14766372930.0,0,0x7E4,0,8,0x3000000000000000
14847040950.0,0,0x7E4,0,8,0x0322010500000000
14847213830.0,0,0x7E4,0,8,0x0322010500000000
14861079100.0,0,0x7E4,0,8,0x3000000000000000
14861230080.0,0,0x7E4,0,8,0x3000000000000000
14925999600.0,0,0x7E4,0,8,0x0322010100000000
14927299630.0,0,0x7E4,0,8,0x0322010100000000
14935817780.0,0,0x7E4,0,8,0x3000000000000000
14935955530.0,0,0x7E4,0,8,0x3000000000000000
15017725280.0,0,0x7E4,0,8,0x0322010500000000
15017877250.0,0,0x7E4,0,8,0x0322010500000000
15055403650.0,0,0x7E4,0,8,0x3000000000000000
15055542080.0,0,0x7E4,0,8,0x3000000000000000
15147168730.0,0,0x7E4,0,8,0x0322010100000000
15147305250.0,0,0x7E4,0,8,0x0322010100000000
15156224350.0,0,0x7E4,0,8,0x3000000000000000
15156464250.0,0,0x7E4,0,8,0x3000000000000000
15237128100.0,0,0x7E4,0,8,0x0322010500000000
15237455880.0,0,0x7E4,0,8,0x0322010500000000
15251031480.0,0,0x7E4,0,8,0x3000000000000000
15251168330.0,0,0x7E4,0,8,0x3000000000000000
15315915830.0,0,0x7E4,0,8,0x0322010100000000
15316082680.0,0,0x7E4,0,8,0x0322010100000000
15328888380.0,0,0x7E4,0,8,0x3000000000000000
15330186900.0,0,0x7E4,0,8,0x3000000000000000
15412587080.0,0,0x7E4,0,8,0x0322010500000000
15413239000.0,0,0x7E4,0,8,0x0322010500000000
15457119730.0,0,0x7E4,0,8,0x3000000000000000
15457439030.0,0,0x7E4,0,8,0x3000000000000000
15545037850.0,0,0x7E4,0,8,0x0322010100000000
15545284580.0,0,0x7E4,0,8,0x0322010100000000
15556181800.0,0,0x7E4,0,8,0x3000000000000000
15556449950.0,0,0x7E4,0,8,0x3000000000000000
15637101130.0,0,0x7E4,0,8,0x0322010500000000
15637432880.0,0,0x7E4,0,8,0x0322010500000000
15650950630.0,0,0x7E4,0,8,0x3000000000000000
15651086350.0,0,0x7E4,0,8,0x3000000000000000
15715817800.0,0,0x7E4,0,8,0x0322010100000000
15715962680.0,0,0x7E4,0,8,0x0322010100000000
15728839300.0,0,0x7E4,0,8,0x3000000000000000
15730190800.0,0,0x7E4,0,8,0x3000000000000000
15812378580.0,0,0x7E4,0,8,0x0322010500000000
15813210480.0,0,0x7E4,0,8,0x0322010500000000
15848233150.0,0,0x7E4,0,8,0x3000000000000000
15848392880.0,0,0x7E4,0,8,0x3000000000000000
15939109550.0,0,0x7E4,0,8,0x0322010100000000
15939516600.0,0,0x7E4,0,8,0x0322010100000000
15951086530.0,0,0x7E4,0,8,0x3000000000000000
15951221050.0,0,0x7E4,0,8,0x3000000000000000
16034042180.0,0,0x7E4,0,8,0x0322010500000000
16034186280.0,0,0x7E4,0,8,0x0322010500000000
16045942480.0,0,0x7E4,0,8,0x3000000000000000
16046109399.999998,0,0x7E4,0,8,0x3000000000000000
16110584379.999998,0,0x7E4,0,8,0x0322010100000000
16110730950.0,0,0x7E4,0,8,0x0322010100000000
16120669549.999998,0,0x7E4,0,8,0x3000000000000000
16120805730.0,0,0x7E4,0,8,0x3000000000000000
16203121950.0,0,0x7E4,0,8,0x0322010500000000
16203397249.999998,0,0x7E4,0,8,0x0322010500000000
16241566630.000002,0,0x7E4,0,8,0x3000000000000000
16243693100.000002,0,0x7E4,0,8,0x3000000000000000
16330697300.0,0,0x7E4,0,8,0x0322010100000000
16330831680.0,0,0x7E4,0,8,0x0322010100000000
16341400950.0,0,0x7E4,0,8,0x3000000000000000
16343466930.000002,0,0x7E4,0,8,0x3000000000000000
16421714049.999998,0,0x7E4,0,8,0x0322010500000000
16426256880.0,0,0x7E4,0,8,0x0322010500000000
16435938629.999998,0,0x7E4,0,8,0x3000000000000000
16436077150.0,0,0x7E4,0,8,0x3000000000000000
16501664150.0,0,0x7E4,0,8,0x0322010100000000
16501946579.999998,0,0x7E4,0,8,0x0322010100000000
16511521530.0,0,0x7E4,0,8,0x3000000000000000
16513252500.0,0,0x7E4,0,8,0x3000000000000000
16592390949.999998,0,0x7E4,0,8,0x0322010500000000
16593017300.0,0,0x7E4,0,8,0x0322010500000000
16631575900.000002,0,0x7E4,0,8,0x3000000000000000
16633252880.0,0,0x7E4,0,8,0x3000000000000000
16716991380.0,0,0x7E4,0,8,0x0322010100000000
16717130380.0,0,0x7E4,0,8,0x0322010100000000
16728942830.000002,0,0x7E4,0,8,0x3000000000000000
16730195429.999998,0,0x7E4,0,8,0x3000000000000000
16811758680.0,0,0x7E4,0,8,0x0322010500000000
16813404630.0,0,0x7E4,0,8,0x0322010500000000
16827922999.999998,0,0x7E4,0,8,0x3000000000000000
16828063279.999998,0,0x7E4,0,8,0x3000000000000000
16891736349.999998,0,0x7E4,0,8,0x0322010100000000
16893167729.999998,0,0x7E4,0,8,0x0322010100000000
16901509300.0,0,0x7E4,0,8,0x3000000000000000
16903415880.0,0,0x7E4,0,8,0x3000000000000000
16982162750.0,0,0x7E4,0,8,0x0322010500000000
16982977530.0,0,0x7E4,0,8,0x0322010500000000
17020397700.0,0,0x7E4,0,8,0x3000000000000000
17020592050.000002,0,0x7E4,0,8,0x3000000000000000
17106877000.0,0,0x7E4,0,8,0x0322010100000000
17107201130.0,0,0x7E4,0,8,0x0322010100000000
17116334680.000002,0,0x7E4,0,8,0x3000000000000000
17116491850.0,0,0x7E4,0,8,0x3000000000000000
17196705300.0,0,0x7E4,0,8,0x0322010500000000
17196864530.0,0,0x7E4,0,8,0x0322010500000000
17210850980.0,0,0x7E4,0,8,0x3000000000000000
17210987880.0,0,0x7E4,0,8,0x3000000000000000
17276663900.0,0,0x7E4,0,8,0x0322010100000000
17276799780.0,0,0x7E4,0,8,0x0322010100000000
17286518580.0,0,0x7E4,0,8,0x3000000000000000
17286656480.0,0,0x7E4,0,8,0x3000000000000000
17367265380.0,0,0x7E4,0,8,0x0322010500000000
17367963250.0,0,0x7E4,0,8,0x0322010500000000
17381473500.0,0,0x7E4,0,8,0x3000000000000000
17381957250.0,0,0x7E4,0,8,0x3000000000000000
17446089330.0,0,0x7E4,0,8,0x0322010100000000
17446225080.0,0,0x7E4,0,8,0x0322010100000000
17456219250.0,0,0x7E4,0,8,0x3000000000000000
17456372230.0,0,0x7E4,0,8,0x3000000000000000
17536849030.0,0,0x7E4,0,8,0x0322010500000000
17536984080.0,0,0x7E4,0,8,0x0322010500000000
17572833350.0,0,0x7E4,0,8,0x3000000000000000
17573382350.0,0,0x7E4,0,8,0x3000000000000000
17656574480.0,0,0x7E4,0,8,0x0322010100000000
17656709250.0,0,0x7E4,0,8,0x0322010100000000
17666481700.0,0,0x7E4,0,8,0x3000000000000000
17666619580.0,0,0x7E4,0,8,0x3000000000000000
17747347430.0,0,0x7E4,0,8,0x0322010500000000
17747529080.0,0,0x7E4,0,8,0x0322010500000000
17761294900.0,0,0x7E4,0,8,0x3000000000000000
17763267530.0,0,0x7E4,0,8,0x3000000000000000
17826262480.0,0,0x7E4,0,8,0x0322010100000000
17826441150.0,0,0x7E4,0,8,0x0322010100000000
17836133480.0,0,0x7E4,0,8,0x3000000000000000
17836347480.0,0,0x7E4,0,8,0x3000000000000000
17916929780.0,0,0x7E4,0,8,0x0322010500000000
17917066950.0,0,0x7E4,0,8,0x0322010500000000
17955779650.0,0,0x7E4,0,8,0x3000000000000000
17955916900.0,0,0x7E4,0,8,0x3000000000000000
18040463180.0,0,0x7E4,0,8,0x0322010100000000
18040598550.0,0,0x7E4,0,8,0x0322010100000000
18051553250.0,0,0x7E4,0,8,0x3000000000000000
18053498600.0,0,0x7E4,0,8,0x3000000000000000
18133273630.0,0,0x7E4,0,8,0x0322010500000000
18133409500.0,0,0x7E4,0,8,0x0322010500000000
18146258280.0,0,0x7E4,0,8,0x3000000000000000
18146396750.0,0,0x7E4,0,8,0x3000000000000000
18211096150.0,0,0x7E4,0,8,0x0322010100000000
18211237750.0,0,0x7E4,0,8,0x0322010100000000
18221057350.0,0,0x7E4,0,8,0x3000000000000000
18221193580.0,0,0x7E4,0,8,0x3000000000000000
18301736500.0,0,0x7E4,0,8,0x0322010500000000
18303371900.0,0,0x7E4,0,8,0x0322010500000000
18338191400.0,0,0x7E4,0,8,0x3000000000000000
18338327480.0,0,0x7E4,0,8,0x3000000000000000
18419366130.0,0,0x7E4,0,8,0x0322010100000000
18419681250.0,0,0x7E4,0,8,0x0322010100000000
18432579780.0,0,0x7E4,0,8,0x3000000000000000
18433220500.0,0,0x7E4,0,8,0x3000000000000000
18513319030.0,0,0x7E4,0,8,0x0322010500000000
18513453850.0,0,0x7E4,0,8,0x0322010500000000
18530289330.0,0,0x7E4,0,8,0x3000000000000000
18530600580.0,0,0x7E4,0,8,0x3000000000000000
18596028030.0,0,0x7E4,0,8,0x0322010100000000
18596390480.0,0,0x7E4,0,8,0x0322010100000000
18606040000.0,0,0x7E4,0,8,0x3000000000000000
18606177380.0,0,0x7E4,0,8,0x3000000000000000
18687746450.0,0,0x7E4,0,8,0x0322010500000000
18687880450.0,0,0x7E4,0,8,0x0322010500000000
18719361030.0,0,0x7E4,0,8,0x3000000000000000
18719537930.0,0,0x7E4,0,8,0x3000000000000000
18802444230.0,0,0x7E4,0,8,0x0322010100000000
18803692130.0,0,0x7E4,0,8,0x0322010100000000
18811465700.0,0,0x7E4,0,8,0x3000000000000000
18811962980.0,0,0x7E4,0,8,0x3000000000000000
18892361480.0,0,0x7E4,0,8,0x0322010500000000
18893087130.0,0,0x7E4,0,8,0x0322010500000000
18906254600.0,0,0x7E4,0,8,0x3000000000000000
18906391380.0,0,0x7E4,0,8,0x3000000000000000
18971050830.0,0,0x7E4,0,8,0x0322010100000000
18971186880.0,0,0x7E4,0,8,0x0322010100000000
18981082980.0,0,0x7E4,0,8,0x3000000000000000
18983007150.0,0,0x7E4,0,8,0x3000000000000000
19061791050.0,0,0x7E4,0,8,0x0322010500000000
19064050680.0,0,0x7E4,0,8,0x0322010500000000
19100128150.0,0,0x7E4,0,8,0x3000000000000000
19100265250.0,0,0x7E4,0,8,0x3000000000000000
19183628380.0,0,0x7E4,0,8,0x0322010100000000
19183762630.0,0,0x7E4,0,8,0x0322010100000000
19191654150.0,0,0x7E4,0,8,0x3000000000000000
19192946280.0,0,0x7E4,0,8,0x3000000000000000
19272316030.0,0,0x7E4,0,8,0x0322010500000000
19273195800.0,0,0x7E4,0,8,0x0322010500000000
19286226300.0,0,0x7E4,0,8,0x3000000000000000
19286363600.0,0,0x7E4,0,8,0x3000000000000000
19350990950.0,0,0x7E4,0,8,0x0322010100000000
19351142750.0,0,0x7E4,0,8,0x0322010100000000
19361068750.0,0,0x7E4,0,8,0x3000000000000000
19361264900.0,0,0x7E4,0,8,0x3000000000000000
19441829380.0,0,0x7E4,0,8,0x0322010500000000
19443292250.0,0,0x7E4,0,8,0x0322010500000000
19482618600.0,0,0x7E4,0,8,0x3000000000000000
19483442700.0,0,0x7E4,0,8,0x3000000000000000
19570471900.0,0,0x7E4,0,8,0x0322010100000000
19570744630.0,0,0x7E4,0,8,0x0322010100000000
19581465750.0,0,0x7E4,0,8,0x3000000000000000
19581673300.0,0,0x7E4,0,8,0x3000000000000000
19662311480.0,0,0x7E4,0,8,0x0322010500000000
19663710700.0,0,0x7E4,0,8,0x0322010500000000
19676229700.0,0,0x7E4,0,8,0x3000000000000000
19676378350.0,0,0x7E4,0,8,0x3000000000000000
19740999280.0,0,0x7E4,0,8,0x0322010100000000
19741134580.0,0,0x7E4,0,8,0x0322010100000000
19750969330.0,0,0x7E4,0,8,0x3000000000000000
19751106080.0,0,0x7E4,0,8,0x3000000000000000
19833726030.0,0,0x7E4,0,8,0x0322010500000000
19833862500.0,0,0x7E4,0,8,0x0322010500000000
19845766230.0,0,0x7E4,0,8,0x3000000000000000
19845906030.0,0,0x7E4,0,8,0x3000000000000000
19910418600.0,0,0x7E4,0,8,0x0322010100000000
19910608100.0,0,0x7E4,0,8,0x0322010100000000
19921497880.0,0,0x7E4,0,8,0x3000000000000000
19927414150.0,0,0x7E4,0,8,0x3000000000000000
20037181500.0,0,0x7E4,0,8,0x0322010500000000
20037400850.0,0,0x7E4,0,8,0x0322010500000000
20046535350.0,0,0x7E4,0,8,0x3000000000000000
20046673300.0,0,0x7E4,0,8,0x3000000000000000
20117010880.0,0,0x7E4,0,8,0x0322010100000000
20117273380.0,0,0x7E4,0,8,0x0322010100000000
20128868330.0,0,0x7E4,0,8,0x3000000000000000
20130268780.0,0,0x7E4,0,8,0x3000000000000000
20212775650.0,0,0x7E4,0,8,0x0322010500000000
20213436230.0,0,0x7E4,0,8,0x0322010500000000
20227851950.0,0,0x7E4,0,8,0x3000000000000000
20228011830.0,0,0x7E4,0,8,0x3000000000000000
20291531730.0,0,0x7E4,0,8,0x0322010100000000
20292962880.0,0,0x7E4,0,8,0x0322010100000000
20301437350.0,0,0x7E4,0,8,0x3000000000000000
20303547380.0,0,0x7E4,0,8,0x3000000000000000
20382116430.0,0,0x7E4,0,8,0x0322010500000000
20383075580.0,0,0x7E4,0,8,0x0322010500000000
20414865150.0,0,0x7E4,0,8,0x3000000000000000
20415092530.0,0,0x7E4,0,8,0x3000000000000000
20500503480.0,0,0x7E4,0,8,0x0322010100000000
20500833650.0,0,0x7E4,0,8,0x0322010100000000
20511043400.0,0,0x7E4,0,8,0x3000000000000000
20511210130.0,0,0x7E4,0,8,0x3000000000000000
20592648050.0,0,0x7E4,0,8,0x0322010500000000
20592990350.0,0,0x7E4,0,8,0x0322010500000000
20606561880.0,0,0x7E4,0,8,0x3000000000000000
20606699730.0,0,0x7E4,0,8,0x3000000000000000
20671523800.0,0,0x7E4,0,8,0x0322010100000000
20671988350.0,0,0x7E4,0,8,0x0322010100000000
20681527180.0,0,0x7E4,0,8,0x3000000000000000
20683300450.0,0,0x7E4,0,8,0x3000000000000000
20762312750.0,0,0x7E4,0,8,0x0322010500000000
20763309130.0,0,0x7E4,0,8,0x0322010500000000
20797773200.0,0,0x7E4,0,8,0x3000000000000000
20797969800.0,0,0x7E4,0,8,0x3000000000000000
20882994980.0,0,0x7E4,0,8,0x0322010100000000
20883444850.0,0,0x7E4,0,8,0x0322010100000000
20891384680.0,0,0x7E4,0,8,0x3000000000000000
20893054050.0,0,0x7E4,0,8,0x3000000000000000
20972538930.0,0,0x7E4,0,8,0x0322010500000000
20973081080.0,0,0x7E4,0,8,0x0322010500000000
20986681480.0,0,0x7E4,0,8,0x3000000000000000
20986828180.0,0,0x7E4,0,8,0x3000000000000000
21051435330.0,0,0x7E4,0,8,0x0322010100000000
21051570650.0,0,0x7E4,0,8,0x0322010100000000
21061505150.0,0,0x7E4,0,8,0x3000000000000000
21063581950.0,0,0x7E4,0,8,0x3000000000000000
21142146830.0,0,0x7E4,0,8,0x0322010500000000
21143671480.0,0,0x7E4,0,8,0x0322010500000000
21178578030.0,0,0x7E4,0,8,0x3000000000000000
21178713880.0,0,0x7E4,0,8,0x3000000000000000
21266033550.0,0,0x7E4,0,8,0x0322010100000000
21266178080.0,0,0x7E4,0,8,0x0322010100000000
21276290430.0,0,0x7E4,0,8,0x3000000000000000
21276452700.0,0,0x7E4,0,8,0x3000000000000000
21357527050.0,0,0x7E4,0,8,0x0322010500000000
21357662300.0,0,0x7E4,0,8,0x0322010500000000
21371616050.0,0,0x7E4,0,8,0x3000000000000000
21371991430.0,0,0x7E4,0,8,0x3000000000000000
21438277980.0,0,0x7E4,0,8,0x0322010100000000
21438413350.0,0,0x7E4,0,8,0x0322010100000000
21446437380.0,0,0x7E4,0,8,0x3000000000000000
21446574800.0,0,0x7E4,0,8,0x3000000000000000
21531276450.0,0,0x7E4,0,8,0x0322010500000000
21531576330.0,0,0x7E4,0,8,0x0322010500000000
21568072480.0,0,0x7E4,0,8,0x3000000000000000
21568284330.0,0,0x7E4,0,8,0x3000000000000000
21652716680.0,0,0x7E4,0,8,0x0322010100000000
21653002280.0,0,0x7E4,0,8,0x0322010100000000
21662160700.0,0,0x7E4,0,8,0x3000000000000000
21663420630.0,0,0x7E4,0,8,0x3000000000000000
21742596780.0,0,0x7E4,0,8,0x0322010500000000
21743322950.0,0,0x7E4,0,8,0x0322010500000000
21756612650.0,0,0x7E4,0,8,0x3000000000000000
21756774530.0,0,0x7E4,0,8,0x3000000000000000
21821370580.0,0,0x7E4,0,8,0x0322010100000000
21823315630.0,0,0x7E4,0,8,0x0322010100000000
21832509630.0,0,0x7E4,0,8,0x3000000000000000
21833215550.0,0,0x7E4,0,8,0x3000000000000000
21912142250.0,0,0x7E4,0,8,0x0322010500000000
21912985400.0,0,0x7E4,0,8,0x0322010500000000
21954888450.0,0,0x7E4,0,8,0x3000000000000000
21955025750.0,0,0x7E4,0,8,0x3000000000000000
22037888380.0,0,0x7E4,0,8,0x0322010100000000
22038051330.0,0,0x7E4,0,8,0x0322010100000000
22045916230.0,0,0x7E4,0,8,0x3000000000000000
22046060080.0,0,0x7E4,0,8,0x3000000000000000
22129582930.0,0,0x7E4,0,8,0x0322010500000000
22130328700.0,0,0x7E4,0,8,0x0322010500000000
22141590830.0,0,0x7E4,0,8,0x3000000000000000
22143309400.0,0,0x7E4,0,8,0x3000000000000000
22206266180.0,0,0x7E4,0,8,0x0322010100000000
22206413080.0,0,0x7E4,0,8,0x0322010100000000
22216531580.0,0,0x7E4,0,8,0x3000000000000000
22216678700.0,0,0x7E4,0,8,0x3000000000000000
22297114530.0,0,0x7E4,0,8,0x0322010500000000
22297411180.0,0,0x7E4,0,8,0x0322010500000000
22337258200.0,0,0x7E4,0,8,0x3000000000000000
22337396180.0,0,0x7E4,0,8,0x3000000000000000
22419926100.0,0,0x7E4,0,8,0x0322010100000000
22420063680.0,0,0x7E4,0,8,0x0322010100000000
22432771700.0,0,0x7E4,0,8,0x3000000000000000
22433246750.0,0,0x7E4,0,8,0x3000000000000000
22512600600.0,0,0x7E4,0,8,0x0322010500000000
22512981630.0,0,0x7E4,0,8,0x0322010500000000
22529709130.0,0,0x7E4,0,8,0x3000000000000000
22530869680.0,0,0x7E4,0,8,0x3000000000000000
22596359750.0,0,0x7E4,0,8,0x0322010100000000
22596510880.0,0,0x7E4,0,8,0x0322010100000000
22606443630.0,0,0x7E4,0,8,0x3000000000000000
22606581500.0,0,0x7E4,0,8,0x3000000000000000
22688242230.0,0,0x7E4,0,8,0x0322010500000000
22688378080.0,0,0x7E4,0,8,0x0322010500000000
22721715100.0,0,0x7E4,0,8,0x3000000000000000
22723206130.0,0,0x7E4,0,8,0x3000000000000000
22807682700.0,0,0x7E4,0,8,0x0322010100000000
22807817250.0,0,0x7E4,0,8,0x0322010100000000
22816846430.0,0,0x7E4,0,8,0x3000000000000000
22817159550.0,0,0x7E4,0,8,0x3000000000000000
22897470100.0,0,0x7E4,0,8,0x0322010500000000
22897618930.0,0,0x7E4,0,8,0x0322010500000000
22911584780.0,0,0x7E4,0,8,0x3000000000000000
22913479930.0,0,0x7E4,0,8,0x3000000000000000
22976288180.0,0,0x7E4,0,8,0x0322010100000000
22976425130.0,0,0x7E4,0,8,0x0322010100000000
22986537000.0,0,0x7E4,0,8,0x3000000000000000
22986674450.0,0,0x7E4,0,8,0x3000000000000000
23067124650.0,0,0x7E4,0,8,0x0322010500000000
23067288550.0,0,0x7E4,0,8,0x0322010500000000
23105221800.0,0,0x7E4,0,8,0x3000000000000000
23105358880.0,0,0x7E4,0,8,0x3000000000000000
23188868930.0,0,0x7E4,0,8,0x0322010100000000
23189915650.0,0,0x7E4,0,8,0x0322010100000000
23201718200.0,0,0x7E4,0,8,0x3000000000000000
23201996680.0,0,0x7E4,0,8,0x3000000000000000
23282350850.0,0,0x7E4,0,8,0x0322010500000000
23282981750.0,0,0x7E4,0,8,0x0322010500000000
23296503400.0,0,0x7E4,0,8,0x3000000000000000
23296677530.0,0,0x7E4,0,8,0x3000000000000000
23361206430.0,0,0x7E4,0,8,0x0322010100000000
23361342680.0,0,0x7E4,0,8,0x0322010100000000
23371451100.0,0,0x7E4,0,8,0x3000000000000000
23373208580.0,0,0x7E4,0,8,0x3000000000000000
23451975050.0,0,0x7E4,0,8,0x0322010500000000
23453254780.0,0,0x7E4,0,8,0x0322010500000000
23485652130.0,0,0x7E4,0,8,0x3000000000000000
23485818180.0,0,0x7E4,0,8,0x3000000000000000
23571850980.0,0,0x7E4,0,8,0x0322010100000000
23573212630.0,0,0x7E4,0,8,0x0322010100000000
23581660250.0,0,0x7E4,0,8,0x3000000000000000
23582002150.0,0,0x7E4,0,8,0x3000000000000000
23662467930.0,0,0x7E4,0,8,0x0322010500000000
23663321800.0,0,0x7E4,0,8,0x0322010500000000
23676565530.0,0,0x7E4,0,8,0x3000000000000000
23676717850.0,0,0x7E4,0,8,0x3000000000000000
23741313930.0,0,0x7E4,0,8,0x0322010100000000
23741599030.0,0,0x7E4,0,8,0x0322010100000000
23751441100.0,0,0x7E4,0,8,0x3000000000000000
23753111880.0,0,0x7E4,0,8,0x3000000000000000
23833200130.0,0,0x7E4,0,8,0x0322010500000000
23833344730.0,0,0x7E4,0,8,0x0322010500000000
23870530780.0,0,0x7E4,0,8,0x3000000000000000
23870762600.0,0,0x7E4,0,8,0x3000000000000000
23954931130.0,0,0x7E4,0,8,0x0322010100000000
23955065980.0,0,0x7E4,0,8,0x0322010100000000
23961634750.0,0,0x7E4,0,8,0x3000000000000000
23963301730.0,0,0x7E4,0,8,0x3000000000000000
24042485600.0,0,0x7E4,0,8,0x0322010500000000
24043214780.0,0,0x7E4,0,8,0x0322010500000000
24056537730.0,0,0x7E4,0,8,0x3000000000000000
24056674730.0,0,0x7E4,0,8,0x3000000000000000
24121183080.0,0,0x7E4,0,8,0x0322010100000000
24121318880.0,0,0x7E4,0,8,0x0322010100000000
24132264350.0,0,0x7E4,0,8,0x3000000000000000
24133337730.0,0,0x7E4,0,8,0x3000000000000000
24211942800.0,0,0x7E4,0,8,0x0322010500000000
24213120150.0,0,0x7E4,0,8,0x0322010500000000
24252331450.0,0,0x7E4,0,8,0x3000000000000000
24253269430.0,0,0x7E4,0,8,0x3000000000000000
24340891480.0,0,0x7E4,0,8,0x0322010100000000
24341027180.0,0,0x7E4,0,8,0x0322010100000000
24351730900.0,0,0x7E4,0,8,0x3000000000000000
24353119750.0,0,0x7E4,0,8,0x3000000000000000
24433750300.0,0,0x7E4,0,8,0x0322010500000000
24434054500.0,0,0x7E4,0,8,0x0322010500000000
24446460280.0,0,0x7E4,0,8,0x3000000000000000
24446610680.0,0,0x7E4,0,8,0x3000000000000000
24511204050.0,0,0x7E4,0,8,0x0322010100000000
24513118200.0,0,0x7E4,0,8,0x0322010100000000
24521403950.0,0,0x7E4,0,8,0x3000000000000000
24521614400.0,0,0x7E4,0,8,0x3000000000000000
24601956000.0,0,0x7E4,0,8,0x0322010500000000
24602998800.0,0,0x7E4,0,8,0x0322010500000000
24639263900.0,0,0x7E4,0,8,0x3000000000000000
24639620700.0,0,0x7E4,0,8,0x3000000000000000
24724828730.0,0,0x7E4,0,8,0x0322010100000000
24727042150.0,0,0x7E4,0,8,0x0322010100000000
24736644480.0,0,0x7E4,0,8,0x3000000000000000
24736782400.0,0,0x7E4,0,8,0x3000000000000000
24818097980.0,0,0x7E4,0,8,0x0322010500000000
24818234480.0,0,0x7E4,0,8,0x0322010500000000
24832531430.0,0,0x7E4,0,8,0x3000000000000000
24833361830.0,0,0x7E4,0,8,0x3000000000000000
24896138480.0,0,0x7E4,0,8,0x0322010100000000
24896316680.0,0,0x7E4,0,8,0x0322010100000000
24906335880.0,0,0x7E4,0,8,0x3000000000000000
24906473200.0,0,0x7E4,0,8,0x3000000000000000
24988000150.0,0,0x7E4,0,8,0x0322010500000000
24988135450.0,0,0x7E4,0,8,0x0322010500000000
25024029830.0,0,0x7E4,0,8,0x3000000000000000
25026985900.0,0,0x7E4,0,8,0x3000000000000000
25112673280.0,0,0x7E4,0,8,0x0322010100000000
25113130830.0,0,0x7E4,0,8,0x0322010100000000
25121593080.0,0,0x7E4,0,8,0x3000000000000000
25122018330.0,0,0x7E4,0,8,0x3000000000000000
25202621780.0,0,0x7E4,0,8,0x0322010500000000
25203776300.0,0,0x7E4,0,8,0x0322010500000000
25216560130.0,0,0x7E4,0,8,0x3000000000000000
25216706030.0,0,0x7E4,0,8,0x3000000000000000
25281157880.0,0,0x7E4,0,8,0x0322010100000000
25281293730.0,0,0x7E4,0,8,0x0322010100000000
25291451300.0,0,0x7E4,0,8,0x3000000000000000
25293121250.0,0,0x7E4,0,8,0x3000000000000000
25372941200.0,0,0x7E4,0,8,0x0322010500000000
25373248300.0,0,0x7E4,0,8,0x0322010500000000
25410530230.0,0,0x7E4,0,8,0x3000000000000000
25410767530.0,0,0x7E4,0,8,0x3000000000000000
25496333800.0,0,0x7E4,0,8,0x0322010100000000
25496477550.0,0,0x7E4,0,8,0x0322010100000000
25506712180.0,0,0x7E4,0,8,0x3000000000000000
25506847850.0,0,0x7E4,0,8,0x3000000000000000
25587335880.0,0,0x7E4,0,8,0x0322010500000000
25587489880.0,0,0x7E4,0,8,0x0322010500000000
25601480380.0,0,0x7E4,0,8,0x3000000000000000
25601631230.0,0,0x7E4,0,8,0x3000000000000000
25666312700.0,0,0x7E4,0,8,0x0322010100000000
25666448700.0,0,0x7E4,0,8,0x0322010100000000
25676312650.0,0,0x7E4,0,8,0x3000000000000000
25676536580.0,0,0x7E4,0,8,0x3000000000000000
25758337450.0,0,0x7E4,0,8,0x0322010500000000
25758472450.0,0,0x7E4,0,8,0x0322010500000000
25794794180.0,0,0x7E4,0,8,0x3000000000000000
25794956200.0,0,0x7E4,0,8,0x3000000000000000
25885558550.0,0,0x7E4,0,8,0x0322010100000000
25885700780.0,0,0x7E4,0,8,0x0322010100000000
25896576230.0,0,0x7E4,0,8,0x3000000000000000
25896851830.0,0,0x7E4,0,8,0x3000000000000000
25977338680.0,0,0x7E4,0,8,0x0322010500000000
25977506180.0,0,0x7E4,0,8,0x0322010500000000
25991620850.0,0,0x7E4,0,8,0x3000000000000000
25993143000.0,0,0x7E4,0,8,0x3000000000000000
26056181380.0,0,0x7E4,0,8,0x0322010100000000
26056374100.0,0,0x7E4,0,8,0x0322010100000000
26066278350.0,0,0x7E4,0,8,0x3000000000000000
26066416700.0,0,0x7E4,0,8,0x3000000000000000
26147807800.0,0,0x7E4,0,8,0x0322010500000000
26147942500.0,0,0x7E4,0,8,0x0322010500000000
26181257130.0,0,0x7E4,0,8,0x3000000000000000
26181394450.0,0,0x7E4,0,8,0x3000000000000000
26267585630.0,0,0x7E4,0,8,0x0322010100000000
26267768180.0,0,0x7E4,0,8,0x0322010100000000
26276483700.0,0,0x7E4,0,8,0x3000000000000000
26276650330.0,0,0x7E4,0,8,0x3000000000000000
26358148280.0,0,0x7E4,0,8,0x0322010500000000
26358284030.0,0,0x7E4,0,8,0x0322010500000000
26371417900.0,0,0x7E4,0,8,0x3000000000000000
26373262180.0,0,0x7E4,0,8,0x3000000000000000
26437217180.0,0,0x7E4,0,8,0x0322010100000000
26437353880.0,0,0x7E4,0,8,0x0322010100000000
26446200730.0,0,0x7E4,0,8,0x3000000000000000
26446338130.0,0,0x7E4,0,8,0x3000000000000000
26530873330.0,0,0x7E4,0,8,0x0322010500000000
26531024200.0,0,0x7E4,0,8,0x0322010500000000
26567644480.0,0,0x7E4,0,8,0x3000000000000000
26567784350.0,0,0x7E4,0,8,0x3000000000000000
26654022050.0,0,0x7E4,0,8,0x0322010100000000
26654167880.0,0,0x7E4,0,8,0x0322010100000000
26661579400.0,0,0x7E4,0,8,0x3000000000000000
26663326400.0,0,0x7E4,0,8,0x3000000000000000
26742236880.0,0,0x7E4,0,8,0x0322010500000000
26743008150.0,0,0x7E4,0,8,0x0322010500000000
26757304050.0,0,0x7E4,0,8,0x3000000000000000
26757441930.0,0,0x7E4,0,8,0x3000000000000000
26821119850.0,0,0x7E4,0,8,0x0322010100000000
26821283100.0,0,0x7E4,0,8,0x0322010100000000
26832239750.0,0,0x7E4,0,8,0x3000000000000000
26833392300.0,0,0x7E4,0,8,0x3000000000000000
26912826250.0,0,0x7E4,0,8,0x0322010500000000
26913697500.0,0,0x7E4,0,8,0x0322010500000000
26953169230.0,0,0x7E4,0,8,0x3000000000000000
26953534450.0,0,0x7E4,0,8,0x3000000000000000
27036430280.0,0,0x7E4,0,8,0x0322010100000000
27036578350.0,0,0x7E4,0,8,0x0322010100000000
27046605580.0,0,0x7E4,0,8,0x3000000000000000
27046743330.0,0,0x7E4,0,8,0x3000000000000000
27130166350.0,0,0x7E4,0,8,0x0322010500000000
27130425930.0,0,0x7E4,0,8,0x0322010500000000
27141490180.0,0,0x7E4,0,8,0x3000000000000000
27141646400.0,0,0x7E4,0,8,0x3000000000000000
27206039400.0,0,0x7E4,0,8,0x0322010100000000
27206217450.0,0,0x7E4,0,8,0x0322010100000000
27217595280.0,0,0x7E4,0,8,0x3000000000000000
27217733250.0,0,0x7E4,0,8,0x3000000000000000
27297774150.0,0,0x7E4,0,8,0x0322010500000000
27297911850.0,0,0x7E4,0,8,0x0322010500000000
27335712630.0,0,0x7E4,0,8,0x3000000000000000
27335925730.0,0,0x7E4,0,8,0x3000000000000000
27423506180.0,0,0x7E4,0,8,0x0322010100000000
27423641400.0,0,0x7E4,0,8,0x0322010100000000
27432533480.0,0,0x7E4,0,8,0x3000000000000000
27433391400.0,0,0x7E4,0,8,0x3000000000000000
27512099780.0,0,0x7E4,0,8,0x0322010500000000
27513162950.0,0,0x7E4,0,8,0x0322010500000000
27530548980.0,0,0x7E4,0,8,0x3000000000000000
27530824400.0,0,0x7E4,0,8,0x3000000000000000
27597013680.0,0,0x7E4,0,8,0x0322010100000000
27597157400.0,0,0x7E4,0,8,0x0322010100000000
27606936850.0,0,0x7E4,0,8,0x3000000000000000
27607234130.0,0,0x7E4,0,8,0x3000000000000000
27687697300.0,0,0x7E4,0,8,0x0322010500000000
27687831630.0,0,0x7E4,0,8,0x0322010500000000
27721606280.0,0,0x7E4,0,8,0x3000000000000000
27723459880.0,0,0x7E4,0,8,0x3000000000000000
27805574980.0,0,0x7E4,0,8,0x0322010100000000
27805711780.0,0,0x7E4,0,8,0x0322010100000000
27816782830.0,0,0x7E4,0,8,0x3000000000000000
27816945800.0,0,0x7E4,0,8,0x3000000000000000
27897213880.0,0,0x7E4,0,8,0x0322010500000000
27897349900.0,0,0x7E4,0,8,0x0322010500000000
27911221580.0,0,0x7E4,0,8,0x3000000000000000
27911358450.0,0,0x7E4,0,8,0x3000000000000000
27977000830.0,0,0x7E4,0,8,0x0322010100000000
27977136430.0,0,0x7E4,0,8,0x0322010100000000
27987005650.0,0,0x7E4,0,8,0x3000000000000000
27987282980.0,0,0x7E4,0,8,0x3000000000000000
28067968680.0,0,0x7E4,0,8,0x0322010500000000
28068466230.0,0,0x7E4,0,8,0x0322010500000000
28105563700.0,0,0x7E4,0,8,0x3000000000000000
28105708350.0,0,0x7E4,0,8,0x3000000000000000
28189398250.0,0,0x7E4,0,8,0x0322010100000000
28189967000.0,0,0x7E4,0,8,0x0322010100000000
28201488430.0,0,0x7E4,0,8,0x3000000000000000
28201654880.0,0,0x7E4,0,8,0x3000000000000000
28283183480.0,0,0x7E4,0,8,0x0322010500000000
28283337380.0,0,0x7E4,0,8,0x0322010500000000
28296254930.0,0,0x7E4,0,8,0x3000000000000000
28296391900.0,0,0x7E4,0,8,0x3000000000000000
28361836280.0,0,0x7E4,0,8,0x0322010100000000
28363105380.0,0,0x7E4,0,8,0x0322010100000000
28372094350.0,0,0x7E4,0,8,0x3000000000000000
28373301580.0,0,0x7E4,0,8,0x3000000000000000
28452666600.0,0,0x7E4,0,8,0x0322010500000000
28453056830.0,0,0x7E4,0,8,0x0322010500000000
28485928330.0,0,0x7E4,0,8,0x3000000000000000
28486066700.0,0,0x7E4,0,8,0x3000000000000000
28571533380.0,0,0x7E4,0,8,0x0322010100000000
28573289630.0,0,0x7E4,0,8,0x0322010100000000
28581415950.0,0,0x7E4,0,8,0x3000000000000000
28583123250.0,0,0x7E4,0,8,0x3000000000000000
28662209700.0,0,0x7E4,0,8,0x0322010500000000
28663452350.0,0,0x7E4,0,8,0x0322010500000000
28676367630.0,0,0x7E4,0,8,0x3000000000000000
28676509180.0,0,0x7E4,0,8,0x3000000000000000
28742188150.0,0,0x7E4,0,8,0x0322010100000000
28743116550.0,0,0x7E4,0,8,0x0322010100000000
28752079330.0,0,0x7E4,0,8,0x3000000000000000
28753081300.0,0,0x7E4,0,8,0x3000000000000000
28833824800.0,0,0x7E4,0,8,0x0322010500000000
28833978130.0,0,0x7E4,0,8,0x0322010500000000
28870634300.0,0,0x7E4,0,8,0x3000000000000000
28870792400.0,0,0x7E4,0,8,0x3000000000000000
28959189280.0,0,0x7E4,0,8,0x0322010100000000
28959657750.0,0,0x7E4,0,8,0x0322010100000000
28966468400.0,0,0x7E4,0,8,0x3000000000000000
28966607050.0,0,0x7E4,0,8,0x3000000000000000
29047191130.0,0,0x7E4,0,8,0x0322010500000000
29047334300.0,0,0x7E4,0,8,0x0322010500000000
29061261280.0,0,0x7E4,0,8,0x3000000000000000
29061399130.0,0,0x7E4,0,8,0x3000000000000000
29127089900.0,0,0x7E4,0,8,0x0322010100000000
29127575230.0,0,0x7E4,0,8,0x0322010100000000
29136993730.0,0,0x7E4,0,8,0x3000000000000000
29137131380.0,0,0x7E4,0,8,0x3000000000000000
29217816830.0,0,0x7E4,0,8,0x0322010500000000
29217952450.0,0,0x7E4,0,8,0x0322010500000000
29259157300.0,0,0x7E4,0,8,0x3000000000000000
29259661650.0,0,0x7E4,0,8,0x3000000000000000
29348180630.0,0,0x7E4,0,8,0x0322010100000000
29348318250.0,0,0x7E4,0,8,0x0322010100000000
29357303200.0,0,0x7E4,0,8,0x3000000000000000
29357440130.0,0,0x7E4,0,8,0x3000000000000000
29438197380.0,0,0x7E4,0,8,0x0322010500000000
29438334100.0,0,0x7E4,0,8,0x0322010500000000
29451974900.0,0,0x7E4,0,8,0x3000000000000000
29453394850.0,0,0x7E4,0,8,0x3000000000000000
29516943500.0,0,0x7E4,0,8,0x0322010100000000
29517080850.0,0,0x7E4,0,8,0x0322010100000000
29530757500.0,0,0x7E4,0,8,0x3000000000000000
29530917680.0,0,0x7E4,0,8,0x3000000000000000
29612692630.0,0,0x7E4,0,8,0x0322010500000000
29613164130.0,0,0x7E4,0,8,0x0322010500000000
29644312130.0,0,0x7E4,0,8,0x3000000000000000
29644448200.0,0,0x7E4,0,8,0x3000000000000000
29729238180.0,0,0x7E4,0,8,0x0322010100000000
29730341480.0,0,0x7E4,0,8,0x0322010100000000
29742556880.0,0,0x7E4,0,8,0x3000000000000000
29743183600.0,0,0x7E4,0,8,0x3000000000000000
29823021700.0,0,0x7E4,0,8,0x0322010500000000
29823168180.0,0,0x7E4,0,8,0x0322010500000000
29836989980.0,0,0x7E4,0,8,0x3000000000000000
29837126900.0,0,0x7E4,0,8,0x3000000000000000
29901652080.0,0,0x7E4,0,8,0x0322010100000000
29903225950.0,0,0x7E4,0,8,0x0322010100000000
29911859630.0,0,0x7E4,0,8,0x3000000000000000
29913140280.0,0,0x7E4,0,8,0x3000000000000000
29992660750.0,0,0x7E4,0,8,0x0322010500000000
29993149330.0,0,0x7E4,0,8,0x0322010500000000
30030218730.0,0,0x7E4,0,8,0x3000000000000000
30030789450.0,0,0x7E4,0,8,0x3000000000000000
30117739800.0,0,0x7E4,0,8,0x0322010100000000
30117906150.0,0,0x7E4,0,8,0x0322010100000000
30129357000.0,0,0x7E4,0,8,0x3000000000000000
30130340550.0,0,0x7E4,0,8,0x3000000000000000
30213004980.0,0,0x7E4,0,8,0x0322010500000000
30213144700.0,0,0x7E4,0,8,0x0322010500000000
30228161130.0,0,0x7E4,0,8,0x3000000000000000
30228334630.0,0,0x7E4,0,8,0x3000000000000000
30291933280.0,0,0x7E4,0,8,0x0322010100000000
30293134650.0,0,0x7E4,0,8,0x0322010100000000
30301832700.0,0,0x7E4,0,8,0x3000000000000000
30303238500.0,0,0x7E4,0,8,0x3000000000000000
30382499980.0,0,0x7E4,0,8,0x0322010500000000
30383085330.0,0,0x7E4,0,8,0x0322010500000000
30417969350.0,0,0x7E4,0,8,0x3000000000000000
30418106950.0,0,0x7E4,0,8,0x3000000000000000
30503252650.0,0,0x7E4,0,8,0x0322010100000000
30503443550.0,0,0x7E4,0,8,0x0322010100000000
30511487630.0,0,0x7E4,0,8,0x3000000000000000
30513140430.0,0,0x7E4,0,8,0x3000000000000000
30593126380.0,0,0x7E4,0,8,0x0322010500000000
30593290580.0,0,0x7E4,0,8,0x0322010500000000
30607079380.0,0,0x7E4,0,8,0x3000000000000000
30607272730.0,0,0x7E4,0,8,0x3000000000000000
30671735650.0,0,0x7E4,0,8,0x0322010100000000
30673249400.0,0,0x7E4,0,8,0x0322010100000000
30681762830.0,0,0x7E4,0,8,0x3000000000000000
30683090500.0,0,0x7E4,0,8,0x3000000000000000
30762442450.0,0,0x7E4,0,8,0x0322010500000000
30763075830.0,0,0x7E4,0,8,0x0322010500000000
30776688350.0,0,0x7E4,0,8,0x3000000000000000
30776835830.0,0,0x7E4,0,8,0x3000000000000000
30841375150.0,0,0x7E4,0,8,0x0322010100000000
30843089800.0,0,0x7E4,0,8,0x0322010100000000
30851579050.0,0,0x7E4,0,8,0x3000000000000000
30853053400.0,0,0x7E4,0,8,0x3000000000000000
30933000550.0,0,0x7E4,0,8,0x0322010500000000
30933135150.0,0,0x7E4,0,8,0x0322010500000000
30967030500.0,0,0x7E4,0,8,0x3000000000000000
30967267530.0,0,0x7E4,0,8,0x3000000000000000
31051878930.0,0,0x7E4,0,8,0x0322010100000000
31053257780.0,0,0x7E4,0,8,0x0322010100000000
31061798730.0,0,0x7E4,0,8,0x3000000000000000
31063547950.0,0,0x7E4,0,8,0x3000000000000000
31142504080.0,0,0x7E4,0,8,0x0322010500000000
31143212100.0,0,0x7E4,0,8,0x0322010500000000
31157480100.0,0,0x7E4,0,8,0x3000000000000000
31157857300.0,0,0x7E4,0,8,0x3000000000000000
31221450300.0,0,0x7E4,0,8,0x0322010100000000
31223210780.0,0,0x7E4,0,8,0x0322010100000000
31232530450.0,0,0x7E4,0,8,0x3000000000000000
31233041780.0,0,0x7E4,0,8,0x3000000000000000
31313065200.0,0,0x7E4,0,8,0x0322010500000000
31313200330.0,0,0x7E4,0,8,0x0322010500000000
31353189380.0,0,0x7E4,0,8,0x3000000000000000
31353325150.0,0,0x7E4,0,8,0x3000000000000000
31436774800.0,0,0x7E4,0,8,0x0322010100000000
31436942700.0,0,0x7E4,0,8,0x0322010100000000
31446794630.0,0,0x7E4,0,8,0x3000000000000000
31447044200.0,0,0x7E4,0,8,0x3000000000000000
31530513930.0,0,0x7E4,0,8,0x0322010500000000
31530868800.0,0,0x7E4,0,8,0x0322010500000000
31541633180.0,0,0x7E4,0,8,0x3000000000000000
31543201950.0,0,0x7E4,0,8,0x3000000000000000
31606251980.0,0,0x7E4,0,8,0x0322010100000000
31606396330.0,0,0x7E4,0,8,0x0322010100000000
31617224980.0,0,0x7E4,0,8,0x3000000000000000
31617363880.0,0,0x7E4,0,8,0x3000000000000000
31698106050.0,0,0x7E4,0,8,0x0322010500000000
31698263300.0,0,0x7E4,0,8,0x0322010500000000
31732733680.0,0,0x7E4,0,8,0x3000000000000000
31733053630.0,0,0x7E4,0,8,0x3000000000000000
31814823750.0,0,0x7E4,0,8,0x0322010100000000
31814987030.0,0,0x7E4,0,8,0x0322010100000000
31821853880.0,0,0x7E4,0,8,0x3000000000000000
31823220700.0,0,0x7E4,0,8,0x3000000000000000
31902450900.0,0,0x7E4,0,8,0x0322010500000000
31903366630.0,0,0x7E4,0,8,0x0322010500000000
31916696900.0,0,0x7E4,0,8,0x3000000000000000
31916877200.0,0,0x7E4,0,8,0x3000000000000000
31981198600.0,0,0x7E4,0,8,0x0322010100000000
31981334530.0,0,0x7E4,0,8,0x0322010100000000
31992259650.0,0,0x7E4,0,8,0x3000000000000000
31993053980.0,0,0x7E4,0,8,0x3000000000000000
32073247230.0,0,0x7E4,0,8,0x0322010500000000
32073521400.0,0,0x7E4,0,8,0x0322010500000000
32112996600.000004,0,0x7E4,0,8,0x3000000000000000
32113134050.0,0,0x7E4,0,8,0x3000000000000000
32198616350.0,0,0x7E4,0,8,0x0322010100000000
32198773130.0,0,0x7E4,0,8,0x0322010100000000
32206734150.000004,0,0x7E4,0,8,0x3000000000000000
32206882000.0,0,0x7E4,0,8,0x3000000000000000
32288594450.0,0,0x7E4,0,8,0x0322010500000000
32289850930.0,0,0x7E4,0,8,0x0322010500000000
32301460330.0,0,0x7E4,0,8,0x3000000000000000
32303379980.000004,0,0x7E4,0,8,0x3000000000000000
32369373650.0,0,0x7E4,0,8,0x0322010100000000
32370318500.000004,0,0x7E4,0,8,0x0322010100000000
32381281430.0,0,0x7E4,0,8,0x3000000000000000
32381416600.0,0,0x7E4,0,8,0x3000000000000000
32463190300.0,0,0x7E4,0,8,0x0322010500000000
32463695900.0,0,0x7E4,0,8,0x0322010500000000
32498637500.0,0,0x7E4,0,8,0x3000000000000000
32498792830.0,0,0x7E4,0,8,0x3000000000000000
32585835300.0,0,0x7E4,0,8,0x0322010100000000
32585979780.000004,0,0x7E4,0,8,0x0322010100000000
32597504100.0,0,0x7E4,0,8,0x3000000000000000
32597685700.0,0,0x7E4,0,8,0x3000000000000000
32677434730.0,0,0x7E4,0,8,0x0322010500000000
32677704150.0,0,0x7E4,0,8,0x0322010500000000
32691884080.0,0,0x7E4,0,8,0x3000000000000000
32693188380.000004,0,0x7E4,0,8,0x3000000000000000
32757324180.0,0,0x7E4,0,8,0x0322010100000000
32757675680.0,0,0x7E4,0,8,0x0322010100000000
32767246450.0,0,0x7E4,0,8,0x3000000000000000
32767384580.0,0,0x7E4,0,8,0x3000000000000000
32848084930.0,0,0x7E4,0,8,0x0322010500000000
32848366480.000004,0,0x7E4,0,8,0x0322010500000000
32884817800.0,0,0x7E4,0,8,0x3000000000000000
32884955230.000004,0,0x7E4,0,8,0x3000000000000000
32970742000.0,0,0x7E4,0,8,0x0322010100000000
32970905300.0,0,0x7E4,0,8,0x0322010100000000
32981677230.000004,0,0x7E4,0,8,0x3000000000000000
32983624630.0,0,0x7E4,0,8,0x3000000000000000
33062427830.0,0,0x7E4,0,8,0x0322010500000000
33063852480.0,0,0x7E4,0,8,0x0322010500000000
33076533400.000004,0,0x7E4,0,8,0x3000000000000000
33076822300.000004,0,0x7E4,0,8,0x3000000000000000
33142269380.0,0,0x7E4,0,8,0x0322010100000000
33143237050.000004,0,0x7E4,0,8,0x0322010100000000
33152143230.0,0,0x7E4,0,8,0x3000000000000000
33153071150.000004,0,0x7E4,0,8,0x3000000000000000
33232981380.0,0,0x7E4,0,8,0x0322010500000000
33233119800.0,0,0x7E4,0,8,0x0322010500000000
33266033650.0,0,0x7E4,0,8,0x3000000000000000
33266227830.0,0,0x7E4,0,8,0x3000000000000000
33347609230.000004,0,0x7E4,0,8,0x0322010100000000
33347746030.000004,0,0x7E4,0,8,0x0322010100000000
33357527580.000004,0,0x7E4,0,8,0x3000000000000000
33357666230.0,0,0x7E4,0,8,0x3000000000000000
33437490300.0,0,0x7E4,0,8,0x0322010500000000
33437643780.000004,0,0x7E4,0,8,0x0322010500000000
33451638080.000004,0,0x7E4,0,8,0x3000000000000000
33453181700.0,0,0x7E4,0,8,0x3000000000000000
33517186400.0,0,0x7E4,0,8,0x0322010100000000
33517322550.000004,0,0x7E4,0,8,0x0322010100000000
33532268880.0,0,0x7E4,0,8,0x3000000000000000
33533189800.000004,0,0x7E4,0,8,0x3000000000000000
33612879180.0,0,0x7E4,0,8,0x0322010500000000
33613182150.0,0,0x7E4,0,8,0x0322010500000000
33642185250.0,0,0x7E4,0,8,0x3000000000000000
33643132600.0,0,0x7E4,0,8,0x3000000000000000
33723743180.0,0,0x7E4,0,8,0x0322010100000000
33723879950.0,0,0x7E4,0,8,0x0322010100000000
33731686380.0,0,0x7E4,0,8,0x3000000000000000
33733181780.000004,0,0x7E4,0,8,0x3000000000000000
33813610830.0,0,0x7E4,0,8,0x0322010500000000
33813872700.0,0,0x7E4,0,8,0x0322010500000000
33828561500.0,0,0x7E4,0,8,0x3000000000000000
33828701700.000004,0,0x7E4,0,8,0x3000000000000000
33892187350.0,0,0x7E4,0,8,0x0322010100000000
33893186150.0,0,0x7E4,0,8,0x0322010100000000
33902109450.0,0,0x7E4,0,8,0x3000000000000000
33903346080.0,0,0x7E4,0,8,0x3000000000000000
33982991100.0,0,0x7E4,0,8,0x0322010500000000
33983242750.000004,0,0x7E4,0,8,0x0322010500000000
34016269080.0,0,0x7E4,0,8,0x3000000000000000
34016795730.0,0,0x7E4,0,8,0x3000000000000000
34099567150.0,0,0x7E4,0,8,0x0322010100000000
34099711380.000004,0,0x7E4,0,8,0x0322010100000000
34106584180.0,0,0x7E4,0,8,0x3000000000000000
34106730950.0,0,0x7E4,0,8,0x3000000000000000
34188459480.0,0,0x7E4,0,8,0x0322010500000000
34188594530.000004,0,0x7E4,0,8,0x0322010500000000
34201467230.0,0,0x7E4,0,8,0x3000000000000000
34203302300.0,0,0x7E4,0,8,0x3000000000000000
34267392250.0,0,0x7E4,0,8,0x0322010100000000
34267644030.0,0,0x7E4,0,8,0x0322010100000000
34277225950.0,0,0x7E4,0,8,0x3000000000000000
34277488280.0,0,0x7E4,0,8,0x3000000000000000
34357969830.0,0,0x7E4,0,8,0x0322010500000000
34358105180.000004,0,0x7E4,0,8,0x0322010500000000
34392597300.0,0,0x7E4,0,8,0x3000000000000000
34393191650.0,0,0x7E4,0,8,0x3000000000000000
34478551630.0,0,0x7E4,0,8,0x0322010100000000
34478686750.0,0,0x7E4,0,8,0x0322010100000000
34487606980.0,0,0x7E4,0,8,0x3000000000000000
34487746080.0,0,0x7E4,0,8,0x3000000000000000
34573396630.0,0,0x7E4,0,8,0x0322010500000000
34573543680.0,0,0x7E4,0,8,0x0322010500000000
34587471630.0,0,0x7E4,0,8,0x3000000000000000
34587645730.0,0,0x7E4,0,8,0x3000000000000000
34652155280.0,0,0x7E4,0,8,0x0322010100000000
34653191850.0,0,0x7E4,0,8,0x0322010100000000
34662141400.0,0,0x7E4,0,8,0x3000000000000000
34663422380.0,0,0x7E4,0,8,0x3000000000000000
34743199280.0,0,0x7E4,0,8,0x0322010500000000
34743334650.0,0,0x7E4,0,8,0x0322010500000000
34772896400.0,0,0x7E4,0,8,0x3000000000000000
34773534700.0,0,0x7E4,0,8,0x3000000000000000
34854690730.0,0,0x7E4,0,8,0x0322010100000000
34854826680.0,0,0x7E4,0,8,0x0322010100000000
34861715950.0,0,0x7E4,0,8,0x3000000000000000
34863376000.0,0,0x7E4,0,8,0x3000000000000000
34943577280.0,0,0x7E4,0,8,0x0322010500000000
34943723130.0,0,0x7E4,0,8,0x0322010500000000
34957351380.0,0,0x7E4,0,8,0x3000000000000000
34957604600.0,0,0x7E4,0,8,0x3000000000000000
35022094800.0,0,0x7E4,0,8,0x0322010100000000
35023295430.0,0,0x7E4,0,8,0x0322010100000000
35033008880.0,0,0x7E4,0,8,0x3000000000000000
35033356580.0,0,0x7E4,0,8,0x3000000000000000
35112860300.0,0,0x7E4,0,8,0x0322010500000000
35113349550.0,0,0x7E4,0,8,0x0322010500000000
35146787230.0,0,0x7E4,0,8,0x3000000000000000
35146942750.0,0,0x7E4,0,8,0x3000000000000000
35228668550.0,0,0x7E4,0,8,0x0322010100000000
35228817780.0,0,0x7E4,0,8,0x0322010100000000
35236747280.0,0,0x7E4,0,8,0x3000000000000000
35236890800.0,0,0x7E4,0,8,0x3000000000000000
35318316250.0,0,0x7E4,0,8,0x0322010500000000
35318456030.0,0,0x7E4,0,8,0x0322010500000000
35332537880.0,0,0x7E4,0,8,0x3000000000000000
35333105450.0,0,0x7E4,0,8,0x3000000000000000
35397413150.0,0,0x7E4,0,8,0x0322010100000000
35397704300.0,0,0x7E4,0,8,0x0322010100000000
35407157000.0,0,0x7E4,0,8,0x3000000000000000
35407304280.0,0,0x7E4,0,8,0x3000000000000000
35488019650.0,0,0x7E4,0,8,0x0322010500000000
35488158830.0,0,0x7E4,0,8,0x0322010500000000
35523807800.0,0,0x7E4,0,8,0x3000000000000000
35523944880.0,0,0x7E4,0,8,0x3000000000000000
35607818380.0,0,0x7E4,0,8,0x0322010100000000
35608052680.0,0,0x7E4,0,8,0x0322010100000000
35616775080.0,0,0x7E4,0,8,0x3000000000000000
35616911730.0,0,0x7E4,0,8,0x3000000000000000
35698354500.0,0,0x7E4,0,8,0x0322010500000000
35698490830.0,0,0x7E4,0,8,0x0322010500000000
35712322780.0,0,0x7E4,0,8,0x3000000000000000
35713102830.0,0,0x7E4,0,8,0x3000000000000000
35777144900.0,0,0x7E4,0,8,0x0322010100000000
35777281550.0,0,0x7E4,0,8,0x0322010100000000
35787260130.0,0,0x7E4,0,8,0x3000000000000000
35787398100.0,0,0x7E4,0,8,0x3000000000000000
35868032080.0,0,0x7E4,0,8,0x0322010500000000
35868244550.0,0,0x7E4,0,8,0x0322010500000000
35902198100.0,0,0x7E4,0,8,0x3000000000000000
35903416430.0,0,0x7E4,0,8,0x3000000000000000
35984699050.0,0,0x7E4,0,8,0x0322010100000000
35984833600.0,0,0x7E4,0,8,0x0322010100000000
35991751830.0,0,0x7E4,0,8,0x3000000000000000
35993113330.0,0,0x7E4,0,8,0x3000000000000000
36073334700.0,0,0x7E4,0,8,0x0322010500000000
36073472100.0,0,0x7E4,0,8,0x0322010500000000
36087679230.0,0,0x7E4,0,8,0x3000000000000000
36087823500.0,0,0x7E4,0,8,0x3000000000000000
36152185150.0,0,0x7E4,0,8,0x0322010100000000
36153105230.0,0,0x7E4,0,8,0x0322010100000000
36162178850.0,0,0x7E4,0,8,0x3000000000000000
36163275480.0,0,0x7E4,0,8,0x3000000000000000
36243001550.0,0,0x7E4,0,8,0x0322010500000000
36243284700.0,0,0x7E4,0,8,0x0322010500000000
36277430500.0,0,0x7E4,0,8,0x3000000000000000
36278003630.0,0,0x7E4,0,8,0x3000000000000000
36359476930.0,0,0x7E4,0,8,0x0322010100000000
36359707730.0,0,0x7E4,0,8,0x0322010100000000
36366641180.0,0,0x7E4,0,8,0x3000000000000000
36366803180.0,0,0x7E4,0,8,0x3000000000000000
36448518000.0,0,0x7E4,0,8,0x0322010500000000
36448677650.0,0,0x7E4,0,8,0x0322010500000000
36462290050.0,0,0x7E4,0,8,0x3000000000000000
36463185950.0,0,0x7E4,0,8,0x3000000000000000
36527342150.0,0,0x7E4,0,8,0x0322010100000000
36531016280.0,0,0x7E4,0,8,0x0322010100000000
36542145000.0,0,0x7E4,0,8,0x3000000000000000
36543275180.0,0,0x7E4,0,8,0x3000000000000000
36622843850.0,0,0x7E4,0,8,0x0322010500000000
36623276500.0,0,0x7E4,0,8,0x0322010500000000
36653324880.0,0,0x7E4,0,8,0x3000000000000000
36653462080.0,0,0x7E4,0,8,0x3000000000000000
36734600230.0,0,0x7E4,0,8,0x0322010100000000
36734785800.0,0,0x7E4,0,8,0x0322010100000000
36741737580.0,0,0x7E4,0,8,0x3000000000000000
36743283700.0,0,0x7E4,0,8,0x3000000000000000
36823386680.0,0,0x7E4,0,8,0x0322010500000000
36823769700.0,0,0x7E4,0,8,0x0322010500000000
36837330430.0,0,0x7E4,0,8,0x3000000000000000
36837505250.0,0,0x7E4,0,8,0x3000000000000000
36902115780.0,0,0x7E4,0,8,0x0322010100000000
36903443350.0,0,0x7E4,0,8,0x0322010100000000
36912149280.0,0,0x7E4,0,8,0x3000000000000000
36913121300.0,0,0x7E4,0,8,0x3000000000000000
36992997150.0,0,0x7E4,0,8,0x0322010500000000
36993131780.0,0,0x7E4,0,8,0x0322010500000000
37026015200.0,0,0x7E4,0,8,0x3000000000000000
37027973330.0,0,0x7E4,0,8,0x3000000000000000
37109371750.0,0,0x7E4,0,8,0x0322010100000000
37109714580.0,0,0x7E4,0,8,0x0322010100000000
37116773350.0,0,0x7E4,0,8,0x3000000000000000
37116909580.0,0,0x7E4,0,8,0x3000000000000000
37198460530.0,0,0x7E4,0,8,0x0322010500000000
37198635850.0,0,0x7E4,0,8,0x0322010500000000
37212286450.0,0,0x7E4,0,8,0x3000000000000000
37213236680.0,0,0x7E4,0,8,0x3000000000000000
37277114580.0,0,0x7E4,0,8,0x0322010100000000
37277486650.0,0,0x7E4,0,8,0x0322010100000000
37287210880.0,0,0x7E4,0,8,0x3000000000000000
37287374550.0,0,0x7E4,0,8,0x3000000000000000
37367943250.0,0,0x7E4,0,8,0x0322010500000000
37368079600.0,0,0x7E4,0,8,0x0322010500000000
37400279300.0,0,0x7E4,0,8,0x3000000000000000
37400416380.0,0,0x7E4,0,8,0x3000000000000000
37484729780.0,0,0x7E4,0,8,0x0322010100000000
37484885800.0,0,0x7E4,0,8,0x0322010100000000
37491742480.0,0,0x7E4,0,8,0x3000000000000000
37493119080.0,0,0x7E4,0,8,0x3000000000000000
37572436150.0,0,0x7E4,0,8,0x0322010500000000
37573393430.0,0,0x7E4,0,8,0x0322010500000000
37587400630.0,0,0x7E4,0,8,0x3000000000000000
37587536400.0,0,0x7E4,0,8,0x3000000000000000
37652138480.0,0,0x7E4,0,8,0x0322010100000000
37653118130.0,0,0x7E4,0,8,0x0322010100000000
37662109830.0,0,0x7E4,0,8,0x3000000000000000
37663412030.0,0,0x7E4,0,8,0x3000000000000000
37742957750.0,0,0x7E4,0,8,0x0322010500000000
37743177980.0,0,0x7E4,0,8,0x0322010500000000
37777156950.0,0,0x7E4,0,8,0x3000000000000000
37777461780.0,0,0x7E4,0,8,0x3000000000000000
37860613650.0,0,0x7E4,0,8,0x0322010100000000
37860763950.0,0,0x7E4,0,8,0x0322010100000000
37871689430.0,0,0x7E4,0,8,0x3000000000000000
37873354700.0,0,0x7E4,0,8,0x3000000000000000
37953335980.0,0,0x7E4,0,8,0x0322010500000000
37953468980.0,0,0x7E4,0,8,0x0322010500000000
37967476500.0,0,0x7E4,0,8,0x3000000000000000
37967614280.0,0,0x7E4,0,8,0x3000000000000000
38035297300.0,0,0x7E4,0,8,0x0322010100000000
38035432180.0,0,0x7E4,0,8,0x0322010100000000
38047148450.0,0,0x7E4,0,8,0x3000000000000000
38047321400.0,0,0x7E4,0,8,0x3000000000000000
38155661230.0,0,0x7E4,0,8,0x0322010500000000
38155804350.0,0,0x7E4,0,8,0x0322010500000000
38166876450.0,0,0x7E4,0,8,0x3000000000000000
38167060180.0,0,0x7E4,0,8,0x3000000000000000
38234749150.0,0,0x7E4,0,8,0x0322010100000000
38234884330.0,0,0x7E4,0,8,0x0322010100000000
38242514980.0,0,0x7E4,0,8,0x3000000000000000
38243348100.0,0,0x7E4,0,8,0x3000000000000000
38323397000.0,0,0x7E4,0,8,0x0322010500000000
38323564980.0,0,0x7E4,0,8,0x0322010500000000
38337270150.0,0,0x7E4,0,8,0x3000000000000000
38337451880.0,0,0x7E4,0,8,0x3000000000000000
38402127950.0,0,0x7E4,0,8,0x0322010100000000
38403331530.0,0,0x7E4,0,8,0x0322010100000000
38412139830.0,0,0x7E4,0,8,0x3000000000000000
38413574550.0,0,0x7E4,0,8,0x3000000000000000
38493006730.0,0,0x7E4,0,8,0x0322010500000000
38493244700.0,0,0x7E4,0,8,0x0322010500000000
38525727000.0,0,0x7E4,0,8,0x3000000000000000
38530901650.0,0,0x7E4,0,8,0x3000000000000000
38607581550.0,0,0x7E4,0,8,0x0322010100000000
38607718580.0,0,0x7E4,0,8,0x0322010100000000
38616766800.0,0,0x7E4,0,8,0x3000000000000000
38616924500.0,0,0x7E4,0,8,0x3000000000000000
38698463880.0,0,0x7E4,0,8,0x0322010500000000
38698637080.0,0,0x7E4,0,8,0x0322010500000000
38712365980.0,0,0x7E4,0,8,0x3000000000000000
38713249980.0,0,0x7E4,0,8,0x3000000000000000
38777084880.0,0,0x7E4,0,8,0x0322010100000000
38777444380.0,0,0x7E4,0,8,0x0322010100000000
38787251950.0,0,0x7E4,0,8,0x3000000000000000
38787489750.0,0,0x7E4,0,8,0x3000000000000000
38867981300.0,0,0x7E4,0,8,0x0322010500000000
38868147130.0,0,0x7E4,0,8,0x0322010500000000
38908542780.0,0,0x7E4,0,8,0x3000000000000000
38908681980.0,0,0x7E4,0,8,0x3000000000000000
38990757600.0,0,0x7E4,0,8,0x0322010100000000
38990900950.0,0,0x7E4,0,8,0x0322010100000000
39002619600.0,0,0x7E4,0,8,0x3000000000000000
39003451580.0,0,0x7E4,0,8,0x3000000000000000
39083345080.0,0,0x7E4,0,8,0x0322010500000000
39083513150.0,0,0x7E4,0,8,0x0322010500000000
39098316950.0,0,0x7E4,0,8,0x3000000000000000
39098463800.0,0,0x7E4,0,8,0x3000000000000000
39162043800.0,0,0x7E4,0,8,0x0322010100000000
39163314150.0,0,0x7E4,0,8,0x0322010100000000
39172283330.0,0,0x7E4,0,8,0x3000000000000000
39173386030.0,0,0x7E4,0,8,0x3000000000000000
39253881980.0,0,0x7E4,0,8,0x0322010500000000
39254017680.0,0,0x7E4,0,8,0x0322010500000000
39286006030.0,0,0x7E4,0,8,0x3000000000000000
39286142800.0,0,0x7E4,0,8,0x3000000000000000
39367596830.0,0,0x7E4,0,8,0x0322010100000000
39367741530.0,0,0x7E4,0,8,0x0322010100000000
39377470030.0,0,0x7E4,0,8,0x3000000000000000
39377686080.0,0,0x7E4,0,8,0x3000000000000000
39458404700.0,0,0x7E4,0,8,0x0322010500000000
39458541430.0,0,0x7E4,0,8,0x0322010500000000
39472619430.0,0,0x7E4,0,8,0x3000000000000000
39473275680.0,0,0x7E4,0,8,0x3000000000000000
39537094550.0,0,0x7E4,0,8,0x0322010100000000
39537420980.0,0,0x7E4,0,8,0x0322010100000000
39547173650.0,0,0x7E4,0,8,0x3000000000000000
39547330330.0,0,0x7E4,0,8,0x3000000000000000
39629918250.0,0,0x7E4,0,8,0x0322010500000000
39630870230.0,0,0x7E4,0,8,0x0322010500000000
39662882630.0,0,0x7E4,0,8,0x3000000000000000
39663957700.0,0,0x7E4,0,8,0x3000000000000000
39744728850.0,0,0x7E4,0,8,0x0322010100000000
39745126680.0,0,0x7E4,0,8,0x0322010100000000
39752554080.0,0,0x7E4,0,8,0x3000000000000000
39753160480.0,0,0x7E4,0,8,0x3000000000000000
39833389080.0,0,0x7E4,0,8,0x0322010500000000
39833525450.0,0,0x7E4,0,8,0x0322010500000000
39847274980.0,0,0x7E4,0,8,0x3000000000000000
39847599400.0,0,0x7E4,0,8,0x3000000000000000
39911949280.0,0,0x7E4,0,8,0x0322010100000000
39913155780.0,0,0x7E4,0,8,0x0322010100000000
39922184980.0,0,0x7E4,0,8,0x3000000000000000
39923440900.0,0,0x7E4,0,8,0x3000000000000000
40002884130.0,0,0x7E4,0,8,0x0322010500000000
40003584280.0,0,0x7E4,0,8,0x0322010500000000
40036867130.0,0,0x7E4,0,8,0x3000000000000000
40037005600.0,0,0x7E4,0,8,0x3000000000000000
40122592330.0,0,0x7E4,0,8,0x0322010100000000
40123478950.0,0,0x7E4,0,8,0x0322010100000000
40132567830.0,0,0x7E4,0,8,0x3000000000000000
40133163150.0,0,0x7E4,0,8,0x3000000000000000
40213276730.0,0,0x7E4,0,8,0x0322010500000000
40213412430.0,0,0x7E4,0,8,0x0322010500000000
40228513980.0,0,0x7E4,0,8,0x3000000000000000
40228655530.0,0,0x7E4,0,8,0x3000000000000000
40292123350.0,0,0x7E4,0,8,0x0322010100000000
40293160050.0,0,0x7E4,0,8,0x0322010100000000
40302263350.0,0,0x7E4,0,8,0x3000000000000000
40303605780.0,0,0x7E4,0,8,0x3000000000000000
40382870180.0,0,0x7E4,0,8,0x0322010500000000
40383435150.0,0,0x7E4,0,8,0x0322010500000000
40414224600.0,0,0x7E4,0,8,0x3000000000000000
40414873050.0,0,0x7E4,0,8,0x3000000000000000
40497532450.0,0,0x7E4,0,8,0x0322010100000000
40497701680.0,0,0x7E4,0,8,0x0322010100000000
40507506150.0,0,0x7E4,0,8,0x3000000000000000
40507656750.0,0,0x7E4,0,8,0x3000000000000000
40594697400.0,0,0x7E4,0,8,0x0322010500000000
40594832530.0,0,0x7E4,0,8,0x0322010500000000
40607213650.0,0,0x7E4,0,8,0x3000000000000000
40607395480.0,0,0x7E4,0,8,0x3000000000000000
40672281850.0,0,0x7E4,0,8,0x0322010100000000
40673266650.0,0,0x7E4,0,8,0x0322010100000000
40682228400.0,0,0x7E4,0,8,0x3000000000000000
40683341580.0,0,0x7E4,0,8,0x3000000000000000
40763863400.0,0,0x7E4,0,8,0x0322010500000000
40764017280.0,0,0x7E4,0,8,0x0322010500000000
40793303550.0,0,0x7E4,0,8,0x3000000000000000
40793440380.0,0,0x7E4,0,8,0x3000000000000000
40878516950.0,0,0x7E4,0,8,0x0322010100000000
40878656350.0,0,0x7E4,0,8,0x0322010100000000
40887570750.0,0,0x7E4,0,8,0x3000000000000000
40887708280.0,0,0x7E4,0,8,0x3000000000000000
40969435400.0,0,0x7E4,0,8,0x0322010500000000
40970442830.0,0,0x7E4,0,8,0x0322010500000000
40982419500.0,0,0x7E4,0,8,0x3000000000000000
40983344080.0,0,0x7E4,0,8,0x3000000000000000
41050143750.0,0,0x7E4,0,8,0x0322010100000000
41050278350.0,0,0x7E4,0,8,0x0322010100000000
41057991400.0,0,0x7E4,0,8,0x3000000000000000
41058149330.0,0,0x7E4,0,8,0x3000000000000000
41137891900.0,0,0x7E4,0,8,0x0322010500000000
41138027800.0,0,0x7E4,0,8,0x0322010500000000
41171705350.0,0,0x7E4,0,8,0x3000000000000000
41173553800.0,0,0x7E4,0,8,0x3000000000000000
41254565430.0,0,0x7E4,0,8,0x0322010100000000
41254736300.0,0,0x7E4,0,8,0x0322010100000000
41262721330.0,0,0x7E4,0,8,0x3000000000000000
41263567530.0,0,0x7E4,0,8,0x3000000000000000
41344457350.0,0,0x7E4,0,8,0x0322010500000000
41344635600.0,0,0x7E4,0,8,0x0322010500000000
41357265330.0,0,0x7E4,0,8,0x3000000000000000
41357460600.0,0,0x7E4,0,8,0x3000000000000000
41422239750.0,0,0x7E4,0,8,0x0322010100000000
41423403800.0,0,0x7E4,0,8,0x0322010100000000
41432281550.0,0,0x7E4,0,8,0x3000000000000000
41433229280.0,0,0x7E4,0,8,0x3000000000000000
41512669800.0,0,0x7E4,0,8,0x0322010500000000
41513175900.0,0,0x7E4,0,8,0x0322010500000000
41548373830.0,0,0x7E4,0,8,0x3000000000000000
41548520700.0,0,0x7E4,0,8,0x3000000000000000
41629472300.0,0,0x7E4,0,8,0x0322010100000000
41630899000.0,0,0x7E4,0,8,0x0322010100000000
41643832080.0,0,0x7E4,0,8,0x3000000000000000
41644012650.0,0,0x7E4,0,8,0x3000000000000000
41723354380.0,0,0x7E4,0,8,0x0322010500000000
41723489200.0,0,0x7E4,0,8,0x0322010500000000
41737285580.0,0,0x7E4,0,8,0x3000000000000000
41737437600.0,0,0x7E4,0,8,0x3000000000000000
41802083130.0,0,0x7E4,0,8,0x0322010100000000
41803504200.0,0,0x7E4,0,8,0x0322010100000000
41812080330.0,0,0x7E4,0,8,0x3000000000000000
41813191680.0,0,0x7E4,0,8,0x3000000000000000
41893061800.0,0,0x7E4,0,8,0x0322010500000000
41893217280.0,0,0x7E4,0,8,0x0322010500000000
41930099430.0,0,0x7E4,0,8,0x3000000000000000
41930446650.0,0,0x7E4,0,8,0x3000000000000000
42011419730.0,0,0x7E4,0,8,0x0322010100000000
42011569880.0,0,0x7E4,0,8,0x0322010100000000
42022569130.0,0,0x7E4,0,8,0x3000000000000000
42023353750.0,0,0x7E4,0,8,0x3000000000000000
42103181830.0,0,0x7E4,0,8,0x0322010500000000
42103323900.0,0,0x7E4,0,8,0x0322010500000000
42117212000.0,0,0x7E4,0,8,0x3000000000000000
42117356000.0,0,0x7E4,0,8,0x3000000000000000
42181885900.0,0,0x7E4,0,8,0x0322010100000000
42183291950.0,0,0x7E4,0,8,0x0322010100000000
42192218000.0,0,0x7E4,0,8,0x3000000000000000
42193235930.0,0,0x7E4,0,8,0x3000000000000000
42273929330.0,0,0x7E4,0,8,0x0322010500000000
42274103830.0,0,0x7E4,0,8,0x0322010500000000
42306139500.0,0,0x7E4,0,8,0x3000000000000000
42306277180.0,0,0x7E4,0,8,0x3000000000000000
42387456100.0,0,0x7E4,0,8,0x0322010100000000
42387616830.0,0,0x7E4,0,8,0x0322010100000000
42397499350.0,0,0x7E4,0,8,0x3000000000000000
42397661130.0,0,0x7E4,0,8,0x3000000000000000
42478266150.0,0,0x7E4,0,8,0x0322010500000000
42478403730.0,0,0x7E4,0,8,0x0322010500000000
42492376300.0,0,0x7E4,0,8,0x3000000000000000
42493249250.0,0,0x7E4,0,8,0x3000000000000000
42556878500.0,0,0x7E4,0,8,0x0322010100000000
42557048530.0,0,0x7E4,0,8,0x0322010100000000
42566965880.0,0,0x7E4,0,8,0x3000000000000000
42567103800.0,0,0x7E4,0,8,0x3000000000000000
42647886480.0,0,0x7E4,0,8,0x0322010500000000
42648029150.0,0,0x7E4,0,8,0x0322010500000000
42683188630.0,0,0x7E4,0,8,0x3000000000000000
42683333930.0,0,0x7E4,0,8,0x3000000000000000
42765458830.0,0,0x7E4,0,8,0x0322010100000000
42765594180.0,0,0x7E4,0,8,0x0322010100000000
42777519280.0,0,0x7E4,0,8,0x3000000000000000
42777659330.0,0,0x7E4,0,8,0x3000000000000000
42859357300.0,0,0x7E4,0,8,0x0322010500000000
42860138800.0,0,0x7E4,0,8,0x0322010500000000
42872325080.0,0,0x7E4,0,8,0x3000000000000000
42873478450.0,0,0x7E4,0,8,0x3000000000000000
42937027800.0,0,0x7E4,0,8,0x0322010100000000
42937336730.0,0,0x7E4,0,8,0x0322010100000000
42947067250.0,0,0x7E4,0,8,0x3000000000000000
42947300850.0,0,0x7E4,0,8,0x3000000000000000
43030803450.0,0,0x7E4,0,8,0x0322010500000000
43030973200.0,0,0x7E4,0,8,0x0322010500000000
43059564980.0,0,0x7E4,0,8,0x3000000000000000
43060150350.0,0,0x7E4,0,8,0x3000000000000000
43141524650.0,0,0x7E4,0,8,0x0322010100000000
43143351500.0,0,0x7E4,0,8,0x0322010100000000
43152590000.0,0,0x7E4,0,8,0x3000000000000000
43153515250.0,0,0x7E4,0,8,0x3000000000000000
43233348930.0,0,0x7E4,0,8,0x0322010500000000
43233597450.0,0,0x7E4,0,8,0x0322010500000000
43247318500.0,0,0x7E4,0,8,0x3000000000000000
43247501350.0,0,0x7E4,0,8,0x3000000000000000
43311886000.0,0,0x7E4,0,8,0x0322010100000000
43313427100.0,0,0x7E4,0,8,0x0322010100000000
43322256730.0,0,0x7E4,0,8,0x3000000000000000
43323264700.0,0,0x7E4,0,8,0x3000000000000000
43403752000.0,0,0x7E4,0,8,0x0322010500000000
43403951550.0,0,0x7E4,0,8,0x0322010500000000
43434045980.0,0,0x7E4,0,8,0x3000000000000000
43434195780.0,0,0x7E4,0,8,0x3000000000000000
43517512480.0,0,0x7E4,0,8,0x0322010100000000
43517648250.0,0,0x7E4,0,8,0x0322010100000000
43532474600.0,0,0x7E4,0,8,0x3000000000000000
43533365450.0,0,0x7E4,0,8,0x3000000000000000
43613287250.0,0,0x7E4,0,8,0x0322010500000000
43613439800.0,0,0x7E4,0,8,0x0322010500000000
43628859400.0,0,0x7E4,0,8,0x3000000000000000
43628999580.0,0,0x7E4,0,8,0x3000000000000000
43693157750.0,0,0x7E4,0,8,0x0322010100000000
43693374850.0,0,0x7E4,0,8,0x0322010100000000
43701955450.0,0,0x7E4,0,8,0x3000000000000000
43703211980.0,0,0x7E4,0,8,0x3000000000000000
43783826400.0,0,0x7E4,0,8,0x0322010500000000
43783961980.0,0,0x7E4,0,8,0x0322010500000000
43813328050.0,0,0x7E4,0,8,0x3000000000000000
43813491480.0,0,0x7E4,0,8,0x3000000000000000
43895510850.0,0,0x7E4,0,8,0x0322010100000000
43895677980.0,0,0x7E4,0,8,0x0322010100000000
43907507650.0,0,0x7E4,0,8,0x3000000000000000
43907645280.0,0,0x7E4,0,8,0x3000000000000000
43989202530.0,0,0x7E4,0,8,0x0322010500000000
43990151800.0,0,0x7E4,0,8,0x0322010500000000
44002252450.0,0,0x7E4,0,8,0x3000000000000000
44003519800.0,0,0x7E4,0,8,0x3000000000000000
44067129830.0,0,0x7E4,0,8,0x0322010100000000
44067564100.0,0,0x7E4,0,8,0x0322010100000000
44077073780.0,0,0x7E4,0,8,0x3000000000000000
44077212700.0,0,0x7E4,0,8,0x3000000000000000
44158828030.0,0,0x7E4,0,8,0x0322010500000000
44158964900.0,0,0x7E4,0,8,0x0322010500000000
44190821780.0,0,0x7E4,0,8,0x3000000000000000
44190961600.0,0,0x7E4,0,8,0x3000000000000000
44276364650.0,0,0x7E4,0,8,0x0322010100000000
44276499950.0,0,0x7E4,0,8,0x0322010100000000
44287522350.0,0,0x7E4,0,8,0x3000000000000000
44287687750.0,0,0x7E4,0,8,0x3000000000000000
44368386430.0,0,0x7E4,0,8,0x0322010500000000
44368523630.0,0,0x7E4,0,8,0x0322010500000000
44382280750.0,0,0x7E4,0,8,0x3000000000000000
44383280830.0,0,0x7E4,0,8,0x3000000000000000
44446924830.0,0,0x7E4,0,8,0x0322010100000000
44447060550.0,0,0x7E4,0,8,0x0322010100000000
44457992330.0,0,0x7E4,0,8,0x3000000000000000
44458129700.0,0,0x7E4,0,8,0x3000000000000000
44572035400.0,0,0x7E4,0,8,0x0322010500000000
44573762000.0,0,0x7E4,0,8,0x0322010500000000
44582645050.0,0,0x7E4,0,8,0x3000000000000000
44583343980.0,0,0x7E4,0,8,0x3000000000000000
44652452700.0,0,0x7E4,0,8,0x0322010100000000
44653221350.0,0,0x7E4,0,8,0x0322010100000000
44662558580.0,0,0x7E4,0,8,0x3000000000000000
44663492400.0,0,0x7E4,0,8,0x3000000000000000
44743347900.0,0,0x7E4,0,8,0x0322010500000000
44743509480.0,0,0x7E4,0,8,0x0322010500000000
44758443600.0,0,0x7E4,0,8,0x3000000000000000
44758581330.0,0,0x7E4,0,8,0x3000000000000000
44822130250.0,0,0x7E4,0,8,0x0322010100000000
44823403350.0,0,0x7E4,0,8,0x0322010100000000
44832927650.0,0,0x7E4,0,8,0x3000000000000000
44833218380.0,0,0x7E4,0,8,0x3000000000000000
44914020750.0,0,0x7E4,0,8,0x0322010500000000
44915055580.0,0,0x7E4,0,8,0x0322010500000000
44947632430.0,0,0x7E4,0,8,0x3000000000000000
44947840980.0,0,0x7E4,0,8,0x3000000000000000
45029700750.0,0,0x7E4,0,8,0x0322010100000000
45030919730.0,0,0x7E4,0,8,0x0322010100000000
45042550780.0,0,0x7E4,0,8,0x3000000000000000
45043511050.0,0,0x7E4,0,8,0x3000000000000000
45123247750.0,0,0x7E4,0,8,0x0322010500000000
45123538300.0,0,0x7E4,0,8,0x0322010500000000
45137277430.0,0,0x7E4,0,8,0x3000000000000000
45137511580.0,0,0x7E4,0,8,0x3000000000000000
45201835630.0,0,0x7E4,0,8,0x0322010100000000
45203700200.0,0,0x7E4,0,8,0x0322010100000000
45211972980.0,0,0x7E4,0,8,0x3000000000000000
45213441150.0,0,0x7E4,0,8,0x3000000000000000
45293852580.0,0,0x7E4,0,8,0x0322010500000000
45293991680.0,0,0x7E4,0,8,0x0322010500000000
45327572880.0,0,0x7E4,0,8,0x3000000000000000
45328303500.0,0,0x7E4,0,8,0x3000000000000000
45410373230.0,0,0x7E4,0,8,0x0322010100000000
45410509030.0,0,0x7E4,0,8,0x0322010100000000
45417568680.0,0,0x7E4,0,8,0x3000000000000000
45417801250.0,0,0x7E4,0,8,0x3000000000000000
45498319250.0,0,0x7E4,0,8,0x0322010500000000
45498476580.0,0,0x7E4,0,8,0x0322010500000000
45512187830.0,0,0x7E4,0,8,0x3000000000000000
45513227700.0,0,0x7E4,0,8,0x3000000000000000
45576877150.0,0,0x7E4,0,8,0x0322010100000000
45577028050.0,0,0x7E4,0,8,0x0322010100000000
45587903500.0,0,0x7E4,0,8,0x3000000000000000
45588045300.0,0,0x7E4,0,8,0x3000000000000000
45668747980.0,0,0x7E4,0,8,0x0322010500000000
45668883730.0,0,0x7E4,0,8,0x0322010500000000
45707538600.0,0,0x7E4,0,8,0x3000000000000000
45707678380.0,0,0x7E4,0,8,0x3000000000000000
45791504780.0,0,0x7E4,0,8,0x0322010100000000
45791640750.0,0,0x7E4,0,8,0x0322010100000000
45802354350.0,0,0x7E4,0,8,0x3000000000000000
45803556580.0,0,0x7E4,0,8,0x3000000000000000
45883313480.0,0,0x7E4,0,8,0x0322010500000000
45883594250.0,0,0x7E4,0,8,0x0322010500000000
45897254350.0,0,0x7E4,0,8,0x3000000000000000
45897439080.0,0,0x7E4,0,8,0x3000000000000000
45962955080.0,0,0x7E4,0,8,0x0322010100000000
45963402080.0,0,0x7E4,0,8,0x0322010100000000
45972920330.0,0,0x7E4,0,8,0x3000000000000000
45973564580.0,0,0x7E4,0,8,0x3000000000000000
46053777180.0,0,0x7E4,0,8,0x0322010500000000
46053914430.0,0,0x7E4,0,8,0x0322010500000000
46086923050.0,0,0x7E4,0,8,0x3000000000000000
46087058100.0,0,0x7E4,0,8,0x3000000000000000
46169354850.0,0,0x7E4,0,8,0x0322010100000000
46170480530.0,0,0x7E4,0,8,0x0322010100000000
46177439380.0,0,0x7E4,0,8,0x3000000000000000
46177660330.0,0,0x7E4,0,8,0x3000000000000000
46259315600.0,0,0x7E4,0,8,0x0322010500000000
46259805730.0,0,0x7E4,0,8,0x0322010500000000
46272189930.0,0,0x7E4,0,8,0x3000000000000000
46273351280.0,0,0x7E4,0,8,0x3000000000000000
46337006230.0,0,0x7E4,0,8,0x0322010100000000
46337142480.0,0,0x7E4,0,8,0x0322010100000000
46347876100.0,0,0x7E4,0,8,0x3000000000000000
46348072750.0,0,0x7E4,0,8,0x3000000000000000
46429815650.0,0,0x7E4,0,8,0x0322010500000000
46430928800.0,0,0x7E4,0,8,0x0322010500000000
46463370950.0,0,0x7E4,0,8,0x3000000000000000
46463524150.0,0,0x7E4,0,8,0x3000000000000000
46546289430.0,0,0x7E4,0,8,0x0322010100000000
46546424630.0,0,0x7E4,0,8,0x0322010100000000
46558288530.0,0,0x7E4,0,8,0x3000000000000000
46558440030.0,0,0x7E4,0,8,0x3000000000000000
46638482330.0,0,0x7E4,0,8,0x0322010500000000
46638659450.0,0,0x7E4,0,8,0x0322010500000000
46652185280.0,0,0x7E4,0,8,0x3000000000000000
46653357580.0,0,0x7E4,0,8,0x3000000000000000
46716980800.0,0,0x7E4,0,8,0x0322010100000000
46717175900.0,0,0x7E4,0,8,0x0322010100000000
46730004650.0,0,0x7E4,0,8,0x3000000000000000
46730855100.0,0,0x7E4,0,8,0x3000000000000000
46813778050.0,0,0x7E4,0,8,0x0322010500000000
46813914200.0,0,0x7E4,0,8,0x0322010500000000
46841465050.0,0,0x7E4,0,8,0x3000000000000000
46841623000.0,0,0x7E4,0,8,0x3000000000000000
46924507780.0,0,0x7E4,0,8,0x0322010100000000
46928329300.0,0,0x7E4,0,8,0x0322010100000000
46937623150.0,0,0x7E4,0,8,0x3000000000000000
46937766480.0,0,0x7E4,0,8,0x3000000000000000
47019126230.0,0,0x7E4,0,8,0x0322010500000000
47019812200.0,0,0x7E4,0,8,0x0322010500000000
47032292400.0,0,0x7E4,0,8,0x3000000000000000
47033373230.0,0,0x7E4,0,8,0x3000000000000000
47097887380.0,0,0x7E4,0,8,0x0322010100000000
47098056230.0,0,0x7E4,0,8,0x0322010100000000
47108196830.0,0,0x7E4,0,8,0x3000000000000000
47108367850.0,0,0x7E4,0,8,0x3000000000000000
47188766500.0,0,0x7E4,0,8,0x0322010500000000
47190199980.0,0,0x7E4,0,8,0x0322010500000000
47216026380.0,0,0x7E4,0,8,0x3000000000000000
47216178400.0,0,0x7E4,0,8,0x3000000000000000
