TimeStamp,Counter,RelativeDistance,RelativeSpeed,LeadVehicleSpeed,HostVehicleSpeed
1712345260.0527,1.0,22.527,0.1,0.1,0.0
1712345260.1529,2.0,22.527,0.2,0.2,0.0
1712345260.253,3.0,22.527,0.3,0.3,0.0
1712345260.3532,4.0,22.527,0.4,0.4,0.0
1712345260.4533,5.0,22.527,0.5,0.5,0.0
1712345260.5534,6.0,22.527,0.6,0.6,0.0
1712345260.6943,7.0,22.527,0.7,0.7,0.0
1712345260.7539,8.0,22.527,0.8,0.8,0.0
1712345260.854,9.0,22.527,0.9,0.9,0.0
1712345260.9542,10.0,22.527,1.0,1.0,0.0
1712345261.0543,11.0,22.527,1.1,1.1,0.0
1712345261.1545,12.0,22.527,1.2,1.2,0.0
1712345261.2546,13.0,22.527,1.3,1.3,0.0
1712345261.3547,14.0,22.527,1.4,1.4,0.0
1712345261.4549,15.0,22.527,1.5,1.5,0.0
1712345261.555,16.0,22.527,1.6,1.6,0.0
1712345261.6551,17.0,22.527,1.7,1.7,0.0
1712345261.7553,18.0,22.527,1.8,1.8,0.0
1712345261.8554,19.0,22.527,1.9,1.9,0.0
1712345261.9556,20.0,24.507,2.0,2.0,0.0
1712345262.0557,21.0,24.412,1.4,2.1,0.7
1712345262.1558,22.0,24.312,1.49,2.2,0.71
1712345262.256,23.0,24.203,1.36,2.3,0.94
1712345262.3561,24.0,24.118,1.36,2.4,1.04
1712345262.4562,25.0,24.024,1.32,2.5,1.18
1712345262.5564,26.0,23.846,1.3,2.6,1.3
1712345262.6567,27.0,23.683,1.29,2.7,1.41
1712345262.7568,28.0,25.573,1.26,2.8,1.54
1712345262.8569,29.0,25.402,1.25,2.9,1.65
1712345262.9571,30.0,25.251,1.24,3.0,1.76
1712345263.0573,31.0,25.094,1.25,3.1,1.85
1712345263.1574,32.0,24.864,1.25,3.2,1.95
1712345263.2576,33.0,24.652,1.24,3.3,2.06
1712345263.3577,34.0,24.517,1.25,3.4,2.15
1712345263.4578,35.0,26.235,1.26,3.5,2.24
1712345263.5579,36.0,26.008,1.27,3.6,2.33
1712345263.658,37.0,25.781,1.29,3.7,2.41
1712345263.7581,38.0,25.563,1.3,3.8,2.5
1712345263.8582,39.0,25.313,1.32,3.9,2.58
1712345263.9584,40.0,28.096,1.34,4.0,2.66
1712345264.0584,41.0,27.821,1.35,4.1,2.75
1712345264.1585,42.0,27.554,1.39,4.2,2.81
1712345264.2587,43.0,27.275,1.42,4.3,2.88
1712345264.3589,44.0,26.994,1.45,4.4,2.95
1712345264.4591,45.0,26.697,1.48,4.5,3.02
1712345264.5593,46.0,26.434,1.4,4.5,3.1
1712345264.6595,47.0,28.09,1.34,4.5,3.16
1712345264.7596,48.0,27.788,1.25,4.5,3.25
1712345264.8597,49.0,27.485,1.18,4.5,3.32
1712345264.9598,50.0,27.165,1.08,4.5,3.42
1712345265.06,51.0,26.818,1.01,4.5,3.49
1712345265.1601,52.0,28.451,0.92,4.5,3.58
1712345265.2603,53.0,28.107,0.83,4.5,3.67
1712345265.3605,54.0,27.75,0.75,4.5,3.75
1712345265.4605,55.0,27.354,0.67,4.5,3.83
1712345265.5607,56.0,28.95,0.58,4.5,3.92
1712345265.6608,57.0,28.534,0.51,4.5,3.99
1712345265.7609,58.0,28.167,0.42,4.5,4.08
1712345265.8611,59.0,27.751,0.34,4.5,4.16
1712345265.9611,60.0,29.342,0.28,4.5,4.22
1712345266.0613,61.0,28.951,0.21,4.5,4.29
1712345266.1613,62.0,28.499,0.15,4.5,4.35
1712345266.2615,63.0,28.078,0.09,4.5,4.41
1712345266.3616,64.0,27.688,0.04,4.5,4.46
1712345266.4829,65.0,29.24,-0.02,4.5,4.52
1712345266.5622,66.0,28.77,-0.06,4.5,4.56
1712345266.6623,67.0,28.291,-0.11,4.5,4.61
1712345266.7624,68.0,27.84,-0.16,4.5,4.66
1712345266.8626,69.0,29.402,-0.18,4.5,4.68
1712345266.9628,70.0,28.899,-0.22,4.5,4.72
1712345267.0629,71.0,28.455,-0.24,4.5,4.74
1712345267.1631,72.0,27.981,-0.27,4.5,4.77
1712345267.2632,73.0,27.47,-0.29,4.5,4.79
1712345267.3634,74.0,28.968,-0.32,4.5,4.82
1712345267.4635,75.0,28.448,-0.33,4.5,4.83
1712345267.5637,76.0,28.016,-0.35,4.5,4.85
1712345267.6641,77.0,27.446,-0.36,4.5,4.86
1712345267.764,78.0,28.967,-0.37,4.5,4.87
1712345267.8642,79.0,28.622,-0.38,4.5,4.88
1712345267.9642,80.0,28.084,-0.39,4.5,4.89
1712345268.0643,81.0,27.57,-0.39,4.5,4.89
1712345268.1645,82.0,27.088,-0.4,4.5,4.9
1712345268.2646,83.0,28.582,-0.39,4.5,4.89
1712345268.3647,84.0,28.126,-0.39,4.5,4.89
1712345268.4649,85.0,27.684,-0.4,4.5,4.9
1712345268.565,86.0,27.12,-0.39,4.5,4.89
1712345268.6652,87.0,28.705,-0.39,4.5,4.89
1712345268.7654,88.0,28.201,-0.38,4.5,4.88
1712345268.8745,89.0,27.395,-0.38,4.5,4.88
1712345268.9659,90.0,27.173,-0.37,4.5,4.87
1712345269.0662,91.0,26.759,-0.36,4.5,4.86
1712345269.1664,92.0,28.25,-0.35,4.5,4.85
1712345269.2665,93.0,27.756,-0.35,4.5,4.85
1712345269.3667,94.0,27.297,-0.33,4.5,4.83
1712345269.467,95.0,26.757,-0.33,4.5,4.83
1712345269.5675,96.0,28.31,-0.31,4.5,4.81
1712345269.6676,97.0,27.84,-0.31,4.5,4.81
1712345269.7677,98.0,27.346,-0.29,4.5,4.79
1712345269.8679,99.0,26.841,-0.29,4.5,4.79
1712345269.9681,100.0,28.396,-0.26,4.5,4.76
1712345270.0682,101.0,27.89,-0.26,4.5,4.76
1712345270.1683,102.0,27.489,-0.24,4.5,4.74
1712345270.2684,103.0,27.002,-0.23,4.5,4.73
1712345270.3685,104.0,26.526,-0.21,4.5,4.71
1712345270.4687,105.0,28.065,-0.2,4.5,4.7
1712345270.5688,106.0,27.561,-0.19,4.5,4.69
1712345270.669,107.0,27.13,-0.18,4.5,4.68
1712345270.7691,108.0,26.62,-0.16,4.5,4.66
1712345270.8692,109.0,28.209,-0.15,4.5,4.65
1712345270.9694,110.0,27.684,-0.13,4.5,4.63
1712345271.0694,111.0,27.267,-0.13,4.5,4.63
1712345271.1696,112.0,26.738,-0.11,4.5,4.61
1712345271.2697,113.0,26.295,-0.09,4.5,4.59
1712345271.3805,114.0,27.773,-0.09,4.5,4.59
1712345271.4705,115.0,27.34,-0.07,4.5,4.57
1712345271.5706,116.0,26.881,-0.07,4.5,4.57
1712345271.6707,117.0,26.383,-0.05,4.5,4.55
1712345271.7708,118.0,29.348,-0.04,4.5,4.54
1712345271.8709,119.0,28.793,-0.02,4.5,4.52
1712345271.9711,120.0,28.403,-0.02,4.5,4.52
1712345272.0712,121.0,27.847,-0.0,4.5,4.5
1712345272.1714,122.0,27.48,0.01,4.5,4.49
1712345272.2714,123.0,26.947,0.01,4.5,4.49
1712345272.3715,124.0,26.574,0.03,4.5,4.47
1712345272.4717,125.0,26.069,0.03,4.5,4.47
1712345272.5718,126.0,27.757,0.05,4.5,4.45
1712345272.6719,127.0,27.281,0.04,4.5,4.46
1712345272.7721,128.0,26.823,0.04,4.5,4.46
1712345272.8723,129.0,26.392,0.03,4.5,4.47
1712345272.9724,130.0,28.585,0.03,4.5,4.47
1712345273.0725,131.0,28.036,0.02,4.5,4.48
1712345273.1728,132.0,27.641,0.01,4.5,4.49
1712345273.277,133.0,27.154,0.01,4.5,4.49
1712345273.3734,134.0,26.784,0.0,4.5,4.5
1712345273.4735,135.0,26.313,0.01,4.5,4.49
1712345273.5737,136.0,27.88,-0.01,4.5,4.51
1712345273.6738,137.0,27.409,-0.01,4.5,4.51
1712345273.7763,138.0,27.034,-0.02,4.5,4.52
1712345273.8761,139.0,26.532,-0.01,4.5,4.51
1712345273.9762,140.0,26.14,-0.02,4.5,4.52
1712345274.0764,141.0,27.728,-0.02,4.5,4.52
1712345274.1765,142.0,27.143,-0.04,4.5,4.54
1712345274.2766,143.0,26.698,-0.03,4.5,4.53
1712345274.3768,144.0,26.231,-0.04,4.5,4.54
1712345274.5066,145.0,27.774,-0.06,4.5,4.56
1712345274.7084,146.0,27.011,-0.05,4.5,4.55
1712345274.7107,147.0,26.424,-0.05,4.5,4.55
1712345274.7783,148.0,26.424,-0.04,4.5,4.54
1712345274.8785,149.0,26.0,-0.04,4.5,4.54
1712345274.9787,150.0,27.558,-0.03,4.5,4.53
1712345275.0788,151.0,27.142,-0.03,4.5,4.53
1712345275.1789,152.0,26.679,-0.02,4.5,4.52
1712345275.2791,153.0,26.118,-0.02,4.5,4.52
1712345275.3792,154.0,27.678,-0.02,4.5,4.52
1712345275.4794,155.0,27.298,-0.01,4.5,4.51
1712345275.5795,156.0,26.791,-0.01,4.5,4.51
1712345275.6796,157.0,26.308,0.01,4.5,4.49
1712345275.7798,158.0,25.849,0.01,4.5,4.49
1712345275.88,159.0,27.35,0.01,4.5,4.49
1712345275.9829,160.0,26.914,0.01,4.5,4.49
1712345276.0802,161.0,26.51,0.03,4.5,4.47
1712345276.3111,162.0,26.107,0.03,4.5,4.47
1712345276.3257,163.0,27.104,0.03,4.5,4.47
1712345276.3845,164.0,27.012,0.04,4.5,4.46
1712345276.4846,165.0,26.674,0.04,4.5,4.46
1712345276.5849,166.0,26.268,0.06,4.5,4.44
1712345276.6851,167.0,27.734,0.05,4.5,4.45
1712345276.7853,168.0,27.271,0.07,4.5,4.43
1712345276.8854,169.0,26.898,0.07,4.5,4.43
1712345276.9855,170.0,26.387,0.08,4.5,4.42
1712345277.0856,171.0,25.95,0.08,4.5,4.42
1712345277.1857,172.0,27.471,0.08,4.5,4.42
1712345277.2859,173.0,27.12,0.09,4.5,4.41
1712345277.386,174.0,26.584,0.09,4.5,4.41
1712345277.4862,175.0,26.161,0.11,4.5,4.39
1712345277.5863,176.0,27.692,0.11,4.5,4.39
1712345277.7903,177.0,27.248,0.12,4.5,4.38
1712345277.7968,178.0,26.413,0.11,4.5,4.39
1712345277.8876,179.0,26.413,0.13,4.5,4.37
1712345277.9877,180.0,26.001,0.13,4.5,4.37
1712345278.0879,181.0,27.557,0.13,4.5,4.37
1712345278.188,182.0,27.05,0.14,4.5,4.36
1712345278.2881,183.0,26.69,0.14,4.5,4.36
1712345278.3883,184.0,26.221,0.14,4.5,4.36
1712345278.4885,185.0,29.56,0.14,4.5,4.36
1712345278.5886,186.0,29.131,0.15,4.5,4.35
1712345278.6889,187.0,28.712,0.14,4.5,4.36
1712345278.7889,188.0,28.238,0.15,4.5,4.35
1712345278.8891,189.0,27.811,0.15,4.5,4.35
1712345278.9893,190.0,27.366,0.14,4.5,4.36
1712345279.0894,191.0,26.931,0.15,4.5,4.35
1712345279.1895,192.0,26.483,0.14,4.5,4.36
1712345279.2924,193.0,28.129,0.14,4.5,4.36
1712345279.3898,194.0,27.63,0.11,4.5,4.39
1712345279.4903,195.0,27.26,0.1,4.5,4.4
1712345279.5902,196.0,26.754,0.08,4.5,4.42
1712345279.6903,197.0,26.385,0.06,4.5,4.44
1712345279.7905,198.0,29.75,0.04,4.5,4.46
1712345279.8907,199.0,29.311,0.02,4.5,4.48
1712345279.9909,200.0,28.805,0.01,4.5,4.49
1712345280.0922,201.0,28.383,-0.01,4.5,4.51
1712345280.1914,202.0,27.931,-0.02,4.5,4.52
1712345280.2916,203.0,27.433,-0.04,4.5,4.54
1712345280.3921,204.0,27.058,-0.04,4.5,4.54
1712345280.4924,205.0,26.607,-0.06,4.5,4.56
1712345280.5925,206.0,28.075,-0.06,4.5,4.56
1712345280.6927,207.0,27.679,-0.07,4.5,4.57
1712345280.793,208.0,27.176,-0.09,4.5,4.59
1712345280.8931,209.0,26.754,-0.09,4.5,4.59
1712345280.9962,210.0,26.307,-0.11,4.5,4.61
1712345281.0935,211.0,27.766,-0.12,4.5,4.62
1712345281.1936,212.0,27.285,-0.13,4.5,4.63
1712345281.2936,213.0,26.927,-0.14,4.5,4.64
1712345281.3937,214.0,26.419,-0.16,4.5,4.66
1712345281.4938,215.0,27.838,-0.16,4.5,4.66
1712345281.594,216.0,27.439,-0.16,4.5,4.66
1712345281.6941,217.0,26.937,-0.15,4.5,4.65
1712345281.7942,218.0,26.476,-0.16,4.5,4.66
1712345281.8944,219.0,26.014,-0.14,4.5,4.64
1712345281.9946,220.0,27.518,-0.14,4.5,4.64
1712345282.0947,221.0,27.114,-0.13,4.5,4.63
1712345282.1949,222.0,26.624,-0.12,4.5,4.62
1712345282.295,223.0,26.146,-0.12,4.5,4.62
1712345282.3951,224.0,27.657,-0.1,4.5,4.6
1712345282.4953,225.0,27.218,-0.1,4.5,4.6
1712345282.5954,226.0,26.769,-0.08,4.5,4.58
1712345282.6957,227.0,26.317,-0.09,4.5,4.59
1712345282.7959,228.0,27.792,-0.07,4.5,4.57
1712345282.8959,229.0,27.295,-0.06,4.5,4.56
1712345282.9961,230.0,26.879,-0.05,4.5,4.55
1712345283.0962,231.0,26.421,-0.05,4.5,4.55
1712345283.1963,232.0,25.92,-0.03,4.5,4.53
1712345283.2965,233.0,27.461,-0.02,4.5,4.52
1712345283.3965,234.0,27.059,-0.02,4.5,4.52
1712345283.4975,235.0,26.527,0.01,4.5,4.49
1712345283.5976,236.0,26.145,0.01,4.5,4.49
1712345283.6978,237.0,27.596,0.02,4.5,4.48
1712345283.7981,238.0,27.239,0.03,4.5,4.47
1712345283.8986,239.0,26.786,0.04,4.5,4.46
1712345284.074,240.0,25.588,0.07,4.5,4.43
1712345284.1006,241.0,27.327,0.08,4.5,4.42
1712345284.2015,242.0,26.89,0.08,4.5,4.42
1712345284.3011,243.0,26.542,0.1,4.5,4.4
1712345284.4005,244.0,26.09,0.1,4.5,4.4
1712345284.5012,245.0,25.595,0.12,4.5,4.38
1712345284.6007,246.0,27.067,0.12,4.5,4.38
1712345284.7003,247.0,26.53,0.14,4.5,4.36
1712345284.8003,248.0,26.221,0.13,4.5,4.37
1712345284.9006,249.0,25.723,0.15,4.5,4.35
1712345285.0002,250.0,27.376,0.16,4.5,4.34
1712345285.1005,251.0,26.878,0.16,4.5,4.34
1712345285.2007,252.0,26.354,0.17,4.5,4.33
1712345285.3492,253.0,25.783,0.16,4.5,4.34
1712345285.4011,254.0,25.585,0.18,4.5,4.32
1712345285.5014,255.0,27.178,0.17,4.5,4.33
1712345285.6015,256.0,26.759,0.18,4.5,4.32
1712345285.7017,257.0,26.331,0.18,4.5,4.32
1712345285.8018,258.0,25.872,0.18,4.5,4.32
1712345285.9022,259.0,27.42,0.19,4.5,4.31
1712345286.0023,260.0,26.972,0.19,4.5,4.31
1712345286.1024,261.0,26.531,0.2,4.5,4.3
1712345286.2027,262.0,26.075,0.19,4.5,4.31
1712345286.3029,263.0,25.651,0.21,4.5,4.29
1712345286.403,264.0,27.241,0.21,4.5,4.29
1712345286.5032,265.0,26.823,0.2,4.5,4.3
1712345286.6033,266.0,26.397,0.21,4.5,4.29
1712345286.7034,267.0,25.99,0.21,4.5,4.29
1712345286.8036,268.0,27.628,0.22,4.5,4.28
1712345286.9038,269.0,27.223,0.21,4.5,4.29
1712345287.0039,270.0,26.68,0.22,4.5,4.28
1712345287.104,271.0,26.115,0.21,4.5,4.29
1712345287.2041,272.0,25.873,0.22,4.5,4.28
1712345287.3069,273.0,27.528,0.22,4.5,4.28
1712345287.4045,274.0,27.134,0.22,4.5,4.28
1712345287.506,275.0,26.673,0.22,4.5,4.28
1712345287.6063,276.0,26.222,0.21,4.5,4.29
1712345287.7065,277.0,27.797,0.22,4.5,4.28
1712345287.8065,278.0,27.348,0.21,4.5,4.29
1712345287.9067,279.0,26.929,0.21,4.5,4.29
1712345288.0068,280.0,26.536,0.21,4.5,4.29
1712345288.1071,281.0,28.131,0.2,4.5,4.3
1712345288.2072,282.0,27.753,0.21,4.5,4.29
1712345288.3075,283.0,27.253,0.19,4.5,4.31
1712345288.4076,284.0,26.891,0.19,4.5,4.31
1712345288.5078,285.0,26.413,0.18,4.5,4.32
1712345288.608,286.0,27.982,0.17,4.5,4.33
1712345288.7082,287.0,27.537,0.16,4.5,4.34
1712345288.8083,288.0,27.083,0.14,4.5,4.36
1712345288.9085,289.0,26.727,0.14,4.5,4.36
1712345289.0086,290.0,28.268,0.12,4.5,4.38
1712345289.1091,291.0,27.749,0.12,4.5,4.38
1712345289.209,292.0,27.393,0.1,4.5,4.4
1712345289.309,293.0,26.905,0.09,4.5,4.41
1712345289.4091,294.0,26.548,0.08,4.5,4.42
1712345289.5093,295.0,29.734,0.07,4.5,4.43
1712345289.6094,296.0,29.314,0.06,4.5,4.44
1712345289.7097,297.0,28.799,0.04,4.5,4.46
1712345289.8097,298.0,28.381,0.04,4.5,4.46
1712345289.9098,299.0,27.988,0.02,4.5,4.48
1712345290.0099,300.0,27.498,0.02,4.5,4.48
1712345290.1934,301.0,26.66,-0.0,4.5,4.5
1712345290.2112,302.0,26.566,-0.02,4.5,4.52
1712345290.3117,303.0,28.111,-0.03,4.5,4.53
1712345290.4116,304.0,27.675,-0.05,4.5,4.55
1712345290.512,305.0,27.235,-0.06,4.5,4.56
1712345290.6121,306.0,26.765,-0.08,4.5,4.58
1712345290.7122,307.0,29.974,-0.09,4.5,4.59
1712345290.8124,308.0,29.502,-0.12,4.5,4.62
1712345290.9124,309.0,29.056,-0.12,4.5,4.62
1712345291.0126,310.0,28.542,-0.15,4.5,4.65
1712345291.113,311.0,28.127,-0.15,4.5,4.65
1712345291.213,312.0,27.707,-0.16,4.5,4.66
1712345291.3132,313.0,27.165,-0.16,4.5,4.66
1712345291.4133,314.0,26.773,-0.17,4.5,4.67
1712345291.5135,315.0,26.218,-0.19,4.5,4.69
1712345291.6137,316.0,27.755,-0.19,4.5,4.69
1712345291.7139,317.0,27.317,-0.2,4.5,4.7
1712345291.814,318.0,26.898,-0.2,4.5,4.7
1712345291.9141,319.0,26.4,-0.22,4.5,4.72
1712345292.0144,320.0,24.093,-0.23,4.5,4.73
1712345292.1147,321.0,23.619,-0.24,4.5,4.74
1712345292.2148,322.0,23.13,-0.23,4.5,4.73
1712345292.315,323.0,22.642,-0.24,4.5,4.74
1712345292.4152,324.0,24.221,-0.22,4.5,4.72
1712345292.5155,325.0,23.729,-0.22,4.5,4.72
1712345292.6156,326.0,23.249,-0.19,4.5,4.69
1712345292.7159,327.0,22.806,-0.16,4.5,4.66
1712345292.8161,328.0,22.36,-0.11,4.5,4.61
1712345292.9163,329.0,21.418,-0.06,4.5,4.56
1712345293.0164,330.0,22.976,-0.0,4.5,4.5
1712345293.1165,331.0,22.511,0.05,4.5,4.45
1712345293.2316,332.0,21.901,0.11,4.5,4.39
1712345293.317,333.0,21.585,0.15,4.5,4.35
1712345293.4171,334.0,19.72,0.21,4.5,4.29
1712345293.5175,335.0,19.273,0.26,4.5,4.24
1712345293.6176,336.0,18.951,0.31,4.5,4.19
1712345293.7195,337.0,22.24,0.36,4.5,4.14
1712345293.8179,338.0,21.842,0.41,4.5,4.09
1712345293.9181,339.0,21.353,0.46,4.5,4.04
1712345294.0182,340.0,21.034,0.51,4.5,3.99
1712345294.1184,341.0,20.642,0.58,4.5,3.92
1712345294.2186,342.0,20.223,0.65,4.5,3.85
1712345294.3187,343.0,19.829,0.71,4.5,3.79
1712345294.4188,344.0,19.431,0.77,4.5,3.73
1712345294.519,345.0,21.115,0.84,4.5,3.66
1712345294.6192,346.0,20.677,0.89,4.5,3.61
1712345294.7194,347.0,20.366,0.96,4.5,3.54
1712345294.8195,348.0,20.054,1.02,4.5,3.48
1712345294.9197,349.0,19.625,1.08,4.5,3.42
1712345295.0199,350.0,21.333,1.14,4.5,3.36
1712345295.12,351.0,21.057,1.18,4.5,3.32
1712345295.2201,352.0,20.696,1.22,4.5,3.28
1712345295.3203,353.0,20.376,1.27,4.5,3.23
1712345295.4204,354.0,22.089,1.31,4.5,3.19
1712345295.5205,355.0,21.772,1.35,4.5,3.15
1712345295.6211,356.0,21.428,1.4,4.5,3.1
1712345295.7212,357.0,21.185,1.44,4.5,3.06
1712345295.8213,358.0,20.841,1.48,4.5,3.02
1712345295.9229,359.0,22.579,1.53,4.5,2.97
1712345296.0423,360.0,22.294,1.56,4.5,2.94
1712345296.122,361.0,21.961,1.59,4.5,2.91
1712345296.2221,362.0,21.714,1.63,4.5,2.87
1712345296.3223,363.0,23.409,1.65,4.5,2.85
1712345296.4225,364.0,23.186,1.67,4.5,2.83
1712345296.5227,365.0,22.921,1.69,4.5,2.81
1712345296.6252,366.0,22.589,1.7,4.5,2.8
1712345296.7235,367.0,22.316,1.71,4.5,2.79
1712345296.8235,368.0,24.068,1.71,4.5,2.79
1712345296.9238,369.0,23.792,1.71,4.5,2.79
1712345297.024,370.0,23.481,1.7,4.5,2.8
1712345297.1242,371.0,23.264,1.69,4.5,2.81
1712345297.2244,372.0,24.978,1.67,4.5,2.83
1712345297.3245,373.0,24.637,1.64,4.5,2.86
1712345297.4247,374.0,24.368,1.61,4.5,2.89
1712345297.525,375.0,24.1,1.58,4.5,2.92
1712345297.625,376.0,23.828,1.54,4.5,2.96
1712345297.7253,377.0,25.505,1.51,4.5,2.99
1712345297.8254,378.0,25.257,1.46,4.5,3.04
1712345297.9255,379.0,24.924,1.42,4.5,3.08
1712345298.0256,380.0,24.602,1.38,4.5,3.12
1712345298.1258,381.0,26.285,1.34,4.5,3.16
1712345298.2259,382.0,25.975,1.29,4.5,3.21
1712345298.3261,383.0,25.656,1.24,4.5,3.26
1712345298.4261,384.0,25.338,1.2,4.5,3.3
1712345298.5265,385.0,24.99,1.15,4.5,3.35
1712345298.6264,386.0,26.644,1.11,4.5,3.39
1712345298.7266,387.0,26.351,1.06,4.5,3.44
1712345298.8268,388.0,25.95,1.0,4.5,3.5
1712345298.927,389.0,25.62,0.96,4.5,3.54
1712345299.0271,390.0,27.262,0.91,4.5,3.59
1712345299.1272,391.0,26.89,0.86,4.5,3.64
1712345299.2274,392.0,26.501,0.83,4.5,3.67
1712345299.3276,393.0,26.107,0.78,4.5,3.72
1712345299.4277,394.0,25.829,0.73,4.5,3.77
1712345299.5279,395.0,27.404,0.69,4.5,3.81
1712345299.6281,396.0,27.015,0.65,4.5,3.85
1712345299.7487,397.0,26.613,0.61,4.5,3.89
1712345299.8288,398.0,26.237,0.57,4.5,3.93
1712345299.9289,399.0,27.839,0.52,4.5,3.98
1712345300.0291,400.0,27.345,0.48,4.5,4.02
1712345300.1292,401.0,26.99,0.45,4.5,4.05
1712345300.2293,402.0,26.535,0.41,4.5,4.09
1712345300.3295,403.0,26.196,0.37,4.5,4.13
1712345300.4297,404.0,27.694,0.33,4.5,4.17
1712345300.5298,405.0,27.27,0.3,4.5,4.2
1712345300.63,406.0,26.851,0.27,4.5,4.23
1712345300.7301,407.0,26.474,0.24,4.5,4.26
1712345300.8304,408.0,27.958,0.21,4.5,4.29
1712345300.9305,409.0,27.593,0.18,4.5,4.32
1712345301.0306,410.0,27.128,0.17,4.5,4.33
1712345301.1308,411.0,26.661,0.14,4.5,4.36
1712345301.2309,412.0,28.152,0.12,4.5,4.38
1712345301.3472,413.0,27.781,0.1,4.5,4.4
1712345301.4315,414.0,27.315,0.08,4.5,4.42
1712345301.5317,415.0,26.85,0.07,4.5,4.43
1712345301.6318,416.0,26.44,0.05,4.5,4.45
1712345301.732,417.0,27.988,0.04,4.5,4.46
1712345301.8321,418.0,27.465,0.03,4.5,4.47
1712345301.9326,419.0,27.077,0.02,4.5,4.48
1712345302.0327,420.0,26.636,0.0,4.5,4.5
1712345302.133,421.0,28.149,-0.01,4.5,4.51
1712345302.233,422.0,27.685,-0.02,4.5,4.52
1712345302.3333,423.0,27.152,-0.03,4.5,4.53
1712345302.4333,424.0,26.679,-0.03,4.5,4.53
1712345302.5335,425.0,28.27,-0.04,4.5,4.54
1712345302.6335,426.0,27.747,-0.05,4.5,4.55
1712345302.7349,427.0,27.35,-0.06,4.5,4.56
1712345302.835,428.0,26.827,-0.06,4.5,4.56
1712345302.9354,429.0,26.458,-0.06,4.5,4.56
1712345303.0355,430.0,27.921,-0.07,4.5,4.57
1712345303.1357,431.0,27.454,-0.07,4.5,4.57
1712345303.2357,432.0,27.014,-0.07,4.5,4.57
1712345303.3359,433.0,26.6,-0.07,4.5,4.57
1712345303.4361,434.0,28.019,-0.07,4.5,4.57
1712345303.5803,435.0,27.6,-0.08,4.5,4.58
1712345303.6367,436.0,27.179,-0.08,4.5,4.58
1712345303.737,437.0,26.685,-0.08,4.5,4.58
1712345303.8372,438.0,30.177,-0.08,4.5,4.58
1712345303.9481,439.0,29.545,-0.08,4.5,4.58
1712345304.0378,440.0,29.211,-0.08,4.5,4.58
1712345304.1381,441.0,28.743,-0.07,4.5,4.57
1712345304.2382,442.0,28.255,-0.08,4.5,4.58
1712345304.3385,443.0,27.866,-0.07,4.5,4.57
1712345304.4387,444.0,27.302,-0.07,4.5,4.57
1712345304.5408,445.0,26.859,-0.07,4.5,4.57
1712345304.6391,446.0,26.391,-0.09,4.5,4.59
1712345304.7394,447.0,27.898,-0.09,4.5,4.59
1712345304.8396,448.0,27.567,-0.1,4.5,4.6
1712345304.9397,449.0,27.056,-0.12,4.5,4.62
1712345305.0398,450.0,26.551,-0.12,4.5,4.62
1712345305.14,451.0,28.072,-0.14,4.5,4.64
1712345305.2401,452.0,27.608,-0.15,4.5,4.65
1712345305.3402,453.0,27.152,-0.16,4.5,4.66
1712345305.4404,454.0,26.682,-0.17,4.5,4.67
1712345305.5405,455.0,26.343,-0.18,4.5,4.68
1712345305.6406,456.0,29.043,-0.17,4.5,4.67
1712345305.7408,457.0,28.629,-0.17,4.5,4.67
1712345305.8409,458.0,28.179,-0.16,4.5,4.66
1712345305.941,459.0,27.754,-0.15,4.5,4.65
1712345306.0411,460.0,27.202,-0.14,4.5,4.64
1712345306.1418,461.0,26.797,-0.13,4.5,4.63
1712345306.2416,462.0,26.261,-0.12,4.5,4.62
1712345306.3417,463.0,28.482,-0.12,4.5,4.62
1712345306.4418,464.0,28.05,-0.11,4.5,4.61
1712345306.5421,465.0,27.606,-0.1,4.5,4.6
1712345306.6445,466.0,27.133,-0.1,4.5,4.6
1712345306.7424,467.0,26.637,-0.09,4.5,4.59
1712345306.8425,468.0,26.149,-0.09,4.5,4.59
1712345306.9426,469.0,29.382,-0.08,4.5,4.58
1712345307.0427,470.0,28.923,-0.08,4.5,4.58
1712345307.1429,471.0,28.486,-0.08,4.5,4.58
1712345307.243,472.0,28.055,-0.08,4.5,4.58
1712345307.3432,473.0,27.527,-0.07,4.5,4.57
1712345307.4434,474.0,27.143,-0.07,4.5,4.57
1712345307.5437,475.0,26.666,-0.06,4.5,4.56
1712345307.6438,476.0,26.201,-0.06,4.5,4.56
1712345307.744,477.0,27.757,-0.06,4.5,4.56
1712345307.8442,478.0,27.312,-0.06,4.5,4.56
1712345307.9444,479.0,26.881,-0.07,4.5,4.57
1712345308.0446,480.0,26.378,-0.08,4.5,4.58
1712345308.1452,481.0,25.985,-0.08,4.5,4.58
1712345308.2453,482.0,27.273,-0.08,4.5,4.58
1712345308.3455,483.0,26.777,-0.09,4.5,4.59
1712345308.4455,484.0,26.361,-0.09,4.5,4.59
1712345308.5458,485.0,25.935,-0.09,4.5,4.59
1712345308.6458,486.0,27.476,-0.08,4.5,4.58
1712345308.746,487.0,26.986,-0.08,4.5,4.58
1712345308.8461,488.0,26.484,-0.07,4.5,4.57
1712345308.9462,489.0,26.095,-0.06,4.5,4.56
1712345309.0467,490.0,28.017,-0.05,4.5,4.55
1712345309.1466,491.0,27.583,-0.04,4.5,4.54
1712345309.2467,492.0,27.099,-0.03,4.5,4.53
1712345309.3469,493.0,26.648,-0.02,4.5,4.52
1712345309.4473,494.0,26.324,-0.0,4.5,4.5
1712345309.5471,495.0,25.853,0.01,4.5,4.49
1712345309.6548,496.0,27.402,0.02,4.5,4.48
1712345309.7491,497.0,26.967,0.03,4.5,4.47
1712345309.8491,498.0,26.471,0.04,4.5,4.46
1712345309.9493,499.0,26.065,0.05,4.5,4.45
1712345310.0494,500.0,27.62,0.07,4.5,4.43
1712345310.1495,501.0,27.091,0.08,4.5,4.42
1712345310.2499,502.0,26.733,0.08,4.5,4.42
1712345310.3499,503.0,26.274,0.1,4.5,4.4
1712345310.4575,504.0,27.842,0.11,4.5,4.39
1712345310.5504,505.0,27.411,0.12,4.5,4.38
1712345310.6504,506.0,26.994,0.12,4.5,4.38
1712345310.7507,507.0,26.576,0.14,4.5,4.36
1712345310.8508,508.0,26.052,0.15,4.5,4.35
1712345310.9509,509.0,27.627,0.16,4.5,4.34
1712345311.0511,510.0,27.194,0.16,4.5,4.34
1712345311.1512,511.0,26.777,0.17,4.5,4.33
1712345311.2514,512.0,26.383,0.17,4.5,4.33
1712345311.3516,513.0,27.92,0.17,4.5,4.33
1712345311.4517,514.0,27.557,0.18,4.5,4.32
1712345311.5518,515.0,27.122,0.17,4.5,4.33
1712345311.6519,516.0,26.615,0.17,4.5,4.33
1712345311.7521,517.0,26.197,0.17,4.5,4.33
1712345311.8522,518.0,27.779,0.17,4.5,4.33
1712345311.9524,519.0,27.373,0.16,4.5,4.34
1712345312.0525,520.0,26.917,0.15,4.5,4.35
1712345312.1527,521.0,26.481,0.15,4.5,4.35
1712345312.2529,522.0,28.07,0.15,4.5,4.35
1712345312.3531,523.0,27.646,0.14,4.5,4.36
1712345312.4531,524.0,27.208,0.14,4.5,4.36
1712345312.5533,525.0,26.745,0.13,4.5,4.37
1712345312.6534,526.0,26.344,0.13,4.5,4.37
1712345312.7537,527.0,27.916,0.13,4.5,4.37
1712345312.8538,528.0,27.461,0.12,4.5,4.38
1712345312.9898,529.0,27.018,0.11,4.5,4.39
1712345313.0542,530.0,26.581,0.11,4.5,4.39
1712345313.1545,531.0,28.135,0.11,4.5,4.39
1712345313.2547,532.0,27.736,0.09,4.5,4.41
1712345313.3548,533.0,27.276,0.08,4.5,4.42
1712345313.4549,534.0,26.821,0.08,4.5,4.42
1712345313.5552,535.0,26.422,0.08,4.5,4.42
1712345313.6553,536.0,27.919,0.08,4.5,4.42
1712345313.7554,537.0,27.484,0.07,4.5,4.43
1712345313.8556,538.0,27.028,0.06,4.5,4.44
1712345313.9557,539.0,26.587,0.06,4.5,4.44
1712345314.0558,540.0,28.163,0.05,4.5,4.45
1712345314.1559,541.0,27.692,0.04,4.5,4.46
1712345314.256,542.0,27.226,0.04,4.5,4.46
1712345314.3561,543.0,26.83,0.04,4.5,4.46
1712345314.4563,544.0,28.336,0.03,4.5,4.47
1712345314.5565,545.0,27.907,0.03,4.5,4.47
1712345314.6566,546.0,27.402,0.02,4.5,4.48
1712345314.7568,547.0,27.007,0.02,4.5,4.48
1712345314.8569,548.0,26.575,0.01,4.5,4.49
1712345314.957,549.0,28.115,0.01,4.5,4.49
1712345315.0577,550.0,27.657,-0.0,4.5,4.5
1712345315.1577,551.0,27.14,-0.01,4.5,4.51
1712345315.262,552.0,26.674,-0.01,4.5,4.51
1712345315.3581,553.0,28.231,-0.01,4.5,4.51
1712345315.4583,554.0,27.844,-0.02,4.5,4.52
1712345315.5584,555.0,27.345,-0.02,4.5,4.52
1712345315.6585,556.0,26.876,-0.02,4.5,4.52
1712345315.7586,557.0,26.468,-0.03,4.5,4.53
1712345315.8588,558.0,27.984,-0.04,4.5,4.54
1712345315.9589,559.0,27.487,-0.04,4.5,4.54
1712345316.0591,560.0,27.077,-0.04,4.5,4.54
1712345316.1592,561.0,26.66,-0.05,4.5,4.55
1712345316.2836,562.0,28.114,-0.05,4.5,4.55
1712345316.3597,563.0,27.697,-0.06,4.5,4.56
1712345316.4598,564.0,27.193,-0.06,4.5,4.56
1712345316.5599,565.0,26.787,-0.06,4.5,4.56
1712345316.6601,566.0,28.29,-0.06,4.5,4.56
1712345316.7602,567.0,27.869,-0.08,4.5,4.58
1712345316.8603,568.0,27.371,-0.08,4.5,4.58
1712345316.9605,569.0,26.939,-0.08,4.5,4.58
1712345317.0606,570.0,26.494,-0.08,4.5,4.58
1712345317.1608,571.0,28.021,-0.08,4.5,4.58
1712345317.2609,572.0,27.562,-0.08,4.5,4.58
1712345317.361,573.0,27.026,-0.08,4.5,4.58
1712345317.4612,574.0,26.633,-0.08,4.5,4.58
1712345317.563,575.0,29.401,-0.09,4.5,4.59
1712345317.6615,576.0,28.901,-0.08,4.5,4.58
1712345317.7616,577.0,28.448,-0.08,4.5,4.58
1712345317.8617,578.0,28.035,-0.08,4.5,4.58
1712345317.9618,579.0,27.542,-0.08,4.5,4.58
1712345318.0619,580.0,27.104,-0.08,4.5,4.58
1712345318.1621,581.0,26.666,-0.08,4.5,4.58
1712345318.2657,582.0,28.105,-0.09,4.5,4.59
1712345318.3626,583.0,27.613,-0.08,4.5,4.58
1712345318.4627,584.0,27.242,-0.09,4.5,4.59
1712345318.5628,585.0,26.742,-0.09,4.5,4.59
1712345318.6629,586.0,26.277,-0.09,4.5,4.59
1712345318.763,587.0,27.743,-0.09,4.5,4.59
1712345318.8633,588.0,27.237,-0.09,4.5,4.59
1712345318.9634,589.0,26.836,-0.1,4.5,4.6
1712345319.0636,590.0,26.27,-0.1,4.5,4.6
1712345319.1637,591.0,27.705,-0.11,4.5,4.61
1712345319.2638,592.0,27.299,-0.12,4.5,4.62
1712345319.3639,593.0,26.76,-0.11,4.5,4.61
1712345319.464,594.0,26.348,-0.11,4.5,4.61
1712345319.5642,595.0,27.718,-0.1,4.5,4.6
1712345319.6913,596.0,27.262,-0.1,4.5,4.6
1712345319.765,597.0,26.8,-0.09,4.5,4.59
1712345319.8651,598.0,26.367,-0.09,4.5,4.59
1712345319.9652,599.0,27.772,-0.09,4.5,4.59
1712345320.0655,600.0,27.302,-0.08,4.5,4.58
1712345320.1656,601.0,26.845,-0.07,4.5,4.57
1712345320.2657,602.0,26.334,-0.06,4.5,4.56
1712345320.3762,603.0,28.156,-0.05,4.5,4.55
1712345320.4681,604.0,27.658,-0.05,4.5,4.55
1712345320.5663,605.0,27.246,-0.04,4.5,4.54
1712345320.6667,606.0,26.821,-0.03,4.5,4.53
1712345320.7668,607.0,26.298,-0.02,4.5,4.52
1712345320.8703,608.0,27.798,-0.02,4.5,4.52
1712345320.9672,609.0,27.351,-0.02,4.5,4.52
1712345321.0677,610.0,26.846,-0.01,4.5,4.51
1712345321.1676,611.0,26.406,-0.0,4.5,4.5
1712345321.2677,612.0,27.58,0.01,4.5,4.49
1712345321.3679,613.0,27.224,0.01,4.5,4.49
1712345321.4681,614.0,26.765,0.01,4.5,4.49
1712345321.5682,615.0,26.319,0.02,4.5,4.48
1712345321.6683,616.0,28.994,0.03,4.5,4.47
1712345321.7685,617.0,28.598,0.03,4.5,4.47
1712345321.8757,618.0,28.124,0.03,4.5,4.47
1712345321.969,619.0,27.764,0.04,4.5,4.46
1712345322.069,620.0,27.304,0.05,4.5,4.45
1712345322.1693,621.0,26.831,0.05,4.5,4.45
1712345322.2693,622.0,26.383,0.04,4.5,4.46
1712345322.3694,623.0,25.994,0.04,4.5,4.46
1712345322.4696,624.0,27.089,0.04,4.5,4.46
1712345322.5698,625.0,26.653,0.04,4.5,4.46
1712345322.6698,626.0,26.261,0.03,4.5,4.47
1712345322.7701,627.0,25.821,0.02,4.5,4.48
1712345322.8702,628.0,26.945,0.02,4.5,4.48
1712345322.9704,629.0,26.514,0.01,4.5,4.49
1712345323.0707,630.0,25.969,0.01,4.5,4.49
1712345323.1708,631.0,25.644,0.0,4.5,4.5
1712345323.271,632.0,26.728,0.01,4.5,4.49
1712345323.3711,633.0,26.318,0.0,4.5,4.5
1712345323.4713,634.0,25.871,0.01,4.5,4.49
1712345323.5714,635.0,25.446,0.01,4.5,4.49
1712345323.6716,636.0,28.188,0.02,4.5,4.48
1712345323.7717,637.0,27.728,0.03,4.5,4.47
1712345323.9037,638.0,27.307,0.04,4.5,4.46
1712345323.9723,639.0,26.891,0.05,4.5,4.45
1712345324.0724,640.0,26.486,0.06,4.5,4.44
1712345324.1725,641.0,26.058,0.08,4.5,4.42
1712345324.2726,642.0,25.671,0.08,4.5,4.42
1712345324.3727,643.0,25.238,0.09,4.5,4.41
1712345324.4728,644.0,26.429,0.1,4.5,4.4
1712345324.5729,645.0,26.056,0.11,4.5,4.39
1712345324.673,646.0,25.659,0.13,4.5,4.37
1712345324.7923,647.0,25.107,0.14,4.5,4.36
1712345324.8735,648.0,27.051,0.14,4.5,4.36
1712345324.9736,649.0,26.619,0.15,4.5,4.35
1712345325.0737,650.0,26.199,0.17,4.5,4.33
1712345325.1738,651.0,25.916,0.18,4.5,4.32
1712345325.2764,652.0,25.506,0.18,4.5,4.32
1712345325.3741,653.0,25.107,0.19,4.5,4.31
1712345325.4742,654.0,27.103,0.2,4.5,4.3
1712345325.5743,655.0,26.624,0.21,4.5,4.29
1712345325.6744,656.0,26.281,0.21,4.5,4.29
1712345325.7745,657.0,25.945,0.23,4.5,4.27
1712345325.8747,658.0,25.533,0.23,4.5,4.27
1712345325.9749,659.0,25.133,0.24,4.5,4.26
1712345326.075,660.0,24.744,0.25,4.5,4.25
1712345326.1751,661.0,26.19,0.25,4.5,4.25
1712345326.2752,662.0,25.733,0.27,4.5,4.23
1712345326.3753,663.0,25.391,0.27,4.5,4.23
1712345326.4755,664.0,25.012,0.28,4.5,4.22
1712345326.5756,665.0,26.411,0.29,4.5,4.21
1712345326.6757,666.0,26.072,0.29,4.5,4.21
1712345326.7758,667.0,25.681,0.3,4.5,4.2
1712345326.8759,668.0,25.345,0.31,4.5,4.19
1712345326.9764,669.0,24.946,0.32,4.5,4.18
1712345327.0765,670.0,23.748,0.31,4.5,4.19
1712345327.1766,671.0,23.39,0.33,4.5,4.17
1712345327.2767,672.0,24.838,0.33,4.5,4.17
1712345327.3768,673.0,24.458,0.34,4.5,4.16
1712345327.4769,674.0,24.113,0.34,4.5,4.16
1712345327.577,675.0,23.764,0.35,4.5,4.15
1712345327.6773,676.0,25.189,0.36,4.5,4.14
1712345327.7773,677.0,24.821,0.37,4.5,4.13
1712345327.8775,678.0,24.44,0.38,4.5,4.12
1712345327.9949,679.0,23.99,0.39,4.5,4.11
1712345328.0781,680.0,25.56,0.4,4.5,4.1
1712345328.1782,681.0,25.231,0.42,4.5,4.08
1712345328.2783,682.0,24.808,0.44,4.5,4.06
1712345328.3785,683.0,24.45,0.47,4.5,4.03
1712345328.4786,684.0,24.059,0.49,4.5,4.01
1712345328.5787,685.0,25.495,0.51,4.5,3.99
1712345328.6789,686.0,25.148,0.54,4.5,3.96
1712345328.779,687.0,24.804,0.55,4.5,3.95
1712345328.9035,688.0,24.396,0.58,4.5,3.92
1712345328.9796,689.0,25.779,0.6,4.5,3.9
1712345329.081,690.0,25.392,0.62,4.5,3.88
1712345329.1798,691.0,25.045,0.64,4.5,3.86
1712345329.2799,692.0,24.689,0.65,4.5,3.85
1712345329.3801,693.0,25.953,0.66,4.5,3.84
1712345329.4805,694.0,25.644,0.67,4.5,3.83
1712345329.5805,695.0,25.324,0.67,4.5,3.83
1712345329.6805,696.0,24.944,0.69,4.5,3.81
1712345329.7807,697.0,26.151,0.69,4.5,3.81
1712345329.8809,698.0,25.865,0.7,4.5,3.8
1712345329.9811,699.0,25.558,0.71,4.5,3.79
1712345330.0812,700.0,25.117,0.7,4.5,3.8
1712345330.1813,701.0,26.81,0.69,4.5,3.81
1712345330.2814,702.0,26.355,0.68,4.5,3.82
1712345330.3817,703.0,26.044,0.68,4.5,3.82
1712345330.4818,704.0,25.69,0.67,4.5,3.83
1712345330.582,705.0,27.807,0.65,4.5,3.85
1712345330.6821,706.0,27.541,0.64,4.5,3.86
1712345330.7822,707.0,27.172,0.61,4.5,3.89
1712345330.8823,708.0,26.805,0.59,4.5,3.91
1712345330.9824,709.0,26.455,0.58,4.5,3.92
1712345331.0825,710.0,26.037,0.55,4.5,3.95
1712345331.1827,711.0,30.024,0.54,4.5,3.96
1712345331.2828,712.0,29.711,0.51,4.5,3.99
1712345331.3829,713.0,29.298,0.48,4.5,4.02
1712345331.483,714.0,28.941,0.46,4.5,4.04
1712345331.5898,715.0,28.572,0.43,4.5,4.07
1712345331.6868,716.0,28.18,0.41,4.5,4.09
1712345331.7836,717.0,27.813,0.37,4.5,4.13
1712345331.8838,718.0,27.377,0.33,4.5,4.17
1712345331.9839,719.0,26.961,0.29,4.5,4.21
1712345332.0841,720.0,26.503,0.24,4.5,4.26
1712345332.1842,721.0,27.79,0.19,4.5,4.31
1712345332.2844,722.0,27.404,0.14,4.5,4.36
1712345332.3844,723.0,26.967,0.1,4.5,4.4
1712345332.4847,724.0,26.6,0.05,4.5,4.45
1712345332.5849,725.0,26.177,0.01,4.5,4.49
1712345332.685,726.0,25.715,-0.03,4.5,4.53
1712345332.7851,727.0,24.606,-0.07,4.5,4.57
1712345332.8853,728.0,24.155,-0.1,4.5,4.6
1712345332.9854,729.0,25.087,-0.12,4.5,4.62
1712345333.0854,730.0,24.649,-0.13,4.5,4.63
1712345333.1855,731.0,24.159,-0.14,4.5,4.64
1712345333.2857,732.0,23.728,-0.14,4.5,4.64
1712345333.3858,733.0,24.204,-0.13,4.5,4.63
1712345333.4859,734.0,23.724,-0.11,4.5,4.61
1712345333.5861,735.0,23.39,-0.1,4.5,4.6
1712345333.6862,736.0,23.893,-0.08,4.5,4.58
1712345333.7864,737.0,23.481,-0.04,4.5,4.54
1712345333.8865,738.0,22.987,-0.0,4.5,4.5
1712345333.9867,739.0,23.536,0.05,4.5,4.45
1712345334.0868,740.0,23.178,0.1,4.5,4.4
1712345334.187,741.0,22.745,0.15,4.5,4.35
1712345334.2872,742.0,23.243,0.21,4.5,4.29
1712345334.3873,743.0,22.847,0.26,4.5,4.24
1712345334.4875,744.0,22.439,0.31,4.5,4.19
1712345334.5877,745.0,22.98,0.36,4.5,4.14
1712345334.6878,746.0,22.602,0.41,4.5,4.09
1712345334.7879,747.0,22.247,0.46,4.5,4.04
1712345334.8881,748.0,22.777,0.51,4.5,3.99
1712345334.9883,749.0,22.432,0.56,4.5,3.94
1712345335.0883,750.0,22.123,0.61,4.5,3.89
1712345335.1884,751.0,21.73,0.65,4.5,3.85
1712345335.2886,752.0,22.262,0.7,4.5,3.8
1712345335.3887,753.0,21.972,0.75,4.5,3.75
1712345335.4888,754.0,21.644,0.8,4.5,3.7
1712345335.5891,755.0,22.211,0.84,4.5,3.66
1712345335.6892,756.0,21.942,0.89,4.5,3.61
1712345335.7893,757.0,21.609,0.93,4.5,3.57
1712345335.8895,758.0,22.285,0.98,4.5,3.52
1712345335.9896,759.0,21.962,1.04,4.5,3.46
1712345336.0898,760.0,21.715,1.07,4.5,3.43
1712345336.1899,761.0,21.398,1.12,4.5,3.38
1712345336.29,762.0,22.313,1.16,4.5,3.34
1712345336.3902,763.0,22.024,1.2,4.5,3.3
1712345336.4904,764.0,21.735,1.24,4.5,3.26
1712345336.5906,765.0,21.488,1.28,4.5,3.22
1712345336.6907,766.0,21.265,1.3,4.5,3.2
1712345336.7909,767.0,22.479,1.34,4.5,3.16
1712345336.8911,768.0,22.229,1.37,4.5,3.13
1712345336.9913,769.0,21.987,1.4,4.5,3.1
1712345337.0915,770.0,21.747,1.43,4.5,3.07
1712345337.1917,771.0,21.529,1.45,4.5,3.05
1712345337.2918,772.0,22.962,1.48,4.5,3.02
1712345337.392,773.0,22.772,1.5,4.5,3.0
1712345337.492,774.0,22.556,1.52,4.5,2.98
1712345337.5924,775.0,22.313,1.54,4.5,2.96
1712345337.6924,776.0,23.811,1.55,4.5,2.95
1712345337.7926,777.0,23.589,1.55,4.5,2.95
1712345337.8927,778.0,23.379,1.57,4.5,2.93
1712345337.9929,779.0,23.197,1.57,4.5,2.93
1712345338.093,780.0,23.008,1.58,4.5,2.92
1712345338.1931,781.0,24.659,1.59,4.5,2.91
1712345338.2932,782.0,24.491,1.58,4.5,2.92
1712345338.3933,783.0,24.297,1.57,4.5,2.93
1712345338.4936,784.0,24.12,1.55,4.5,2.95
1712345338.5939,785.0,25.778,1.53,4.5,2.97
1712345338.6941,786.0,25.558,1.5,4.5,3.0
1712345338.7941,787.0,25.298,1.48,4.5,3.02
1712345338.8942,788.0,25.015,1.44,4.5,3.06
1712345338.9945,789.0,24.693,1.41,4.5,3.09
1712345339.0946,790.0,26.354,1.37,4.5,3.13
1712345339.1979,791.0,25.849,1.28,4.5,3.22
1712345339.2971,792.0,25.588,1.23,4.5,3.27
1712345339.3965,793.0,25.287,1.19,4.5,3.31
1712345339.4976,794.0,24.952,1.14,4.5,3.36
1712345339.5966,795.0,26.606,1.09,4.5,3.41
1712345339.697,796.0,26.315,1.04,4.5,3.46
1712345339.7967,797.0,26.042,0.98,4.5,3.52
1712345339.8969,798.0,25.708,0.93,4.5,3.57
1712345339.9968,799.0,29.138,0.88,4.5,3.62
1712345340.0988,800.0,28.834,0.83,4.5,3.67
1712345340.1968,801.0,28.485,0.78,4.5,3.72
1712345340.2969,802.0,28.066,0.74,4.5,3.76
1712345340.397,803.0,27.691,0.68,4.5,3.82
1712345340.497,804.0,27.345,0.65,4.5,3.85
1712345340.5971,805.0,26.985,0.59,4.5,3.91
1712345340.6976,806.0,26.62,0.55,4.5,3.95
1712345340.7974,807.0,26.254,0.5,4.5,4.0
1712345340.8975,808.0,27.837,0.45,4.5,4.05
1712345340.9978,809.0,27.472,0.4,4.5,4.1
1712345341.0978,810.0,27.096,0.35,4.5,4.15
1712345341.1979,811.0,26.702,0.3,4.5,4.2
1712345341.2981,812.0,28.434,0.26,4.5,4.24
1712345341.3983,813.0,28.048,0.21,4.5,4.29
1712345341.4984,814.0,27.646,0.17,4.5,4.33
1712345341.5985,815.0,27.212,0.13,4.5,4.37
1712345341.6986,816.0,26.786,0.11,4.5,4.39
1712345341.7995,817.0,28.353,0.08,4.5,4.42
1712345341.8995,818.0,27.96,0.05,4.5,4.45
1712345341.9996,819.0,27.496,0.03,4.5,4.47
1712345342.0998,820.0,27.072,0.01,4.5,4.49
1712345342.2,821.0,28.643,-0.01,4.5,4.51
1712345342.3001,822.0,28.218,-0.03,4.5,4.53
1712345342.4001,823.0,27.744,-0.05,4.5,4.55
1712345342.5002,824.0,27.313,-0.06,4.5,4.56
1712345342.6005,825.0,26.825,-0.08,4.5,4.58
1712345342.7005,826.0,28.418,-0.09,4.5,4.59
1712345342.8009,827.0,27.995,-0.11,4.5,4.61
1712345342.901,828.0,27.495,-0.12,4.5,4.62
1712345343.0012,829.0,27.033,-0.14,4.5,4.64
1712345343.1013,830.0,28.557,-0.14,4.5,4.64
1712345343.2014,831.0,28.16,-0.15,4.5,4.65
1712345343.3015,832.0,27.6,-0.16,4.5,4.66
1712345343.4723,833.0,26.858,-0.17,4.5,4.67
1712345343.5023,834.0,26.716,-0.17,4.5,4.67
1712345343.6024,835.0,28.301,-0.18,4.5,4.68
1712345343.7026,836.0,27.892,-0.18,4.5,4.68
1712345343.8027,837.0,27.365,-0.19,4.5,4.69
1712345343.9028,838.0,26.979,-0.19,4.5,4.69
1712345344.003,839.0,28.52,-0.19,4.5,4.69
1712345344.1032,840.0,28.052,-0.19,4.5,4.69
1712345344.2035,841.0,27.602,-0.19,4.5,4.69
1712345344.3036,842.0,27.15,-0.19,4.5,4.69
1712345344.4037,843.0,26.598,-0.19,4.5,4.69
1712345344.5038,844.0,28.209,-0.19,4.5,4.69
1712345344.6039,845.0,27.717,-0.18,4.5,4.68
1712345344.704,846.0,27.305,-0.19,4.5,4.69
1712345344.8041,847.0,26.846,-0.18,4.5,4.68
1712345344.9042,848.0,28.331,-0.18,4.5,4.68
1712345345.0044,849.0,27.878,-0.17,4.5,4.67
1712345345.1045,850.0,27.447,-0.17,4.5,4.67
1712345345.2048,851.0,26.934,-0.16,4.5,4.66
1712345345.3049,852.0,26.488,-0.17,4.5,4.67
1712345345.4051,853.0,27.988,-0.16,4.5,4.66
1712345345.5053,854.0,27.477,-0.16,4.5,4.66
1712345345.6055,855.0,27.09,-0.15,4.5,4.65
1712345345.7057,856.0,26.582,-0.15,4.5,4.65
1712345345.8058,857.0,28.099,-0.15,4.5,4.65
1712345345.906,858.0,27.647,-0.14,4.5,4.64
1712345346.0061,859.0,27.192,-0.15,4.5,4.65
1712345346.1062,860.0,26.646,-0.13,4.5,4.63
1712345346.2064,861.0,26.245,-0.13,4.5,4.63
1712345346.3065,862.0,27.714,-0.12,4.5,4.62
1712345346.4318,863.0,27.235,-0.12,4.5,4.62
1712345346.507,864.0,26.774,-0.12,4.5,4.62
1712345346.6071,865.0,26.394,-0.12,4.5,4.62
1712345346.7072,866.0,27.864,-0.1,4.5,4.6
1712345346.8073,867.0,27.406,-0.1,4.5,4.6
1712345346.9074,868.0,26.909,-0.09,4.5,4.59
1712345347.0076,869.0,26.521,-0.09,4.5,4.59
1712345347.1078,870.0,28.018,-0.08,4.5,4.58
1712345347.2084,871.0,27.514,-0.08,4.5,4.58
1712345347.3081,872.0,27.083,-0.07,4.5,4.57
1712345347.4082,873.0,26.616,-0.06,4.5,4.56
1712345347.5083,874.0,26.194,-0.06,4.5,4.56
1712345347.6085,875.0,27.679,-0.05,4.5,4.55
1712345347.7087,876.0,27.193,-0.04,4.5,4.54
1712345347.8093,877.0,26.78,-0.03,4.5,4.53
1712345347.9092,878.0,26.313,-0.03,4.5,4.53
1712345348.0094,879.0,27.869,-0.02,4.5,4.52
1712345348.1095,880.0,27.426,-0.02,4.5,4.52
1712345348.2096,881.0,26.935,-0.01,4.5,4.51
1712345348.3097,882.0,26.505,0.0,4.5,4.5
1712345348.4098,883.0,28.686,-0.0,4.5,4.5
1712345348.5101,884.0,28.295,0.01,4.5,4.49
1712345348.6102,885.0,27.851,0.01,4.5,4.49
1712345348.7103,886.0,27.378,0.02,4.5,4.48
1712345348.8104,887.0,26.915,0.02,4.5,4.48
1712345348.9106,888.0,26.396,0.03,4.5,4.47
1712345349.0108,889.0,28.055,0.03,4.5,4.47
1712345349.1109,890.0,27.501,0.04,4.5,4.46
1712345349.211,891.0,27.132,0.04,4.5,4.46
1712345349.3141,892.0,26.756,0.03,4.5,4.47
1712345349.4112,893.0,26.136,0.03,4.5,4.47
1712345349.5115,894.0,27.742,0.03,4.5,4.47
1712345349.6116,895.0,27.311,0.03,4.5,4.47
1712345349.7117,896.0,26.879,0.02,4.5,4.48
1712345349.8118,897.0,26.44,0.02,4.5,4.48
1712345349.912,898.0,27.995,0.01,4.5,4.49
1712345350.0123,899.0,27.585,0.02,4.5,4.48
1712345350.1123,900.0,26.987,0.01,4.5,4.49
1712345350.2124,901.0,26.585,0.01,4.5,4.49
1712345350.3125,902.0,26.194,0.01,4.5,4.49
1712345350.4126,903.0,27.809,0.0,4.5,4.5
1712345350.5128,904.0,27.252,0.01,4.5,4.49
1712345350.6129,905.0,26.904,-0.01,4.5,4.51
1712345350.7146,906.0,26.402,-0.0,4.5,4.5
1712345350.8147,907.0,28.867,-0.0,4.5,4.5
1712345350.915,908.0,28.537,0.0,4.5,4.5
1712345351.0151,909.0,28.065,-0.01,4.5,4.51
1712345351.1152,910.0,27.609,-0.01,4.5,4.51
1712345351.2154,911.0,27.139,-0.01,4.5,4.51
1712345351.3155,912.0,26.694,-0.01,4.5,4.51
1712345351.4156,913.0,26.265,-0.0,4.5,4.5
1712345351.5158,914.0,27.737,-0.02,4.5,4.52
1712345351.6159,915.0,27.353,-0.01,4.5,4.51
1712345351.7161,916.0,26.874,-0.01,4.5,4.51
1712345351.8161,917.0,26.41,-0.01,4.5,4.51
1712345351.9162,918.0,27.981,-0.01,4.5,4.51
1712345352.0164,919.0,27.591,-0.01,4.5,4.51
1712345352.1165,920.0,27.133,-0.02,4.5,4.52
1712345352.2166,921.0,26.676,-0.02,4.5,4.52
1712345352.3167,922.0,26.233,-0.02,4.5,4.52
1712345352.4168,923.0,27.794,-0.02,4.5,4.52
1712345352.517,924.0,27.277,-0.02,4.5,4.52
1712345352.6201,925.0,26.738,-0.02,4.5,4.52
1712345352.7178,926.0,26.372,-0.02,4.5,4.52
1712345352.8177,927.0,27.895,-0.02,4.5,4.52
1712345352.9179,928.0,27.495,-0.02,4.5,4.52
1712345353.018,929.0,27.001,-0.03,4.5,4.53
1712345353.1181,930.0,26.629,-0.02,4.5,4.52
1712345353.2182,931.0,28.985,-0.03,4.5,4.53
1712345353.3185,932.0,28.542,-0.03,4.5,4.53
1712345353.4186,933.0,28.059,-0.02,4.5,4.52
1712345353.5434,934.0,27.43,-0.03,4.5,4.53
1712345353.6195,935.0,27.122,-0.02,4.5,4.52
1712345353.7196,936.0,26.697,-0.03,4.5,4.53
1712345353.8198,937.0,26.24,-0.02,4.5,4.52
1712345353.9237,938.0,27.801,-0.03,4.5,4.53
1712345354.0202,939.0,27.357,-0.02,4.5,4.52
1712345354.1204,940.0,26.908,-0.03,4.5,4.53
1712345354.2205,941.0,26.498,-0.03,4.5,4.53
1712345354.3207,942.0,28.108,-0.03,4.5,4.53
1712345354.4207,943.0,27.633,-0.03,4.5,4.53
1712345354.521,944.0,27.112,-0.03,4.5,4.53
1712345354.6212,945.0,26.685,-0.04,4.5,4.54
1712345354.7213,946.0,26.235,-0.04,4.5,4.54
1712345354.8214,947.0,27.763,-0.04,4.5,4.54
1712345354.9216,948.0,27.369,-0.04,4.5,4.54
1712345355.0217,949.0,26.96,-0.05,4.5,4.55
1712345355.1219,950.0,26.38,-0.04,4.5,4.54
1712345355.222,951.0,28.05,-0.04,4.5,4.54
1712345355.3221,952.0,27.586,-0.04,4.5,4.54
1712345355.4223,953.0,27.049,-0.04,4.5,4.54
1712345355.5226,954.0,26.693,-0.04,4.5,4.54
1712345355.6228,955.0,26.143,-0.04,4.5,4.54
1712345355.7229,956.0,27.76,-0.04,4.5,4.54
1712345355.823,957.0,27.172,-0.04,4.5,4.54
1712345355.9232,958.0,26.756,-0.04,4.5,4.54
1712345356.0233,959.0,26.353,-0.03,4.5,4.53
1712345356.1235,960.0,27.86,-0.04,4.5,4.54
1712345356.2237,961.0,27.424,-0.03,4.5,4.53
1712345356.3239,962.0,26.993,-0.03,4.5,4.53
1712345356.424,963.0,26.542,-0.03,4.5,4.53
1712345356.5241,964.0,28.048,-0.03,4.5,4.53
1712345356.6243,965.0,27.582,-0.03,4.5,4.53
1712345356.7244,966.0,27.086,-0.02,4.5,4.52
1712345356.8245,967.0,26.593,-0.03,4.5,4.53
1712345356.9247,968.0,26.336,-0.02,4.5,4.52
1712345357.0248,969.0,27.832,-0.02,4.5,4.52
1712345357.1251,970.0,27.322,-0.02,4.5,4.52
1712345357.2252,971.0,26.788,-0.02,4.5,4.52
1712345357.3253,972.0,26.521,-0.02,4.5,4.52
1712345357.4254,973.0,27.967,-0.02,4.5,4.52
1712345357.5255,974.0,27.415,-0.02,4.5,4.52
1712345357.6256,975.0,27.169,-0.02,4.5,4.52
1712345357.7258,976.0,26.626,-0.02,4.5,4.52
1712345357.8259,977.0,26.046,-0.02,4.5,4.52
1712345357.9261,978.0,27.788,-0.01,4.5,4.51
1712345358.0264,979.0,27.282,-0.01,4.5,4.51
1712345358.1264,980.0,26.79,-0.01,4.5,4.51
1712345358.2266,981.0,26.312,-0.01,4.5,4.51
1712345358.3268,982.0,27.81,-0.01,4.5,4.51
1712345358.4269,983.0,27.338,-0.0,4.5,4.5
1712345358.527,984.0,27.111,-0.0,4.5,4.5
1712345358.6272,985.0,26.668,-0.0,4.5,4.5
1712345358.7273,986.0,26.005,-0.0,4.5,4.5
1712345358.8275,987.0,27.574,-0.0,4.5,4.5
1712345358.9277,988.0,27.159,0.0,4.5,4.5
1712345359.0278,989.0,26.766,-0.0,4.5,4.5
1712345359.1279,990.0,26.361,0.0,4.5,4.5
1712345359.228,991.0,27.965,-0.01,4.5,4.51
1712345359.3281,992.0,27.411,0.0,4.5,4.5
1712345359.4283,993.0,27.042,0.0,4.5,4.5
1712345359.5284,994.0,26.499,0.0,4.5,4.5
1712345359.6285,995.0,26.168,0.0,4.5,4.5
1712345359.7287,996.0,27.641,0.0,4.5,4.5
1712345359.829,997.0,27.173,0.01,4.5,4.49
1712345359.9291,998.0,26.706,0.01,4.5,4.49
1712345360.0293,999.0,26.362,0.01,4.5,4.49
1712345360.1294,1000.0,27.769,0.0,4.5,4.5
1712345360.2295,1001.0,27.355,0.01,4.5,4.49
1712345360.3297,1002.0,26.937,0.01,4.5,4.49
1712345360.4298,1003.0,26.499,0.01,4.5,4.49
1712345360.5299,1004.0,28.104,0.01,4.5,4.49
1712345360.63,1005.0,27.551,0.01,4.5,4.49
1712345360.7302,1006.0,27.196,0.02,4.5,4.48
1712345360.8304,1007.0,26.699,0.01,4.5,4.49
1712345360.9304,1008.0,26.294,0.01,4.5,4.49
1712345361.0305,1009.0,27.754,0.02,4.5,4.48
1712345361.1307,1010.0,27.377,0.02,4.5,4.48
1712345361.2309,1011.0,26.858,0.02,4.5,4.48
1712345361.3311,1012.0,26.469,0.02,4.5,4.48
1712345361.4313,1013.0,28.054,0.02,4.5,4.48
1712345361.5314,1014.0,27.511,0.03,4.5,4.47
1712345361.6316,1015.0,27.084,0.03,4.5,4.47
1712345361.7322,1016.0,26.632,0.02,4.5,4.48
1712345361.9488,1017.0,26.171,0.02,4.5,4.48
1712345361.9568,1018.0,27.52,0.03,4.5,4.47
1712345362.0332,1019.0,27.352,0.03,4.5,4.47
1712345362.1334,1020.0,26.807,0.03,4.5,4.47
1712345362.2335,1021.0,26.416,0.03,4.5,4.47
1712345362.3336,1022.0,27.793,0.03,4.5,4.47
1712345362.4338,1023.0,27.401,0.03,4.5,4.47
1712345362.534,1024.0,27.007,0.03,4.5,4.47
1712345362.6341,1025.0,26.576,0.03,4.5,4.47
1712345362.7342,1026.0,28.203,0.03,4.5,4.47
1712345362.8345,1027.0,27.541,0.04,4.5,4.46
1712345362.9347,1028.0,27.11,0.04,4.5,4.46
1712345363.0347,1029.0,26.65,0.03,4.5,4.47
1712345363.1349,1030.0,26.202,0.04,4.5,4.46
1712345363.235,1031.0,28.157,0.03,4.5,4.47
1712345363.3351,1032.0,27.664,0.04,4.5,4.46
1712345363.437,1033.0,27.193,0.04,4.5,4.46
1712345363.5354,1034.0,26.722,0.04,4.5,4.46
1712345363.6356,1035.0,26.252,0.03,4.5,4.47
1712345363.7357,1036.0,24.236,0.04,4.5,4.46
1712345363.8358,1037.0,23.782,0.04,4.5,4.46
1712345363.9359,1038.0,23.268,0.04,4.5,4.46
1712345364.036,1039.0,25.02,0.04,4.5,4.46
1712345364.1362,1040.0,24.527,0.04,4.5,4.46
1712345364.2362,1041.0,24.05,0.04,4.5,4.46
1712345364.3364,1042.0,23.584,0.04,4.5,4.46
1712345364.4365,1043.0,23.139,0.05,4.5,4.45
1712345364.5366,1044.0,24.716,0.07,4.5,4.43
1712345364.6368,1045.0,24.322,0.09,4.5,4.41
1712345364.7452,1046.0,23.933,0.12,4.5,4.38
1712345364.8371,1047.0,23.357,0.15,4.5,4.35
1712345364.9373,1048.0,24.984,0.2,4.5,4.3
1712345365.0375,1049.0,24.633,0.25,4.5,4.25
1712345365.1377,1050.0,24.12,0.31,4.5,4.19
1712345365.238,1051.0,23.764,0.35,4.5,4.15
1712345365.3382,1052.0,25.396,0.4,4.5,4.1
1712345365.4384,1053.0,24.772,0.45,4.5,4.05
1712345365.5385,1054.0,24.461,0.49,4.5,4.01
1712345365.6386,1055.0,24.179,0.55,4.5,3.95
1712345365.7388,1056.0,23.735,0.58,4.5,3.92
1712345365.8389,1057.0,25.311,0.62,4.5,3.88
1712345365.9391,1058.0,24.907,0.66,4.5,3.84
1712345366.0392,1059.0,24.629,0.69,4.5,3.81
1712345366.1393,1060.0,24.229,0.72,4.5,3.78
1712345366.2394,1061.0,25.827,0.75,4.5,3.75
1712345366.3396,1062.0,25.397,0.76,4.5,3.74
1712345366.4397,1063.0,25.04,0.78,4.5,3.72
1712345366.5399,1064.0,24.678,0.8,4.5,3.7
1712345366.64,1065.0,24.31,0.81,4.5,3.69
1712345366.7402,1066.0,25.919,0.82,4.5,3.68
1712345366.8404,1067.0,25.552,0.82,4.5,3.68
1712345366.9406,1068.0,25.183,0.83,4.5,3.67
1712345367.0407,1069.0,24.831,0.84,4.5,3.66
1712345367.1409,1070.0,26.475,0.84,4.5,3.66
1712345367.2409,1071.0,26.089,0.83,4.5,3.67
1712345367.3411,1072.0,25.714,0.82,4.5,3.68
1712345367.4412,1073.0,25.339,0.81,4.5,3.69
1712345367.5413,1074.0,25.081,0.8,4.5,3.7
1712345367.6414,1075.0,26.628,0.78,4.5,3.72
1712345367.7416,1076.0,26.345,0.77,4.5,3.73
1712345367.8417,1077.0,25.928,0.75,4.5,3.75
1712345367.9418,1078.0,25.492,0.73,4.5,3.77
1712345368.042,1079.0,27.19,0.71,4.5,3.79
1712345368.1421,1080.0,26.72,0.69,4.5,3.81
1712345368.2422,1081.0,26.394,0.68,4.5,3.82
1712345368.3423,1082.0,26.023,0.65,4.5,3.85
1712345368.4424,1083.0,25.691,0.63,4.5,3.87
1712345368.5425,1084.0,27.225,0.61,4.5,3.89
1712345368.6427,1085.0,26.855,0.58,4.5,3.92
1712345368.7428,1086.0,26.481,0.55,4.5,3.95
1712345368.8429,1087.0,26.116,0.53,4.5,3.97
1712345368.9434,1088.0,26.18,0.51,4.5,3.99
1712345369.0436,1089.0,27.769,0.48,4.5,4.02
1712345369.1436,1090.0,27.367,0.46,4.5,4.04
1712345369.2438,1091.0,26.935,0.44,4.5,4.06
1712345369.3439,1092.0,26.487,0.41,4.5,4.09
1712345369.444,1093.0,26.077,0.4,4.5,4.1
1712345369.5443,1094.0,27.638,0.37,4.5,4.13
1712345369.6445,1095.0,27.361,0.34,4.5,4.16
1712345369.7446,1096.0,26.938,0.33,4.5,4.17
1712345369.8559,1097.0,26.285,0.31,4.5,4.19
1712345369.9453,1098.0,28.029,0.29,4.5,4.21
1712345370.0455,1099.0,27.595,0.27,4.5,4.23
1712345370.1456,1100.0,27.187,0.24,4.5,4.26
1712345370.2457,1101.0,26.776,0.22,4.5,4.28
1712345370.3459,1102.0,26.371,0.21,4.5,4.29
1712345370.4462,1103.0,27.741,0.18,4.5,4.32
1712345370.5464,1104.0,27.202,0.16,4.5,4.34
1712345370.6466,1105.0,26.837,0.14,4.5,4.36
1712345370.7468,1106.0,26.31,0.12,4.5,4.38
1712345370.847,1107.0,27.706,0.11,4.5,4.39
1712345370.9471,1108.0,27.208,0.09,4.5,4.41
1712345371.0472,1109.0,26.888,0.07,4.5,4.43
1712345371.1473,1110.0,26.408,0.05,4.5,4.45
1712345371.2474,1111.0,25.968,0.04,4.5,4.46
1712345371.3475,1112.0,28.201,0.03,4.5,4.47
1712345371.4477,1113.0,27.635,0.02,4.5,4.48
1712345371.5478,1114.0,27.247,0.01,4.5,4.49
1712345371.6479,1115.0,26.751,0.0,4.5,4.5
1712345371.7482,1116.0,26.391,0.0,4.5,4.5
1712345371.8483,1117.0,25.932,-0.0,4.5,4.5
1712345371.9484,1118.0,25.494,-0.01,4.5,4.51
1712345372.0486,1119.0,27.808,-0.0,4.5,4.5
1712345372.1487,1120.0,27.335,-0.0,4.5,4.5
1712345372.249,1121.0,26.89,-0.01,4.5,4.51
1712345372.3491,1122.0,26.484,-0.01,4.5,4.51
1712345372.4492,1123.0,25.991,-0.01,4.5,4.51
1712345372.5653,1124.0,25.556,0.01,4.5,4.49
1712345372.6497,1125.0,28.027,0.01,4.5,4.49
1712345372.7498,1126.0,27.595,0.01,4.5,4.49
1712345372.8501,1127.0,27.04,0.02,4.5,4.48
1712345372.9504,1128.0,26.737,0.03,4.5,4.47
1712345373.0504,1129.0,26.295,0.04,4.5,4.46
1712345373.1505,1130.0,25.899,0.05,4.5,4.45
1712345373.2506,1131.0,27.752,0.05,4.5,4.45
1712345373.3507,1132.0,27.357,0.06,4.5,4.44
1712345373.4508,1133.0,26.924,0.08,4.5,4.42
1712345373.551,1134.0,26.466,0.08,4.5,4.42
1712345373.6511,1135.0,26.068,0.09,4.5,4.41
1712345373.7512,1136.0,25.525,0.09,4.5,4.41
1712345373.8519,1137.0,27.091,0.11,4.5,4.39
1712345373.9518,1138.0,26.636,0.12,4.5,4.38
1712345374.0522,1139.0,26.251,0.12,4.5,4.38
1712345374.1522,1140.0,25.771,0.12,4.5,4.38
1712345374.2522,1141.0,27.362,0.12,4.5,4.38
1712345374.3524,1142.0,26.922,0.13,4.5,4.37
1712345374.4526,1143.0,26.49,0.14,4.5,4.36
1712345374.5527,1144.0,25.908,0.14,4.5,4.36
1712345374.6528,1145.0,25.552,0.14,4.5,4.36
1712345374.7529,1146.0,27.191,0.15,4.5,4.35
1712345374.8531,1147.0,26.738,0.16,4.5,4.34
1712345374.9532,1148.0,26.325,0.16,4.5,4.34
1712345375.0534,1149.0,25.831,0.16,4.5,4.34
1712345375.1763,1150.0,27.432,0.16,4.5,4.34
1712345375.2538,1151.0,27.027,0.16,4.5,4.34
1712345375.354,1152.0,26.576,0.17,4.5,4.33
1712345375.4609,1153.0,26.178,0.17,4.5,4.33
1712345375.5544,1154.0,25.703,0.18,4.5,4.32
1712345375.6546,1155.0,27.254,0.18,4.5,4.32
1712345375.7546,1156.0,26.873,0.18,4.5,4.32
1712345375.8548,1157.0,26.393,0.19,4.5,4.31
1712345375.955,1158.0,25.961,0.19,4.5,4.31
1712345376.0552,1159.0,27.496,0.19,4.5,4.31
1712345376.1555,1160.0,27.085,0.2,4.5,4.3
1712345376.2555,1161.0,26.664,0.2,4.5,4.3
1712345376.3556,1162.0,26.182,0.2,4.5,4.3
1712345376.4557,1163.0,25.811,0.21,4.5,4.29
1712345376.556,1164.0,27.184,0.21,4.5,4.29
1712345376.6568,1165.0,26.599,0.21,4.5,4.29
1712345376.7566,1166.0,26.461,0.21,4.5,4.29
1712345376.8567,1167.0,26.022,0.21,4.5,4.29
1712345376.9576,1168.0,27.953,0.21,4.5,4.29
1712345377.0571,1169.0,27.465,0.21,4.5,4.29
1712345377.1573,1170.0,27.16,0.21,4.5,4.29
1712345377.2574,1171.0,26.681,0.21,4.5,4.29
1712345377.3577,1172.0,26.338,0.2,4.5,4.3
1712345377.4608,1173.0,25.869,0.21,4.5,4.29
1712345377.5581,1174.0,28.524,0.21,4.5,4.29
1712345377.6582,1175.0,28.229,0.21,4.5,4.29
1712345377.7583,1176.0,27.79,0.21,4.5,4.29
1712345377.8584,1177.0,27.368,0.2,4.5,4.3
1712345377.9587,1178.0,26.99,0.2,4.5,4.3
1712345378.0588,1179.0,26.486,0.2,4.5,4.3
1712345378.159,1180.0,26.131,0.19,4.5,4.31
1712345378.2591,1181.0,27.619,0.18,4.5,4.32
1712345378.3593,1182.0,27.166,0.17,4.5,4.33
1712345378.4594,1183.0,26.847,0.16,4.5,4.34
1712345378.5596,1184.0,26.318,0.14,4.5,4.36
1712345378.6597,1185.0,24.655,0.13,4.5,4.37
1712345378.7598,1186.0,24.274,0.12,4.5,4.38
1712345378.86,1187.0,23.841,0.11,4.5,4.39
1712345378.9601,1188.0,25.308,0.1,4.5,4.4
1712345379.0603,1189.0,24.878,0.08,4.5,4.42
1712345379.1606,1190.0,24.487,0.07,4.5,4.43
1712345379.2608,1191.0,24.008,0.07,4.5,4.43
1712345379.3608,1192.0,23.61,0.08,4.5,4.42
1712345379.461,1193.0,25.791,0.09,4.5,4.41
1712345379.561,1194.0,25.39,0.1,4.5,4.4
1712345379.6611,1195.0,24.972,0.11,4.5,4.39
1712345379.7612,1196.0,24.483,0.14,4.5,4.36
1712345379.8614,1197.0,24.118,0.18,4.5,4.32
1712345379.9615,1198.0,23.62,0.22,4.5,4.28
1712345380.0617,1199.0,25.216,0.25,4.5,4.25
1712345380.1619,1200.0,24.82,0.29,4.5,4.21
1712345380.262,1201.0,24.38,0.33,4.5,4.17
1712345380.3622,1202.0,24.013,0.37,4.5,4.13
1712345380.4623,1203.0,25.602,0.41,4.5,4.09
1712345380.5624,1204.0,25.211,0.44,4.5,4.06
1712345380.6625,1205.0,24.817,0.47,4.5,4.03
1712345380.7626,1206.0,24.398,0.51,4.5,3.99
1712345380.8628,1207.0,25.884,0.54,4.5,3.96
1712345380.9629,1208.0,25.581,0.57,4.5,3.93
1712345381.063,1209.0,25.119,0.6,4.5,3.9
1712345381.1632,1210.0,24.805,0.62,4.5,3.88
1712345381.2634,1211.0,24.342,0.65,4.5,3.85
1712345381.3635,1212.0,25.976,0.67,4.5,3.83
1712345381.4636,1213.0,25.533,0.68,4.5,3.82
1712345381.5637,1214.0,25.237,0.7,4.5,3.8
1712345381.6638,1215.0,24.819,0.7,4.5,3.8
1712345381.764,1216.0,26.456,0.71,4.5,3.79
1712345381.8641,1217.0,26.015,0.72,4.5,3.78
1712345381.9643,1218.0,25.687,0.72,4.5,3.78
1712345382.1419,1219.0,25.309,0.73,4.5,3.77
1712345382.1667,1220.0,24.826,0.72,4.5,3.78
1712345382.2668,1221.0,24.585,0.71,4.5,3.79
1712345382.3669,1222.0,24.237,0.71,4.5,3.79
1712345382.4671,1223.0,23.792,0.69,4.5,3.81
1712345382.5675,1224.0,23.477,0.69,4.5,3.81
1712345382.6675,1225.0,23.085,0.67,4.5,3.83
1712345382.7676,1226.0,22.702,0.66,4.5,3.84
1712345382.8677,1227.0,22.378,0.65,4.5,3.85
1712345382.968,1228.0,22.047,0.63,4.5,3.87
1712345383.068,1229.0,21.642,0.62,4.5,3.88
1712345383.1681,1230.0,21.268,0.61,4.5,3.89
1712345383.2683,1231.0,20.91,0.61,4.5,3.89
1712345383.3684,1232.0,20.478,0.61,4.5,3.89
1712345383.4685,1233.0,20.111,0.63,4.5,3.87
1712345383.5688,1234.0,19.743,0.65,4.5,3.85
1712345383.6689,1235.0,19.395,0.68,4.5,3.82
1712345383.769,1236.0,18.987,0.72,4.5,3.78
1712345383.8691,1237.0,18.602,0.76,4.5,3.74
1712345383.9693,1238.0,18.26,0.81,4.5,3.69
1712345384.0694,1239.0,17.895,0.86,4.5,3.64
1712345384.1695,1240.0,17.584,0.91,4.5,3.59
1712345384.2696,1241.0,17.195,0.95,4.5,3.55
1712345384.3698,1242.0,16.859,1.0,4.5,3.5
1712345384.4699,1243.0,16.5,1.05,4.5,3.45
1712345384.5701,1244.0,16.2,1.12,4.5,3.38
1712345384.6703,1245.0,15.858,1.2,4.5,3.3
1712345384.7705,1246.0,15.528,1.27,4.5,3.23
1712345384.8706,1247.0,15.164,1.36,4.5,3.14
1712345384.9708,1248.0,14.884,1.44,4.5,3.06
1712345385.0709,1249.0,14.619,1.53,4.5,2.97
1712345385.171,1250.0,14.357,1.62,4.5,2.88
1712345385.271,1251.0,14.032,1.72,4.5,2.78
1712345385.3712,1252.0,13.798,1.81,4.5,2.69
1712345385.4713,1253.0,13.501,1.9,4.5,2.6
1712345385.598,1254.0,13.281,1.97,4.5,2.53
1712345385.6724,1255.0,13.003,2.06,4.5,2.44
1712345385.8046,1256.0,12.741,2.13,4.5,2.37
1712345385.8725,1257.0,12.515,2.21,4.5,2.29
1712345385.9726,1258.0,12.364,2.28,4.5,2.22
1712345386.0727,1259.0,12.121,2.35,4.5,2.15
1712345386.1729,1260.0,11.953,2.42,4.5,2.08
1712345386.2731,1261.0,11.731,2.48,4.5,2.02
1712345386.3732,1262.0,11.528,2.53,4.5,1.97
1712345386.4734,1263.0,11.331,2.59,4.5,1.91
1712345386.5735,1264.0,11.154,2.65,4.5,1.85
1712345386.6737,1265.0,10.974,2.71,4.5,1.79
1712345386.7738,1266.0,10.796,2.76,4.5,1.74
1712345386.8739,1267.0,10.662,2.81,4.5,1.69
1712345386.9741,1268.0,10.48,2.85,4.5,1.65
1712345387.0743,1269.0,10.34,2.9,4.5,1.6
1712345387.1744,1270.0,10.192,2.95,4.5,1.55
1712345387.2746,1271.0,10.043,2.99,4.5,1.51
1712345387.3747,1272.0,9.88,3.04,4.5,1.46
1712345387.4748,1273.0,9.717,3.08,4.5,1.42
1712345387.5749,1274.0,9.607,3.12,4.5,1.38
1712345387.675,1275.0,9.485,3.16,4.5,1.34
1712345387.7752,1276.0,9.362,3.21,4.5,1.29
1712345387.8753,1277.0,9.237,3.26,4.5,1.24
1712345387.9756,1278.0,9.095,3.3,4.5,1.2
1712345388.0758,1279.0,8.955,3.35,4.5,1.15
1712345388.1758,1280.0,8.884,3.39,4.5,1.11
1712345388.276,1281.0,8.738,3.44,4.5,1.06
1712345388.3761,1282.0,8.664,3.49,4.5,1.01
1712345388.4762,1283.0,8.582,3.56,4.5,0.94
1712345388.5763,1284.0,8.505,3.61,4.5,0.89
1712345388.6765,1285.0,8.42,3.67,4.5,0.83
1712345388.7766,1286.0,8.334,3.74,4.5,0.76
1712345388.8767,1287.0,8.25,3.87,4.5,0.63
1712345388.9768,1288.0,8.161,3.94,4.5,0.56
1712345389.077,1289.0,8.161,3.94,4.5,0.56
1712345389.1772,1290.0,8.072,4.03,4.5,0.47
1712345389.2773,1291.0,8.072,4.19,4.5,0.31
1712345389.3774,1292.0,8.072,4.29,4.5,0.21
1712345389.4775,1293.0,7.992,4.35,4.5,0.15
1712345389.5777,1294.0,7.992,4.5,4.5,0.0
1712345389.6778,1295.0,7.992,4.5,4.5,0.0
1712345389.778,1296.0,7.992,4.5,4.5,0.0
1712345389.8782,1297.0,7.992,4.5,4.5,0.0
1712345389.9783,1298.0,7.992,4.5,4.5,0.0
1712345390.0785,1299.0,7.992,4.5,4.5,0.0
1712345390.197,1300.0,7.992,4.5,4.5,0.0
1712345390.2789,1301.0,7.992,4.5,4.5,0.0
1712345390.3791,1302.0,7.992,4.5,4.5,0.0
1712345390.4797,1303.0,7.992,4.5,4.5,0.0
1712345390.5794,1304.0,7.992,4.5,4.5,0.0
1712345390.6795,1305.0,7.992,4.5,4.5,0.0
1712345390.7797,1306.0,7.992,4.5,4.5,0.0
1712345390.8799,1307.0,7.992,4.5,4.5,0.0
1712345390.98,1308.0,7.992,4.5,4.5,0.0
1712345391.0801,1309.0,7.992,4.5,4.5,0.0
1712345391.1802,1310.0,7.992,4.5,4.5,0.0
1712345391.2989,1311.0,7.992,4.5,4.5,0.0
1712345391.3807,1312.0,7.992,4.5,4.5,0.0
1712345391.4809,1313.0,7.992,4.5,4.5,0.0
1712345391.581,1314.0,7.992,4.5,4.5,0.0
1712345391.6813,1315.0,7.992,4.5,4.5,0.0
1712345391.7814,1316.0,7.992,4.5,4.5,0.0
1712345391.8816,1317.0,7.992,4.5,4.5,0.0
1712345391.9817,1318.0,7.992,4.5,4.5,0.0
1712345392.0818,1319.0,7.992,4.5,4.5,0.0
1712345392.182,1320.0,7.992,4.5,4.5,0.0
1712345392.2821,1321.0,7.992,4.5,4.5,0.0
1712345392.3823,1322.0,7.992,4.5,4.5,0.0
1712345392.4824,1323.0,7.992,4.5,4.5,0.0
1712345392.5825,1324.0,7.992,4.5,4.5,0.0
1712345392.6826,1325.0,7.992,4.5,4.5,0.0
1712345392.7827,1326.0,7.992,4.5,4.5,0.0
1712345392.8828,1327.0,7.992,4.5,4.5,0.0
1712345392.9829,1328.0,7.992,4.5,4.5,0.0
1712345393.083,1329.0,7.992,4.5,4.5,0.0
1712345393.1831,1330.0,7.992,4.5,4.5,0.0
1712345393.2834,1331.0,7.992,4.5,4.5,0.0
1712345393.3835,1332.0,7.992,4.5,4.5,0.0
1712345393.4836,1333.0,7.992,4.5,4.5,0.0
1712345393.5837,1334.0,7.992,4.5,4.5,0.0
1712345393.6838,1335.0,7.992,4.5,4.5,0.0
1712345393.784,1336.0,7.992,4.5,4.5,0.0
1712345393.8842,1337.0,7.992,4.5,4.5,0.0
1712345393.9844,1338.0,7.992,4.5,4.5,0.0
1712345394.0845,1339.0,7.992,4.5,4.5,0.0
1712345394.1846,1340.0,7.992,4.5,4.5,0.0
1712345394.2848,1341.0,7.992,4.5,4.5,0.0
1712345394.3849,1342.0,7.992,4.5,4.5,0.0
1712345394.4851,1343.0,7.992,4.5,4.5,0.0
1712345394.5852,1344.0,7.992,4.5,4.5,0.0
1712345394.6854,1345.0,7.992,4.5,4.5,0.0
1712345394.7856,1346.0,7.992,4.5,4.5,0.0
1712345394.8858,1347.0,7.992,4.5,4.5,0.0
1712345394.986,1348.0,7.992,4.5,4.5,0.0
1712345395.0861,1349.0,7.992,4.5,4.5,0.0
1712345395.1863,1350.0,7.992,4.5,4.5,0.0
1712345395.2928,1351.0,7.992,4.5,4.5,0.0
1712345395.3872,1352.0,7.992,4.5,4.5,0.0
1712345395.4875,1353.0,7.992,4.5,4.5,0.0
1712345395.5877,1354.0,7.992,4.5,4.5,0.0
1712345395.6878,1355.0,7.992,4.5,4.5,0.0
1712345395.7879,1356.0,7.992,4.5,4.5,0.0
1712345395.888,1357.0,7.992,4.5,4.5,0.0
1712345395.9882,1358.0,7.992,4.5,4.5,0.0
1712345396.0883,1359.0,7.992,4.5,4.5,0.0
1712345396.1884,1360.0,7.992,4.5,4.5,0.0
1712345396.2885,1361.0,7.992,4.5,4.5,0.0
1712345396.3887,1362.0,7.992,4.5,4.5,0.0
1712345396.4888,1363.0,7.992,4.5,4.5,0.0
1712345396.5889,1364.0,7.992,4.5,4.5,0.0
1712345396.6891,1365.0,7.992,4.5,4.5,0.0
1712345396.7896,1366.0,7.992,4.5,4.5,0.0
1712345396.8898,1367.0,7.992,4.5,4.5,0.0
1712345396.9899,1368.0,7.992,4.5,4.5,0.0
1712345397.0901,1369.0,7.992,4.5,4.5,0.0
1712345397.1916,1370.0,7.992,4.5,4.5,0.0
1712345397.2903,1371.0,7.992,4.5,4.5,0.0
1712345397.3913,1372.0,7.992,4.5,4.5,0.0
1712345397.4906,1373.0,7.992,4.5,4.5,0.0
1712345397.593,1374.0,7.992,4.5,4.5,0.0
1712345397.6928,1375.0,7.992,4.5,4.5,0.0
1712345397.7939,1376.0,7.992,4.5,4.5,0.0
1712345397.8936,1377.0,7.992,4.5,4.5,0.0
1712345397.9938,1378.0,7.992,4.5,4.5,0.0
1712345398.0933,1379.0,7.992,4.5,4.5,0.0
1712345398.1938,1380.0,7.992,4.5,4.5,0.0
1712345398.2935,1381.0,7.992,4.5,4.5,0.0
1712345398.3941,1382.0,7.992,4.5,4.5,0.0
1712345398.4938,1383.0,7.992,4.5,4.5,0.0
1712345398.5939,1384.0,7.992,4.5,4.5,0.0
1712345398.694,1385.0,7.992,4.5,4.5,0.0
1712345398.7941,1386.0,7.992,4.5,4.5,0.0
1712345398.8942,1387.0,7.992,4.5,4.5,0.0
1712345398.9943,1388.0,7.992,4.5,4.5,0.0
1712345399.0946,1389.0,7.992,4.5,4.5,0.0
1712345399.1946,1390.0,7.992,4.5,4.5,0.0
1712345399.2948,1391.0,7.992,4.5,4.5,0.0
1712345399.3949,1392.0,7.992,4.5,4.5,0.0
1712345399.4949,1393.0,7.992,4.5,4.5,0.0
1712345399.5951,1394.0,7.992,4.5,4.5,0.0
1712345399.7848,1395.0,7.992,4.5,4.5,0.0
1712345399.7959,1396.0,7.992,4.5,4.5,0.0
1712345399.8959,1397.0,7.992,4.5,4.5,0.0
1712345399.996,1398.0,7.992,4.5,4.5,0.0
1712345400.0961,1399.0,7.992,4.5,4.5,0.0
1712345400.1963,1400.0,7.992,4.5,4.5,0.0
1712345400.2964,1401.0,7.992,4.5,4.5,0.0
1712345400.3966,1402.0,7.992,4.5,4.5,0.0
1712345400.4966,1403.0,7.992,4.5,4.5,0.0
1712345400.5971,1404.0,7.992,4.5,4.5,0.0
1712345400.697,1405.0,7.992,4.5,4.5,0.0
1712345400.7971,1406.0,7.992,4.5,4.5,0.0
1712345400.8972,1407.0,7.992,4.5,4.5,0.0
1712345400.9973,1408.0,7.992,4.5,4.5,0.0
1712345401.0975,1409.0,7.992,4.5,4.5,0.0
1712345401.1979,1410.0,7.992,4.5,4.5,0.0
1712345401.298,1411.0,7.992,4.5,4.5,0.0
1712345401.3982,1412.0,7.992,4.5,4.5,0.0
1712345401.4984,1413.0,7.992,4.5,4.5,0.0
1712345401.5986,1414.0,7.992,4.5,4.5,0.0
1712345401.6987,1415.0,7.992,4.5,4.5,0.0
1712345401.7989,1416.0,7.992,4.5,4.5,0.0
1712345401.8992,1417.0,7.992,4.5,4.5,0.0
1712345401.9991,1418.0,7.992,4.5,4.5,0.0
1712345402.0993,1419.0,7.992,4.5,4.5,0.0
1712345402.1999,1420.0,7.992,4.5,4.5,0.0
1712345402.3001,1421.0,7.992,4.5,4.5,0.0
1712345402.4003,1422.0,7.992,4.5,4.5,0.0
1712345402.5004,1423.0,7.992,4.5,4.5,0.0
1712345402.6006,1424.0,7.992,4.5,4.5,0.0
1712345402.7007,1425.0,7.992,4.5,4.5,0.0
1712345402.8035,1426.0,7.992,4.5,4.5,0.0
1712345402.9009,1427.0,7.992,4.5,4.5,0.0
1712345403.0011,1428.0,7.992,4.5,4.5,0.0
1712345403.1013,1429.0,7.992,4.5,4.5,0.0
1712345403.2015,1430.0,7.992,4.5,4.5,0.0
1712345403.3015,1431.0,7.992,4.5,4.5,0.0
1712345403.4532,1432.0,7.992,4.5,4.5,0.0
1712345403.5022,1433.0,7.992,4.5,4.5,0.0
1712345403.6023,1434.0,7.992,4.5,4.5,0.0
1712345403.7024,1435.0,7.992,4.5,4.5,0.0
1712345403.8025,1436.0,7.992,4.5,4.5,0.0
1712345403.9027,1437.0,7.992,4.5,4.5,0.0
1712345404.0057,1438.0,7.992,4.5,4.5,0.0
1712345404.103,1439.0,7.992,4.5,4.5,0.0
1712345404.2269,1440.0,7.992,4.5,4.5,0.0
1712345404.3038,1441.0,7.992,4.5,4.5,0.0
1712345404.4264,1442.0,7.992,4.5,4.5,0.0
1712345404.5042,1443.0,7.992,4.5,4.5,0.0
1712345404.6043,1444.0,7.992,4.5,4.5,0.0
1712345404.7045,1445.0,7.992,4.5,4.5,0.0
1712345404.8055,1446.0,7.992,4.5,4.5,0.0
1712345404.9048,1447.0,7.992,4.5,4.5,0.0
1712345405.0051,1448.0,7.992,4.5,4.5,0.0
1712345405.1053,1449.0,7.992,4.5,4.5,0.0
1712345405.2054,1450.0,7.992,4.5,4.5,0.0
1712345405.3054,1451.0,7.992,4.5,4.5,0.0
1712345405.4056,1452.0,7.992,4.5,4.5,0.0
1712345405.5057,1453.0,7.992,4.5,4.5,0.0
1712345405.606,1454.0,7.992,4.5,4.5,0.0
1712345405.7061,1455.0,7.992,4.5,4.5,0.0
1712345405.8062,1456.0,7.992,4.5,4.5,0.0
1712345405.9063,1457.0,7.992,4.5,4.5,0.0
1712345406.0065,1458.0,7.992,4.5,4.5,0.0
1712345406.1067,1459.0,7.992,4.5,4.5,0.0
1712345406.2067,1460.0,7.992,4.5,4.5,0.0
1712345406.3069,1461.0,7.992,4.5,4.5,0.0
1712345406.4071,1462.0,7.992,4.5,4.5,0.0
1712345406.5071,1463.0,7.992,4.5,4.5,0.0
1712345406.6073,1464.0,7.992,4.5,4.5,0.0
1712345406.7074,1465.0,7.992,4.5,4.5,0.0
1712345406.8075,1466.0,7.992,4.5,4.5,0.0
1712345406.9077,1467.0,7.992,4.5,4.5,0.0
1712345407.0079,1468.0,7.992,4.5,4.5,0.0
1712345407.108,1469.0,7.992,4.5,4.5,0.0
1712345407.2082,1470.0,7.992,4.5,4.5,0.0
1712345407.3083,1471.0,7.992,4.5,4.5,0.0
1712345407.4084,1472.0,7.992,4.5,4.5,0.0
1712345407.5085,1473.0,7.992,4.5,4.5,0.0
1712345407.6087,1474.0,7.992,4.5,4.5,0.0
1712345407.7088,1475.0,7.992,4.5,4.5,0.0
1712345407.809,1476.0,7.992,4.5,4.5,0.0
1712345407.9092,1477.0,7.992,4.5,4.5,0.0
1712345408.0093,1478.0,7.992,4.5,4.5,0.0
1712345408.1096,1479.0,7.992,4.5,4.5,0.0
1712345408.2098,1480.0,7.992,4.5,4.5,0.0
1712345408.31,1481.0,7.992,4.5,4.5,0.0
1712345408.4102,1482.0,7.992,4.5,4.5,0.0
1712345408.5103,1483.0,7.992,4.5,4.5,0.0
1712345408.6105,1484.0,7.992,4.5,4.5,0.0
1712345408.7106,1485.0,7.992,4.5,4.5,0.0
1712345408.8107,1486.0,7.992,4.5,4.5,0.0
1712345408.9108,1487.0,7.992,4.5,4.5,0.0
1712345409.011,1488.0,7.992,4.5,4.5,0.0
1712345409.1111,1489.0,7.992,4.5,4.5,0.0
1712345409.2112,1490.0,7.992,4.5,4.5,0.0
1712345409.3113,1491.0,7.992,4.5,4.5,0.0
1712345409.4115,1492.0,7.992,4.5,4.5,0.0
1712345409.5117,1493.0,7.992,4.5,4.5,0.0
1712345409.6119,1494.0,7.992,4.5,4.5,0.0
1712345409.7119,1495.0,7.992,4.5,4.5,0.0
1712345409.8121,1496.0,7.992,4.5,4.5,0.0
1712345409.9122,1497.0,7.992,4.5,4.5,0.0
1712345410.0124,1498.0,7.992,4.5,4.5,0.0
1712345410.1125,1499.0,7.992,4.5,4.5,0.0
1712345410.2126,1500.0,7.992,4.5,4.5,0.0
1712345410.3127,1501.0,7.992,4.5,4.5,0.0
1712345410.4128,1502.0,7.992,4.5,4.5,0.0
1712345410.5129,1503.0,7.992,4.5,4.5,0.0
1712345410.613,1504.0,7.992,4.5,4.5,0.0
1712345410.7786,1505.0,7.992,4.5,4.5,0.0
1712345410.8136,1506.0,7.992,4.5,4.5,0.0
1712345410.9137,1507.0,7.992,4.5,4.5,0.0
1712345411.0138,1508.0,7.992,4.5,4.5,0.0
1712345411.114,1509.0,7.992,4.5,4.5,0.0
1712345411.2141,1510.0,7.992,4.5,4.5,0.0
1712345411.3235,1511.0,7.992,4.5,4.5,0.0
1712345411.4143,1512.0,7.992,4.5,4.5,0.0
1712345411.5145,1513.0,7.992,4.5,4.5,0.0
1712345411.6146,1514.0,7.992,4.5,4.5,0.0
1712345411.7148,1515.0,7.992,4.5,4.5,0.0
1712345411.8149,1516.0,7.992,4.5,4.5,0.0
1712345411.915,1517.0,7.992,4.5,4.5,0.0
1712345412.0153,1518.0,7.992,4.5,4.5,0.0
1712345412.1154,1519.0,7.992,4.5,4.5,0.0
1712345412.2155,1520.0,7.992,4.5,4.5,0.0
1712345412.3156,1521.0,7.992,4.5,4.5,0.0
1712345412.4158,1522.0,7.992,4.5,4.5,0.0
1712345412.5159,1523.0,7.992,4.5,4.5,0.0
1712345412.6161,1524.0,7.992,4.5,4.5,0.0
1712345412.7163,1525.0,7.992,4.5,4.5,0.0
1712345412.8164,1526.0,7.992,4.5,4.5,0.0
1712345412.9229,1527.0,7.992,4.5,4.5,0.0
1712345413.0166,1528.0,7.992,4.5,4.5,0.0
1712345413.1168,1529.0,7.992,4.5,4.5,0.0
1712345413.2169,1530.0,7.992,4.5,4.5,0.0
1712345413.317,1531.0,7.992,4.5,4.5,0.0
1712345413.4171,1532.0,7.992,4.5,4.5,0.0
1712345413.5172,1533.0,7.992,4.5,4.5,0.0
1712345413.6174,1534.0,7.992,4.5,4.5,0.0
1712345413.7175,1535.0,7.992,4.5,4.5,0.0
1712345413.8176,1536.0,7.992,4.5,4.5,0.0
1712345413.9178,1537.0,7.992,4.5,4.5,0.0
1712345414.018,1538.0,7.992,4.5,4.5,0.0
1712345414.1181,1539.0,7.992,4.5,4.5,0.0
1712345414.2182,1540.0,7.992,4.5,4.5,0.0
1712345414.3183,1541.0,7.992,4.5,4.5,0.0
1712345414.4184,1542.0,7.992,4.5,4.5,0.0
1712345414.5186,1543.0,7.992,4.5,4.5,0.0
1712345414.6188,1544.0,7.992,4.5,4.5,0.0
1712345414.7189,1545.0,7.992,4.5,4.5,0.0
1712345414.819,1546.0,7.992,4.5,4.5,0.0
1712345414.9191,1547.0,7.992,4.5,4.5,0.0
1712345415.0193,1548.0,7.992,4.5,4.5,0.0
1712345415.1195,1549.0,7.992,4.5,4.5,0.0
1712345415.2197,1550.0,7.992,4.5,4.5,0.0
1712345415.3198,1551.0,7.992,4.5,4.5,0.0
1712345415.4199,1552.0,7.992,4.5,4.5,0.0
