timestamp_posix,msgCount,temporaryId,latitude,longitude,elevation,speed,heading,length,width
1696357942.3831458,37,ca62cd16,42.2994845,-83.6992433,233.0,125.0,358.5,314,159
1696357942.3858387,38,ca62cd16,42.2994957,-83.6992436,233.1,125.0,358.5,314,159
1696357942.4059749,39,ca62cd16,42.2995071,-83.6992439,233.1,125.0,358.6,314,159
1696357942.4088132,40,ca62cd16,42.2995183,-83.6992442,233.2,125.0,358.70000000000005,314,159
1696357942.415492,41,ca62cd16,42.2995296,-83.6992445,233.2,125.0,358.70000000000005,314,159
1696357942.4211993,42,ca62cd16,42.2995408,-83.6992448,233.3,125.0,358.8,314,159
1696357942.4239295,43,ca62cd16,42.2995522,-83.6992451,233.3,125.0,358.90000000000003,314,159
1696357942.429575,44,ca62cd16,42.2995634,-83.6992455,233.4,125.0,358.90000000000003,314,159
1696357942.435109,45,ca62cd16,42.2995745,-83.6992456,233.4,125.0,359.0,314,159
1696357942.4376457,46,ca62cd16,42.2995848,-83.6992459,233.5,125.0,359.1,314,159
1696357942.4455256,47,ca62cd16,42.299596,-83.699246,233.5,125.0,359.1,314,159
1696357942.4508934,48,ca62cd16,42.2996073,-83.6992463,233.6,125.0,359.20000000000005,314,159
1696357942.4534338,49,ca62cd16,42.2996185,-83.6992464,233.6,125.0,359.3,314,159
1696357942.4609394,50,ca62cd16,42.2996299,-83.6992466,233.6,125.0,359.3,314,159
1696357942.4655588,51,ca62cd16,42.2996411,-83.6992467,233.7,125.0,359.40000000000003,314,159
1696357942.4682453,52,ca62cd16,42.2996524,-83.6992469,233.7,125.0,359.5,314,159
1696357942.4760673,53,ca62cd16,42.2996636,-83.6992469,233.8,125.0,359.5,314,159
1696357942.4791563,54,ca62cd16,42.2996748,-83.699247,233.8,125.0,359.6,314,159
1696357942.4815943,55,ca62cd16,42.2996861,-83.699247,233.9,125.0,359.70000000000005,314,159
1696357942.4940886,56,ca62cd16,42.2996973,-83.6992471,233.9,125.0,359.70000000000005,314,159
1696357942.4965396,57,ca62cd16,42.2997087,-83.6992471,234.0,125.0,359.8,314,159
1696357942.5061977,58,ca62cd16,42.2997199,-83.699247,234.0,125.0,359.90000000000003,314,159
1696357942.508624,59,ca62cd16,42.2997312,-83.6992472,234.1,125.0,359.90000000000003,314,159
1696357942.511321,60,ca62cd16,42.2997413,-83.6992472,234.1,125.0,0.0,314,159
1696357942.518331,61,ca62cd16,42.2997527,-83.699247,234.2,125.0,0.1,314,159
1696357942.523605,62,ca62cd16,42.2997638,-83.699247,234.2,125.0,0.1,314,159
1696357942.5261395,63,ca62cd16,42.299775,-83.6992469,234.3,125.0,0.2,314,159
1696357942.5314615,64,ca62cd16,42.2997864,-83.6992469,234.3,125.0,0.30000000000000004,314,159
1696357942.53849,65,ca62cd16,42.2997976,-83.6992467,234.3,125.0,0.30000000000000004,314,159
1696357942.5441065,66,ca62cd16,42.2998089,-83.6992465,234.4,125.0,0.4,314,159
1696357942.546069,67,ca62cd16,42.2998201,-83.6992465,234.4,125.0,0.5,314,159
1696357942.5525727,68,ca62cd16,42.2998315,-83.6992463,234.5,125.0,0.5,314,159
1696357942.555034,69,ca62cd16,42.2998426,-83.6992461,234.5,125.0,0.6000000000000001,314,159
1696357942.5766788,70,ca62cd16,42.299854,-83.6992459,234.6,125.0,0.7000000000000001,314,159
1696357942.596212,71,ca62cd16,42.2998652,-83.6992457,234.6,125.0,0.7000000000000001,314,159
1696357942.598832,72,ca62cd16,42.2998765,-83.6992454,234.7,125.0,0.8,314,159
1696357942.6117787,73,ca62cd16,42.2998877,-83.6992452,234.7,125.0,0.9,314,159
1696357942.6143544,74,ca62cd16,42.2998978,-83.699245,234.8,125.0,0.9,314,159
1696357942.629307,75,ca62cd16,42.2999092,-83.6992446,234.8,125.0,1.0,314,159
1696357942.6319604,76,ca62cd16,42.2999204,-83.6992443,234.9,125.0,1.1,314,159
1696357942.6525705,77,ca62cd16,42.2999317,-83.6992441,234.9,125.0,1.1,314,159
1696357942.6553562,78,ca62cd16,42.2999429,-83.6992437,235.0,125.0,1.2000000000000002,314,159
1696357942.6630678,79,ca62cd16,42.299954,-83.6992419,235.0,125.0,4.0,314,159
1696357942.6670969,80,ca62cd16,42.2999654,-83.6992407,235.0,125.0,4.0,314,159
1696357942.6709359,81,ca62cd16,42.2999766,-83.6992397,235.1,125.0,4.1000000000000005,314,159
1696357942.6834095,82,ca62cd16,42.2999878,-83.6992385,235.1,125.0,4.2,314,159
1696357942.687385,83,ca62cd16,42.2999991,-83.6992373,235.1,125.0,4.2,314,159
1696357942.693773,84,ca62cd16,42.3000103,-83.6992363,235.2,125.0,4.3,314,159
1696357942.6985714,85,ca62cd16,42.3000215,-83.6992351,235.2,125.0,4.3,314,159
1696357942.701245,86,ca62cd16,42.3000327,-83.6992339,235.3,125.0,4.4,314,159
1696357942.7063038,87,ca62cd16,42.3000429,-83.6992328,235.3,125.0,4.4,314,159
1696357942.7136588,88,ca62cd16,42.3000541,-83.6992316,235.3,125.0,4.5,314,159
1696357942.7193027,89,ca62cd16,42.3000653,-83.6992303,235.4,125.0,4.5,314,159
1696357942.7214448,90,ca62cd16,42.3000765,-83.6992291,235.4,125.0,4.6000000000000005,314,159
1696357942.7402282,91,ca62cd16,42.3000878,-83.6992279,235.4,125.0,4.7,314,159
1696357942.7480123,92,ca62cd16,42.300099,-83.6992266,235.5,125.0,4.7,314,159
1696357942.7561133,93,ca62cd16,42.3001102,-83.6992254,235.5,125.0,4.800000000000001,314,159
1696357942.759002,94,ca62cd16,42.3001214,-83.699224,235.6,125.0,4.800000000000001,314,159
1696357942.7716208,95,ca62cd16,42.3001326,-83.6992227,235.6,125.0,4.9,314,159
1696357942.7809944,96,ca62cd16,42.3001439,-83.6992213,235.6,125.0,4.9,314,159
1696357942.7833216,97,ca62cd16,42.3001551,-83.69922,235.7,125.0,5.0,314,159
1696357942.788431,98,ca62cd16,42.3001663,-83.6992186,235.7,125.0,5.0,314,159
1696357942.7925558,99,ca62cd16,42.3001763,-83.6992174,235.7,125.0,5.1000000000000005,314,159
1696357942.7958093,100,ca62cd16,42.3001875,-83.699216,235.8,125.0,5.2,314,159
1696357942.7995327,101,ca62cd16,42.3001987,-83.6992147,235.8,125.0,5.2,314,159
1696357942.803915,102,ca62cd16,42.3002101,-83.6992131,235.9,125.0,5.300000000000001,314,159
1696357942.8100643,103,ca62cd16,42.3002213,-83.6992118,235.9,125.0,5.300000000000001,314,159
1696357942.8156242,104,ca62cd16,42.3002324,-83.6992103,235.9,125.0,5.4,314,159
1696357942.8180804,105,ca62cd16,42.3002436,-83.6992089,236.0,125.0,5.4,314,159
1696357942.8231595,106,ca62cd16,42.3002548,-83.6992074,236.0,125.0,5.5,314,159
1696357942.8251917,107,ca62cd16,42.300266,-83.6992059,236.0,125.0,5.5,314,159
1696357942.8311708,108,ca62cd16,42.3002774,-83.6992044,236.1,125.0,5.6000000000000005,314,159
1696357942.836194,109,ca62cd16,42.3002885,-83.6992028,236.1,125.0,5.7,314,159
1696357942.8383386,110,ca62cd16,42.3002997,-83.6992013,236.2,125.0,5.7,314,159
1696357942.844195,111,ca62cd16,42.3003109,-83.6991998,236.2,125.0,5.800000000000001,314,159
1696357942.8465903,112,ca62cd16,42.3003221,-83.6991983,236.2,125.0,5.800000000000001,314,159
1696357942.8520386,113,ca62cd16,42.3003333,-83.6991966,236.3,125.0,5.9,314,159
1696357942.8546128,114,ca62cd16,42.3003434,-83.6991952,236.3,125.0,5.9,314,159
1696357942.8589776,115,ca62cd16,42.3003545,-83.6991937,236.3,125.0,6.0,314,159
1696357942.861498,116,ca62cd16,42.3003657,-83.699192,236.4,125.0,6.0,314,159
1696357942.8688316,117,ca62cd16,42.3003769,-83.6991903,236.4,125.0,6.1000000000000005,314,159
1696357942.8718991,118,ca62cd16,42.3003881,-83.6991886,236.5,125.0,6.2,314,159
1696357942.9034047,119,ca62cd16,42.3003993,-83.6991871,236.5,125.0,6.2,314,159
1696357942.9104502,120,ca62cd16,42.3004106,-83.6991854,236.5,125.0,6.300000000000001,314,159
1696357942.9160085,121,ca62cd16,42.3004218,-83.6991838,236.6,125.0,6.300000000000001,314,159
1696357942.9205039,122,ca62cd16,42.3004218,-83.6991838,236.6,125.0,6.300000000000001,314,159
1696357942.9313958,123,ca62cd16,42.300433,-83.6991819,236.6,125.0,6.4,314,159
1696357942.9442308,124,ca62cd16,42.3004442,-83.6991802,236.6,125.0,6.4,314,159
1696357942.9460652,125,ca62cd16,42.3004543,-83.6991787,236.7,125.0,6.5,314,159
1696357942.9477522,126,ca62cd16,42.3004655,-83.699177,236.7,125.0,6.5,314,159
1696357942.9561477,127,ca62cd16,42.3004766,-83.6991753,236.7,125.0,6.5,314,159
1696357942.9595203,0,ca62cd16,42.3004878,-83.6991734,236.8,125.0,6.6000000000000005,314,159
1696357942.9618826,1,ca62cd16,42.300499,-83.6991715,236.8,125.0,6.7,314,159
1696357942.964229,2,ca62cd16,42.3005102,-83.6991699,236.8,125.0,6.7,314,159
1696357942.9784577,3,ca62cd16,42.3005214,-83.699168,236.9,125.0,6.800000000000001,314,159
1696357942.9802363,4,ca62cd16,42.3005326,-83.6991661,236.9,125.0,6.800000000000001,314,159
1696357942.9826977,5,ca62cd16,42.3005437,-83.6991642,236.9,125.0,6.9,314,159
1696357943.0053678,6,ca62cd16,42.3005548,-83.6991624,237.0,125.0,6.9,314,159
1696357943.0195982,7,ca62cd16,42.3005659,-83.6991605,237.0,125.0,7.0,314,159
1696357943.022908,8,ca62cd16,42.3005771,-83.6991587,237.1,125.0,7.0,314,159
1696357943.034595,9,ca62cd16,42.3005883,-83.6991568,237.1,125.0,7.1000000000000005,314,159
1696357943.0385287,10,ca62cd16,42.3005984,-83.6991549,237.1,125.0,7.2,314,159
1696357943.0410366,11,ca62cd16,42.3006096,-83.6991531,237.2,125.0,7.2,314,159
1696357943.051347,12,ca62cd16,42.3006208,-83.699151,237.2,125.0,7.300000000000001,314,159
1696357943.0534954,13,ca62cd16,42.3006319,-83.6991492,237.2,125.0,7.300000000000001,314,159
1696357943.055437,14,ca62cd16,42.3006431,-83.6991471,237.3,125.0,7.4,314,159
1696357943.062611,15,ca62cd16,42.3006543,-83.6991451,237.3,125.0,7.4,314,159
1696357943.0678778,16,ca62cd16,42.3006655,-83.6991431,237.4,125.0,7.5,314,159
1696357943.0700727,17,ca62cd16,42.3006765,-83.6991411,237.4,125.0,7.5,314,159
1696357943.0795188,18,ca62cd16,42.3006877,-83.699139,237.4,125.0,7.6000000000000005,314,159
1696357943.0821798,19,ca62cd16,42.3006989,-83.699137,237.5,125.0,7.7,314,159
1696357943.0883822,20,ca62cd16,42.3007101,-83.699135,237.5,125.0,7.7,314,159
1696357943.0923884,21,ca62cd16,42.3007213,-83.6991329,237.6,125.0,7.800000000000001,314,159
1696357943.0955513,22,ca62cd16,42.3007313,-83.6991309,237.6,125.0,7.800000000000001,314,159
1696357943.097436,23,ca62cd16,42.3007424,-83.6991289,237.6,125.0,7.9,314,159
1696357943.103598,24,ca62cd16,42.3007535,-83.6991267,237.7,125.0,7.9,314,159
1696357943.1078944,25,ca62cd16,42.3007647,-83.6991245,237.7,125.0,8.0,314,159
1696357943.1124074,26,ca62cd16,42.3007759,-83.6991224,237.7,125.0,8.1,314,159
1696357943.114107,27,ca62cd16,42.3007871,-83.6991203,237.8,125.0,8.1,314,159
1696357943.1160727,28,ca62cd16,42.3007981,-83.699118,237.8,125.0,8.200000000000001,314,159
1696357943.1268196,29,ca62cd16,42.3008093,-83.6991159,237.9,125.0,8.200000000000001,314,159
1696357943.1300333,30,ca62cd16,42.3008205,-83.6991137,237.9,125.0,8.3,314,159
1696357943.1317587,31,ca62cd16,42.3008317,-83.6991113,237.9,125.0,8.3,314,159
1696357943.138036,32,ca62cd16,42.3008427,-83.6991091,238.0,125.0,8.4,314,159
1696357943.1541417,33,ca62cd16,42.3008543,-83.699112,238.0,125.0,1.3,314,159
1696357943.1705132,34,ca62cd16,42.3008654,-83.6991117,238.0,125.0,1.3,314,159
1696357943.1730392,35,ca62cd16,42.3008757,-83.6991114,238.0,125.0,1.3,314,159
1696357943.1763875,36,ca62cd16,42.3008869,-83.699111,238.0,125.0,1.3,314,159
1696357943.1894553,37,ca62cd16,42.300898,-83.6991105,238.0,125.0,1.3,314,159
1696357943.1917207,38,ca62cd16,42.3009094,-83.6991102,238.0,125.0,1.3,314,159
1696357943.1971786,39,ca62cd16,42.3009206,-83.6991099,238.0,125.0,1.3,314,159
1696357943.1996453,40,ca62cd16,42.3009319,-83.6991095,238.0,125.0,1.3,314,159
1696357943.2059426,41,ca62cd16,42.3009431,-83.6991092,238.0,125.0,1.3,314,159
1696357943.2114792,42,ca62cd16,42.3009545,-83.6991089,238.0,125.0,1.3,314,159
1696357943.2134795,43,ca62cd16,42.3009657,-83.6991085,238.0,125.0,1.3,314,159
1696357943.2279918,44,ca62cd16,42.3009768,-83.6991082,238.0,125.0,1.3,314,159
1696357943.2312553,45,ca62cd16,42.3009871,-83.6991079,238.0,125.0,1.3,314,159
1696357943.2696884,46,ca62cd16,42.3009983,-83.6991076,238.0,125.0,1.3,314,159
1696357943.2721758,47,ca62cd16,42.3010096,-83.6991072,238.0,125.0,1.3,314,159
1696357943.2738526,48,ca62cd16,42.3010208,-83.6991069,238.0,125.0,1.2000000000000002,314,159
1696357943.282258,49,ca62cd16,42.3010322,-83.6991066,238.0,125.0,1.2000000000000002,314,159
1696357943.2867527,50,ca62cd16,42.3010433,-83.6991063,238.0,125.0,1.2000000000000002,314,159
1696357943.2889707,51,ca62cd16,42.3010545,-83.6991059,238.0,125.0,1.2000000000000002,314,159
1696357943.2955284,52,ca62cd16,42.3010659,-83.6991056,238.0,125.0,1.3,314,159
1696357943.2972395,53,ca62cd16,42.3010771,-83.699105,238.0,125.0,1.4000000000000001,314,159
1696357943.2989614,54,ca62cd16,42.3010884,-83.6991047,238.0,125.0,1.4000000000000001,314,159
1696357943.310612,55,ca62cd16,42.3010996,-83.6991044,238.0,125.0,1.4000000000000001,314,159
1696357943.3159244,56,ca62cd16,42.3011099,-83.6991041,238.0,125.0,1.4000000000000001,314,159
1696357943.3178394,57,ca62cd16,42.301121,-83.6991036,238.0,125.0,1.4000000000000001,314,159
1696357943.3197532,58,ca62cd16,42.3011322,-83.6991032,238.0,125.0,1.4000000000000001,314,159
1696357943.3275075,59,ca62cd16,42.3011436,-83.6991029,238.0,125.0,1.4000000000000001,314,159
1696357943.3302205,60,ca62cd16,42.3011548,-83.6991024,238.0,125.0,1.4000000000000001,314,159
1696357943.332184,61,ca62cd16,42.3011661,-83.699102,238.0,125.0,1.5,314,159
1696357943.33426,62,ca62cd16,42.3011773,-83.6991017,238.0,125.0,1.5,314,159
1696357943.3435314,63,ca62cd16,42.3011887,-83.6991012,238.0,125.0,1.5,314,159
1696357943.3465307,64,ca62cd16,42.3011999,-83.6991008,238.0,125.0,1.5,314,159
1696357943.3483753,65,ca62cd16,42.301211,-83.6991005,238.0,125.0,1.5,314,159
1696357943.353568,66,ca62cd16,42.3012213,-83.6990996,238.0,125.0,2.6,314,159
1696357943.3554788,67,ca62cd16,42.3012324,-83.6990979,238.1,125.0,4.3,314,159
1696357943.3577795,68,ca62cd16,42.3012436,-83.6990958,238.2,125.0,6.0,314,159
1696357943.361563,69,ca62cd16,42.3012547,-83.6990933,238.2,125.0,7.7,314,159
1696357943.363419,70,ca62cd16,42.3012658,-83.6990903,238.3,125.0,9.4,314,159
1696357943.368041,71,ca62cd16,42.3012767,-83.6990869,238.3,125.0,11.0,314,159
1696357943.369952,72,ca62cd16,42.3012876,-83.6990831,238.4,125.0,12.700000000000001,314,159
1696357943.3750587,73,ca62cd16,42.3012985,-83.6990788,238.5,125.0,14.4,314,159
1696357943.3770158,74,ca62cd16,42.3013093,-83.6990741,238.5,125.0,16.1,314,159
1696357943.3810625,75,ca62cd16,42.30132,-83.699069,238.6,125.0,17.8,314,159
1696357943.3832288,76,ca62cd16,42.3013303,-83.6990635,238.7,125.0,19.400000000000002,314,159
1696357943.3913083,77,ca62cd16,42.3013408,-83.6990575,238.7,125.0,21.1,314,159
1696357943.3965402,78,ca62cd16,42.30135,-83.6990517,238.8,125.0,22.8,314,159
1696357943.398563,79,ca62cd16,42.3013591,-83.6990457,238.9,125.0,24.5,314,159
1696357943.400543,80,ca62cd16,42.3013691,-83.6990386,238.9,125.0,26.200000000000003,314,159
1696357943.4051304,81,ca62cd16,42.3013784,-83.6990302,239.0,125.0,29.900000000000002,314,159
1696357943.407192,82,ca62cd16,42.3013878,-83.6990217,239.0,125.0,32.1,314,159
1696357943.4128678,83,ca62cd16,42.301397,-83.6990127,239.0,125.0,34.300000000000004,314,159
1696357943.4146543,84,ca62cd16,42.3014058,-83.6990031,239.0,125.0,36.5,314,159
1696357943.4193466,85,ca62cd16,42.3014143,-83.6989933,239.0,125.0,38.7,314,159
1696357943.4215171,86,ca62cd16,42.3014226,-83.6989828,239.0,125.0,40.900000000000006,314,159
1696357943.427018,87,ca62cd16,42.3014305,-83.698972,239.0,125.0,43.1,314,159
1696357943.4291306,88,ca62cd16,42.3014383,-83.698961,239.0,125.0,45.2,314,159
1696357943.4313073,89,ca62cd16,42.3014456,-83.6989494,239.0,125.0,47.400000000000006,314,159
1696357943.433454,90,ca62cd16,42.3014526,-83.6989373,239.0,125.0,49.6,314,159
1696357943.4354262,91,ca62cd16,42.3014592,-83.6989251,239.0,125.0,51.800000000000004,314,159
1696357943.4450727,92,ca62cd16,42.3014649,-83.6989136,239.0,125.0,54.0,314,159
1696357943.4469223,93,ca62cd16,42.3014707,-83.6989007,239.0,125.0,56.2,314,159
1696357943.448516,94,ca62cd16,42.3014764,-83.6988874,239.0,125.0,58.400000000000006,314,159
1696357943.4569724,95,ca62cd16,42.3014837,-83.6988757,239.0,125.0,52.7,314,159
1696357943.4595425,96,ca62cd16,42.3014886,-83.6988619,239.0,125.0,59.1,314,159
1696357943.46319,97,ca62cd16,42.3014923,-83.6988473,239.0,125.0,65.60000000000001,314,159
1696357943.4647725,98,ca62cd16,42.3014948,-83.6988323,239.0,125.0,72.0,314,159
1696357943.4669602,99,ca62cd16,42.301496,-83.698817,239.0,125.0,78.4,314,159
1696357943.474645,100,ca62cd16,42.301496,-83.6988016,239.0,125.0,84.80000000000001,314,159
1696357943.4770987,101,ca62cd16,42.3014959,-83.6987864,239.0,125.0,89.9,314,159
1696357943.4814818,102,ca62cd16,42.3014885,-83.6987728,239.0,125.0,110.80000000000001,314,159
1696357943.4837577,103,ca62cd16,42.3014743,-83.6987714,239.0,125.0,148.70000000000002,314,159
1696357943.4912372,104,ca62cd16,42.3014623,-83.6987707,239.0,125.0,165.8,314,159
1696357943.4950268,105,ca62cd16,42.3014507,-83.6987748,239.0,125.0,182.8,314,159
1696357943.4976065,106,ca62cd16,42.3014413,-83.6987629,239.0,125.0,157.3,314,159
1696357943.5052958,107,ca62cd16,42.3014311,-83.698756,239.0,125.0,155.20000000000002,314,159
1696357943.5081832,108,ca62cd16,42.3014212,-83.6987487,239.0,125.0,153.1,314,159
1696357943.5382078,109,ca62cd16,42.301415,-83.6987344,239.0,125.0,135.20000000000002,314,159
1696357943.547917,110,ca62cd16,42.3014079,-83.6987227,239.0,125.0,132.20000000000002,314,159
1696357943.5717554,111,ca62cd16,42.3014011,-83.6987106,239.0,125.0,129.20000000000002,314,159
1696357943.5849297,112,ca62cd16,42.3013947,-83.6986979,239.0,125.0,126.2,314,159
1696357943.5904596,113,ca62cd16,42.3013896,-83.6986861,239.0,125.0,123.10000000000001,314,159
1696357943.6065652,114,ca62cd16,42.3013843,-83.6986726,239.0,125.0,120.10000000000001,314,159
1696357943.6155949,115,ca62cd16,42.3013744,-83.6986638,239.0,125.0,135.5,314,159
1696357943.6202664,116,ca62cd16,42.3013649,-83.6986553,239.0,125.0,142.0,314,159
1696357943.6229744,117,ca62cd16,42.3013521,-83.6986576,239.0,125.0,169.5,314,159
1696357943.630242,118,ca62cd16,42.3013408,-83.6986579,239.0,125.0,176.4,314,159
1696357943.6357074,119,ca62cd16,42.3013294,-83.69866,239.0,125.0,183.3,314,159
1696357943.6403267,120,ca62cd16,42.3013184,-83.698664,239.0,125.0,190.20000000000002,314,159
1696357943.645617,121,ca62cd16,42.301307,-83.6986619,239.0,125.0,179.8,314,159
1696357943.6504061,122,ca62cd16,42.3012958,-83.6986619,239.0,125.0,179.8,314,159
1696357943.6568074,123,ca62cd16,42.3012845,-83.6986618,239.0,125.0,179.9,314,159
1696357943.6634262,124,ca62cd16,42.3012733,-83.6986618,239.0,125.0,179.9,314,159
1696357943.6667068,125,ca62cd16,42.3012632,-83.6986618,239.0,125.0,179.9,314,159
1696357943.6711013,126,ca62cd16,42.3012519,-83.6986618,239.0,125.0,180.0,314,159
1696357943.6846738,127,ca62cd16,42.3012407,-83.6986618,239.0,125.0,180.0,314,159
1696357943.6884184,0,ca62cd16,42.3012293,-83.6986618,239.0,125.0,180.0,314,159
1696357943.7125459,1,ca62cd16,42.3012182,-83.6986619,239.0,125.0,180.10000000000002,314,159
1696357943.7159858,2,ca62cd16,42.3012068,-83.698662,239.0,125.0,180.10000000000002,314,159
1696357943.7353508,3,ca62cd16,42.3011956,-83.6986621,239.0,125.0,180.10000000000002,314,159
1696357943.7478037,4,ca62cd16,42.3011844,-83.6986621,239.0,125.0,180.10000000000002,314,159
1696357943.7521806,5,ca62cd16,42.301173,-83.6986621,239.0,125.0,180.20000000000002,314,159
1696357943.7596962,6,ca62cd16,42.3011618,-83.6986621,239.0,125.0,180.20000000000002,314,159
1696357943.7702274,7,ca62cd16,42.3011518,-83.6986623,239.0,125.0,180.20000000000002,314,159
1696357943.7734208,8,ca62cd16,42.3011404,-83.6986623,239.0,125.0,180.3,314,159
1696357943.7816114,9,ca62cd16,42.3011292,-83.6986625,239.0,125.0,180.3,314,159
1696357943.7913623,10,ca62cd16,42.3011179,-83.6986625,239.0,125.0,180.3,314,159
1696357943.7953482,11,ca62cd16,42.3011067,-83.6986627,239.0,125.0,180.4,314,159
1696357943.8011498,12,ca62cd16,42.3010953,-83.6986627,239.0,125.0,180.4,314,159
1696357943.8094397,13,ca62cd16,42.3010841,-83.6986629,239.0,125.0,180.4,314,159
1696357943.8146503,14,ca62cd16,42.3010728,-83.6986631,239.0,125.0,180.5,314,159
1696357943.8177707,15,ca62cd16,42.3010616,-83.6986633,239.0,125.0,180.5,314,159
1696357943.8248477,16,ca62cd16,42.3010502,-83.6986633,239.0,125.0,180.5,314,159
1696357943.829081,17,ca62cd16,42.3010391,-83.6986634,239.0,125.0,180.5,314,159
1696357943.8682005,18,ca62cd16,42.301029,-83.6986636,239.0,125.0,180.60000000000002,314,159
1696357943.8712852,19,ca62cd16,42.3010176,-83.6986638,239.0,125.0,180.60000000000002,314,159
1696357943.880868,20,ca62cd16,42.3010065,-83.698664,239.0,125.0,180.60000000000002,314,159
1696357943.8878653,21,ca62cd16,42.3009951,-83.6986642,239.0,125.0,180.70000000000002,314,159
1696357943.895913,22,ca62cd16,42.3009839,-83.6986638,239.0,125.0,179.70000000000002,314,159
1696357943.9008808,23,ca62cd16,42.3009726,-83.6986637,238.9,125.0,179.70000000000002,314,159
1696357943.9073257,24,ca62cd16,42.3009614,-83.6986637,238.9,125.0,179.70000000000002,314,159
1696357943.9105477,25,ca62cd16,42.30095,-83.6986635,238.9,125.0,179.70000000000002,314,159
1696357943.9158187,26,ca62cd16,42.3009388,-83.6986635,238.9,125.0,179.70000000000002,314,159
1696357943.92308,27,ca62cd16,42.3009277,-83.6986633,238.9,125.0,179.70000000000002,314,159
1696357943.9312942,28,ca62cd16,42.3009163,-83.6986633,238.8,125.0,179.70000000000002,314,159
1696357943.9382055,29,ca62cd16,42.3009062,-83.6986631,238.8,125.0,179.60000000000002,314,159
1696357943.9456658,30,ca62cd16,42.3008949,-83.6986631,238.8,125.0,179.60000000000002,314,159
1696357943.9518228,31,ca62cd16,42.3008837,-83.698663,238.8,125.0,179.60000000000002,314,159
1696357943.9569616,32,ca62cd16,42.3008723,-83.698663,238.8,125.0,179.60000000000002,314,159
1696357943.9659646,33,ca62cd16,42.3008612,-83.6986628,238.8,125.0,179.60000000000002,314,159
1696357943.9767501,34,ca62cd16,42.3008498,-83.6986628,238.7,125.0,179.60000000000002,314,159
1696357943.9817333,35,ca62cd16,42.3008386,-83.6986626,238.7,125.0,179.60000000000002,314,159
1696357943.9903936,36,ca62cd16,42.3008274,-83.6986626,238.7,125.0,179.60000000000002,314,159
1696357943.996061,37,ca62cd16,42.3008161,-83.6986625,238.7,125.0,179.60000000000002,314,159
1696357944.00781,38,ca62cd16,42.3008049,-83.6986623,238.7,125.0,179.60000000000002,314,159
1696357944.01807,39,ca62cd16,42.3007935,-83.6986623,238.6,125.0,179.60000000000002,314,159
1696357944.026792,40,ca62cd16,42.3007823,-83.6986621,238.6,125.0,179.60000000000002,314,159
1696357944.0306544,41,ca62cd16,42.3007721,-83.6986621,238.6,125.0,179.60000000000002,314,159
1696357944.035176,42,ca62cd16,42.3007609,-83.698662,238.6,125.0,179.60000000000002,314,159
1696357944.0418983,43,ca62cd16,42.3007495,-83.6986618,238.6,125.0,179.60000000000002,314,159
1696357944.048711,44,ca62cd16,42.3007383,-83.6986618,238.5,125.0,179.60000000000002,314,159
1696357944.053436,45,ca62cd16,42.3007272,-83.6986616,238.5,125.0,179.60000000000002,314,159
1696357944.0562935,46,ca62cd16,42.3007158,-83.6986615,238.5,125.0,179.60000000000002,314,159
1696357944.0623207,47,ca62cd16,42.3007046,-83.6986615,238.5,125.0,179.60000000000002,314,159
1696357944.0688004,48,ca62cd16,42.3006933,-83.6986613,238.5,125.0,179.5,314,159
1696357944.0731542,49,ca62cd16,42.3006821,-83.6986611,238.5,125.0,179.5,314,159
1696357944.0774057,50,ca62cd16,42.3006707,-83.6986611,238.4,125.0,179.5,314,159
1696357944.0844684,51,ca62cd16,42.3006595,-83.6986609,238.4,125.0,179.5,314,159
1696357944.089994,52,ca62cd16,42.3006482,-83.6986608,238.4,125.0,179.5,314,159
1696357944.0930803,53,ca62cd16,42.300637,-83.6986608,238.4,125.0,179.5,314,159
1696357944.0986469,54,ca62cd16,42.3006268,-83.6986606,238.4,125.0,179.5,314,159
1696357944.1067972,55,ca62cd16,42.3006156,-83.6986604,238.3,125.0,179.5,314,159
1696357944.1111157,56,ca62cd16,42.3006044,-83.6986603,238.3,125.0,179.5,314,159
1696357944.113516,57,ca62cd16,42.300593,-83.6986603,238.3,125.0,179.5,314,159
1696357944.1206238,58,ca62cd16,42.3005818,-83.6986601,238.3,125.0,179.5,314,159
1696357944.1267529,59,ca62cd16,42.3005705,-83.6986599,238.3,125.0,179.5,314,159
1696357944.1298642,60,ca62cd16,42.3005593,-83.6986598,238.2,125.0,179.5,314,159
1696357944.140072,61,ca62cd16,42.3005479,-83.6986596,238.2,125.0,179.5,314,159
1696357944.1447272,62,ca62cd16,42.3005367,-83.6986596,238.2,125.0,179.5,314,159
1696357944.1476505,63,ca62cd16,42.3005254,-83.6986594,238.2,125.0,179.5,314,159
1696357944.1569173,64,ca62cd16,42.3005153,-83.6986593,238.2,125.0,179.5,314,159
1696357944.1631107,65,ca62cd16,42.3005041,-83.6986591,238.1,125.0,179.5,314,159
1696357944.1662817,66,ca62cd16,42.3004928,-83.6986589,238.1,125.0,179.4,314,159
1696357944.1745775,67,ca62cd16,42.3004816,-83.6986589,238.1,125.0,179.4,314,159
1696357944.225424,68,ca62cd16,42.3004703,-83.6986587,238.1,125.0,179.4,314,159
1696357944.2402823,69,ca62cd16,42.3004591,-83.6986586,238.1,125.0,179.4,314,159
1696357944.2459505,70,ca62cd16,42.3004477,-83.6986584,238.1,125.0,179.4,314,159
1696357944.2643604,71,ca62cd16,42.3004365,-83.6986582,238.0,125.0,179.4,314,159
1696357944.2688057,72,ca62cd16,42.3004252,-83.6986581,238.0,125.0,179.4,314,159
1696357944.273496,73,ca62cd16,42.300414,-83.6986579,238.0,125.0,179.4,314,159
1696357944.2758,74,ca62cd16,42.3004028,-83.6986577,238.0,125.0,179.4,314,159
1696357944.2808194,75,ca62cd16,42.3003914,-83.6986579,237.9,125.0,179.70000000000002,314,159
1696357944.2830985,76,ca62cd16,42.3003814,-83.6986577,237.9,125.0,179.70000000000002,314,159
1696357944.2876887,77,ca62cd16,42.30037,-83.6986577,237.8,125.0,179.70000000000002,314,159
1696357944.289816,78,ca62cd16,42.3003588,-83.6986578,237.7,125.0,179.8,314,159
1696357944.297444,79,ca62cd16,42.3003475,-83.6986576,237.6,125.0,179.8,314,159
1696357944.3012178,80,ca62cd16,42.3003363,-83.6986576,237.6,125.0,179.8,314,159
1696357944.3034196,81,ca62cd16,42.3003249,-83.6986576,237.5,125.0,179.8,314,159
1696357944.309927,82,ca62cd16,42.3003138,-83.6986576,237.4,125.0,179.8,314,159
1696357944.3120015,83,ca62cd16,42.3003026,-83.6986575,237.3,125.0,179.9,314,159
1696357944.3160095,84,ca62cd16,42.3002912,-83.6986575,237.3,125.0,179.9,314,159
1696357944.3181026,85,ca62cd16,42.30028,-83.6986575,237.2,125.0,179.9,314,159
1696357944.3249266,86,ca62cd16,42.3002686,-83.6986575,237.1,125.0,179.9,314,159
1696357944.327424,87,ca62cd16,42.3002586,-83.6986575,237.0,125.0,180.0,314,159
1696357944.3304174,88,ca62cd16,42.3002472,-83.6986575,237.0,125.0,180.0,314,159
1696357944.3324842,89,ca62cd16,42.300236,-83.6986575,236.9,125.0,180.0,314,159
1696357944.3406756,90,ca62cd16,42.3002247,-83.6986575,236.8,125.0,180.0,314,159
1696357944.3422928,91,ca62cd16,42.3002135,-83.6986575,236.7,125.0,180.0,314,159
1696357944.3438745,92,ca62cd16,42.3002021,-83.6986575,236.7,125.0,180.10000000000002,314,159
1696357944.3480835,93,ca62cd16,42.300191,-83.6986575,236.6,125.0,180.10000000000002,314,159
1696357944.3716447,94,ca62cd16,42.3001798,-83.6986577,236.5,125.0,180.10000000000002,314,159
1696357944.3836517,95,ca62cd16,42.3001684,-83.6986577,236.4,125.0,180.10000000000002,314,159
1696357944.385842,96,ca62cd16,42.3001583,-83.6986577,236.4,125.0,180.10000000000002,314,159
1696357944.3880994,97,ca62cd16,42.300147,-83.6986577,236.3,125.0,180.20000000000002,314,159
1696357944.4057713,98,ca62cd16,42.3001358,-83.6986579,236.2,125.0,180.20000000000002,314,159
1696357944.408007,99,ca62cd16,42.3001245,-83.6986579,236.2,125.0,180.20000000000002,314,159
1696357944.4117754,100,ca62cd16,42.3001133,-83.6986579,236.1,125.0,180.20000000000002,314,159
1696357944.4165573,101,ca62cd16,42.3001019,-83.6986581,236.0,125.0,180.20000000000002,314,159
1696357944.418549,102,ca62cd16,42.3000907,-83.6986581,236.0,125.0,180.3,314,159
1696357944.4204614,103,ca62cd16,42.3000795,-83.6986589,236.0,125.0,181.5,314,159
1696357944.4289207,104,ca62cd16,42.3000682,-83.6986599,236.0,125.0,182.8,314,159
1696357944.4331658,105,ca62cd16,42.300057,-83.6986611,236.0,125.0,184.0,314,159
1696357944.4354703,106,ca62cd16,42.3000459,-83.6986629,236.0,125.0,185.20000000000002,314,159
1696357944.4376864,107,ca62cd16,42.3000347,-83.6986648,236.0,125.0,186.4,314,159
1696357944.4483716,108,ca62cd16,42.3000247,-83.698667,236.0,125.0,187.70000000000002,314,159
1696357944.453557,109,ca62cd16,42.3000136,-83.6986695,236.0,125.0,188.9,314,159
1696357944.4575007,110,ca62cd16,42.3000024,-83.6986724,236.0,125.0,190.10000000000002,314,159
1696357944.4597273,111,ca62cd16,42.299991,-83.6986716,236.0,125.0,182.8,314,159
1696357944.46635,112,ca62cd16,42.2999798,-83.6986716,236.0,125.0,181.4,314,159
1696357944.4736586,113,ca62cd16,42.2999685,-83.6986713,236.0,125.0,179.9,314,159
1696357944.4784698,114,ca62cd16,42.2999573,-83.6986706,236.0,125.0,178.4,314,159
1696357944.4803278,115,ca62cd16,42.2999501,-83.6986884,236.0,125.0,217.20000000000002,314,159
1696357944.4907117,116,ca62cd16,42.2999471,-83.6987032,236.0,125.0,238.4,314,159
1696357944.494387,117,ca62cd16,42.2999478,-83.6987198,236.0,125.0,259.7,314,159
1696357944.4962797,118,ca62cd16,42.2999426,-83.6987337,236.0,125.0,253.20000000000002,314,159
1696357944.5050356,119,ca62cd16,42.299942,-83.6987491,236.0,125.0,261.3,314,159
1696357944.5071306,120,ca62cd16,42.2999429,-83.6987645,236.0,125.0,269.5,314,159
1696357944.5091276,121,ca62cd16,42.2999351,-83.6987776,236.0,125.0,248.9,314,159
1696357944.5141916,122,ca62cd16,42.2999302,-83.6987915,236.0,125.0,246.10000000000002,314,159
1696357944.5186787,123,ca62cd16,42.2999247,-83.6988048,236.0,125.0,243.20000000000002,314,159
1696357944.5551324,124,ca62cd16,42.2999193,-83.6988164,236.0,125.0,240.4,314,159
1696357944.5609899,125,ca62cd16,42.2999083,-83.6988238,235.9,125.0,222.70000000000002,314,159
1696357944.5665164,126,ca62cd16,42.2998997,-83.6988336,235.8,125.0,220.9,314,159
1696357944.5686326,127,ca62cd16,42.2998908,-83.698843,235.7,125.0,219.10000000000002,314,159
1696357944.5903282,0,ca62cd16,42.2998817,-83.698852,235.6,125.0,217.3,314,159
1696357944.592197,1,ca62cd16,42.2998724,-83.6988606,235.4,125.0,215.5,314,159
1696357944.5937455,2,ca62cd16,42.299863,-83.6988688,235.3,125.0,213.70000000000002,314,159
1696357944.600991,3,ca62cd16,42.2998533,-83.6988767,235.2,125.0,211.9,314,159
1696357944.6049085,4,ca62cd16,42.2998434,-83.6988841,235.1,125.0,210.10000000000002,314,159
1696357944.6069927,5,ca62cd16,42.2998334,-83.698891,235.0,125.0,208.3,314,159
1696357944.6091857,6,ca62cd16,42.2998225,-83.6988955,235.0,125.0,200.9,314,159
1696357944.6113365,7,ca62cd16,42.2998117,-83.6988993,235.0,125.0,196.8,314,159
1696357944.6189158,8,ca62cd16,42.2998004,-83.698902,235.0,125.0,192.70000000000002,314,159
1696357944.6229353,9,ca62cd16,42.2997894,-83.6989053,235.0,125.0,192.70000000000002,314,159
1696357944.6248646,10,ca62cd16,42.2997792,-83.6989056,235.0,125.0,188.5,314,159
1696357944.6266282,11,ca62cd16,42.2997678,-83.698905,235.0,125.0,184.4,314,159
1696357944.628294,12,ca62cd16,42.2997566,-83.6989035,235.0,125.0,180.3,314,159
1696357944.6386557,13,ca62cd16,42.2997453,-83.6989007,235.0,125.0,176.10000000000002,314,159
1696357944.640822,14,ca62cd16,42.2997343,-83.6988968,235.0,125.0,172.0,314,159
1696357944.642973,15,ca62cd16,42.299723,-83.6988956,234.9,125.0,173.10000000000002,314,159
1696357944.6512563,16,ca62cd16,42.2997123,-83.6988912,234.7,125.0,169.3,314,159
1696357944.656204,17,ca62cd16,42.2997016,-83.698886,234.6,125.0,165.5,314,159
1696357944.658557,18,ca62cd16,42.2996911,-83.6988797,234.4,125.0,161.70000000000002,314,159
1696357944.6631436,19,ca62cd16,42.2996811,-83.6988725,234.3,125.0,158.0,314,159
1696357944.6674216,20,ca62cd16,42.2996714,-83.6988646,234.1,125.0,154.20000000000002,314,159
1696357944.6724715,21,ca62cd16,42.2996621,-83.6988556,234.0,125.0,150.4,314,159
1696357944.6745234,22,ca62cd16,42.2996542,-83.6988473,234.0,125.0,147.4,314,159
1696357944.679405,23,ca62cd16,42.2996457,-83.6988369,234.0,125.0,143.4,314,159
1696357944.6840322,24,ca62cd16,42.2996378,-83.6988257,234.0,125.0,139.3,314,159
1696357944.6880724,25,ca62cd16,42.2996307,-83.6988138,234.0,125.0,135.20000000000002,314,159
1696357944.6906242,26,ca62cd16,42.2996241,-83.6988013,234.0,125.0,131.20000000000002,314,159
1696357944.6961823,27,ca62cd16,42.2996182,-83.6987881,234.0,125.0,127.10000000000001,314,159
1696357944.7009077,28,ca62cd16,42.2996142,-83.6987735,234.0,125.0,120.30000000000001,314,159
1696357944.7042885,29,ca62cd16,42.2996102,-83.6987591,234.0,125.0,116.30000000000001,314,159
1696357944.7068942,30,ca62cd16,42.299607,-83.6987444,234.0,125.0,112.2,314,159
1696357944.715759,31,ca62cd16,42.2996046,-83.6987293,234.0,125.0,108.10000000000001,314,159
1696357944.7187123,32,ca62cd16,42.299603,-83.6987142,234.0,125.0,104.0,314,159
1696357944.721372,33,ca62cd16,42.2996023,-83.6987002,234.0,125.0,100.0,314,159
1696357944.7356095,34,ca62cd16,42.2996022,-83.6986849,234.0,125.0,95.9,314,159
1696357944.7381084,35,ca62cd16,42.299601,-83.6986699,234.0,125.0,95.9,314,159
1696357944.7406769,36,ca62cd16,42.299602,-83.6986545,234.0,125.0,91.30000000000001,314,159
1696357944.7528803,37,ca62cd16,42.2996039,-83.6986392,234.0,125.0,86.7,314,159
1696357944.7556157,38,ca62cd16,42.2996068,-83.6986244,234.0,125.0,82.0,314,159
1696357944.760303,39,ca62cd16,42.2996105,-83.6986098,234.0,125.0,77.4,314,159
1696357944.7648876,40,ca62cd16,42.2996128,-83.6985948,234.0,125.0,78.30000000000001,314,159
1696357944.769358,41,ca62cd16,42.2996162,-83.6985804,234.0,125.0,75.9,314,159
1696357944.775451,42,ca62cd16,42.2996198,-83.698566,234.0,125.0,73.60000000000001,314,159
1696357944.780756,43,ca62cd16,42.2996242,-83.6985519,234.0,125.0,71.2,314,159
1696357944.7836668,44,ca62cd16,42.2996289,-83.6985379,234.0,125.0,68.8,314,159
1696357944.79052,45,ca62cd16,42.2996339,-83.6985243,234.0,125.0,66.4,314,159
1696357944.817153,46,ca62cd16,42.2996444,-83.6985171,234.0,125.0,49.0,314,159
1696357944.8329039,47,ca62cd16,42.2996529,-83.6985069,234.1,125.0,46.0,314,159
1696357944.8359892,48,ca62cd16,42.2996616,-83.6984972,234.2,125.0,43.1,314,159
1696357944.8480513,49,ca62cd16,42.2996707,-83.6984883,234.3,125.0,40.2,314,159
1696357944.8605728,50,ca62cd16,42.2996802,-83.6984797,234.5,125.0,37.300000000000004,314,159
1696357944.8634288,51,ca62cd16,42.2996898,-83.698472,234.6,125.0,34.300000000000004,314,159
1696357944.872909,52,ca62cd16,42.2996999,-83.698465,234.7,125.0,31.400000000000002,314,159
1696357944.8793423,53,ca62cd16,42.2997101,-83.6984585,234.8,125.0,28.5,314,159
1696357944.882568,54,ca62cd16,42.2997207,-83.6984529,234.9,125.0,25.5,314,159
1696357944.919154,55,ca62cd16,42.2997316,-83.698449,235.0,125.0,20.5,314,159
1696357944.934388,56,ca62cd16,42.2997428,-83.6984459,235.0,125.0,16.6,314,159
1696357944.9415522,57,ca62cd16,42.299754,-83.6984439,235.0,125.0,12.8,314,159
1696357944.94568,58,ca62cd16,42.2997654,-83.6984429,235.0,125.0,8.9,314,159
1696357944.9495666,59,ca62cd16,42.2997757,-83.6984428,235.0,125.0,5.1000000000000005,314,159
1696357944.9567924,60,ca62cd16,42.2997869,-83.6984438,235.0,125.0,1.2000000000000002,314,159
1696357944.9631784,61,ca62cd16,42.2997981,-83.6984457,235.0,125.0,357.40000000000003,314,159
1696357944.9665248,62,ca62cd16,42.2998093,-83.6984488,235.0,125.0,353.5,314,159
1696357944.9779437,63,ca62cd16,42.2998202,-83.6984527,235.0,125.0,349.70000000000005,314,159
1696357944.9812646,64,ca62cd16,42.2998316,-83.6984526,235.1,125.0,353.90000000000003,314,159
1696357944.9896753,65,ca62cd16,42.2998426,-83.6984562,235.2,125.0,350.5,314,159
1696357944.995445,66,ca62cd16,42.2998534,-83.6984607,235.4,125.0,347.1,314,159
1696357945.0015671,67,ca62cd16,42.2998639,-83.6984661,235.5,125.0,343.8,314,159
1696357945.0111253,68,ca62cd16,42.2998745,-83.6984722,235.7,125.0,340.40000000000003,314,159
1696357945.016656,69,ca62cd16,42.2998834,-83.6984786,235.8,125.0,337.0,314,159
1696357945.0198982,70,ca62cd16,42.2998932,-83.6984863,236.0,125.0,333.6,314,159
1696357945.0472028,71,ca62cd16,42.2999005,-83.6984993,236.0,125.0,322.40000000000003,314,159
1696357945.0675004,72,ca62cd16,42.2999083,-83.6985104,236.0,125.0,318.20000000000005,314,159
1696357945.0761626,73,ca62cd16,42.2999154,-83.6985223,236.0,125.0,313.90000000000003,314,159
1696357945.0844257,74,ca62cd16,42.2999219,-83.6985349,236.0,125.0,309.70000000000005,314,159
1696357945.0918071,75,ca62cd16,42.2999276,-83.6985481,236.0,125.0,305.40000000000003,314,159
1696357945.0991135,76,ca62cd16,42.2999327,-83.6985619,236.0,125.0,301.2,314,159
1696357945.1056767,77,ca62cd16,42.2999369,-83.6985761,236.0,125.0,296.90000000000003,314,159
1696357945.114769,78,ca62cd16,42.2999426,-83.6985877,236.0,125.0,299.8,314,159
1696357945.1297681,79,ca62cd16,42.2999462,-83.6986022,236.0,125.0,294.1,314,159
1696357945.1331613,80,ca62cd16,42.2999485,-83.6986173,236.0,125.0,288.3,314,159
1696357945.1450644,81,ca62cd16,42.2999498,-83.6986326,236.0,125.0,282.5,314,159
1696357945.1497138,82,ca62cd16,42.2999499,-83.6986481,236.0,125.0,276.7,314,159
1696357945.153173,83,ca62cd16,42.2999591,-83.6986602,236.0,125.0,294.90000000000003,314,159
1696357945.2140107,84,ca62cd16,42.2999656,-83.6986728,236.0,125.0,299.6,314,159
1696357945.2175698,85,ca62cd16,42.2999854,-83.6986582,236.0,125.0,351.90000000000003,314,159
1696357945.2338133,86,ca62cd16,42.2999967,-83.6986579,236.0,125.0,356.3,314,159
1696357945.2421288,87,ca62cd16,42.3000079,-83.6986566,236.0,125.0,0.6000000000000001,314,159
1696357945.2489345,88,ca62cd16,42.3000192,-83.6986539,236.0,125.0,4.9,314,159
1696357945.2581897,89,ca62cd16,42.3000291,-83.6986505,236.0,125.0,9.3,314,159
1696357945.2609396,90,ca62cd16,42.3000399,-83.6986459,236.0,125.0,13.600000000000001,314,159
1696357945.2707648,91,ca62cd16,42.3000513,-83.6986476,236.1,125.0,4.4,314,159
1696357945.2743216,92,ca62cd16,42.3000627,-83.6986458,236.3,125.0,5.5,314,159
1696357945.2863276,93,ca62cd16,42.3000738,-83.6986437,236.5,125.0,6.6000000000000005,314,159
1696357945.2901628,94,ca62cd16,42.300085,-83.6986413,236.7,125.0,7.7,314,159
1696357945.2996814,95,ca62cd16,42.3000959,-83.6986387,236.9,125.0,8.8,314,159
1696357945.3052654,96,ca62cd16,42.3001073,-83.6986412,237.0,125.0,359.40000000000003,314,159
1696357945.3139365,97,ca62cd16,42.3001187,-83.6986414,237.0,125.0,359.40000000000003,314,159
1696357945.3198836,98,ca62cd16,42.3001287,-83.6986415,237.1,125.0,359.5,314,159
1696357945.3235855,99,ca62cd16,42.3001401,-83.6986417,237.1,125.0,359.5,314,159
1696357945.3350294,100,ca62cd16,42.3001513,-83.6986418,237.1,125.0,359.6,314,159
1696357945.338798,101,ca62cd16,42.3001626,-83.6986418,237.2,125.0,359.6,314,159
1696357945.352131,102,ca62cd16,42.3001738,-83.698642,237.2,125.0,359.6,314,159
1696357945.3566942,103,ca62cd16,42.3001852,-83.6986419,237.3,125.0,359.70000000000005,314,159
1696357945.365113,104,ca62cd16,42.3001964,-83.6986421,237.3,125.0,359.70000000000005,314,159
1696357945.3723366,105,ca62cd16,42.3002065,-83.6986421,237.3,125.0,359.8,314,159
1696357945.3750665,106,ca62cd16,42.3002178,-83.6986421,237.4,125.0,359.8,314,159
1696357945.383717,107,ca62cd16,42.300229,-83.6986422,237.4,125.0,359.90000000000003,314,159
1696357945.3903034,108,ca62cd16,42.3002404,-83.6986422,237.5,125.0,359.90000000000003,314,159
1696357945.4046729,109,ca62cd16,42.3002515,-83.6986422,237.5,125.0,359.90000000000003,314,159
1696357945.411968,110,ca62cd16,42.3002629,-83.6986422,237.5,125.0,0.0,314,159
1696357945.4187734,111,ca62cd16,42.3002741,-83.6986422,237.6,125.0,0.0,314,159
1696357945.4267757,112,ca62cd16,42.3002854,-83.6986421,237.6,125.0,0.1,314,159
1696357945.4326808,113,ca62cd16,42.3002966,-83.6986421,237.7,125.0,0.1,314,159
1696357945.440569,114,ca62cd16,42.3003078,-83.698642,237.7,125.0,0.1,314,159
1696357945.4609556,115,ca62cd16,42.300318,-83.6986419,237.7,125.0,0.2,314,159
1696357945.477446,116,ca62cd16,42.3003292,-83.6986419,237.8,125.0,0.2,314,159
1696357945.4949021,117,ca62cd16,42.3003406,-83.6986417,237.8,125.0,0.30000000000000004,314,159
1696357945.5081198,118,ca62cd16,42.3003518,-83.6986417,237.9,125.0,0.30000000000000004,314,159
1696357945.5119867,119,ca62cd16,42.3003631,-83.6986416,237.9,125.0,0.30000000000000004,314,159
1696357945.5206983,120,ca62cd16,42.3003743,-83.6986415,237.9,125.0,0.4,314,159
1696357945.5257542,121,ca62cd16,42.3003857,-83.6986417,238.0,125.0,359.40000000000003,314,159
1696357945.533693,122,ca62cd16,42.3003968,-83.6986419,238.0,125.0,359.40000000000003,314,159
1696357945.5400417,123,ca62cd16,42.300408,-83.6986421,238.0,125.0,359.3,314,159
1696357945.5465288,124,ca62cd16,42.3004194,-83.6986422,238.0,125.0,359.3,314,159
1696357945.5516307,125,ca62cd16,42.3004306,-83.6986424,238.1,125.0,359.3,314,159
1696357945.5563426,126,ca62cd16,42.3004419,-83.6986426,238.1,125.0,359.3,314,159
1696357945.5667863,127,ca62cd16,42.3004531,-83.6986427,238.1,125.0,359.3,314,159
1696357945.5705767,0,ca62cd16,42.3004633,-83.6986429,238.1,125.0,359.3,314,159
1696357945.5814116,1,ca62cd16,42.3004745,-83.698643,238.1,125.0,359.3,314,159
1696357945.5949473,2,ca62cd16,42.3004859,-83.6986434,238.2,125.0,359.3,314,159
1696357945.6266923,3,ca62cd16,42.3004971,-83.6986436,238.2,125.0,359.20000000000005,314,159
1696357945.6305733,4,ca62cd16,42.3005083,-83.6986437,238.2,125.0,359.20000000000005,314,159
1696357945.636775,5,ca62cd16,42.3005196,-83.6986439,238.2,125.0,359.20000000000005,314,159
1696357945.6476943,6,ca62cd16,42.3005308,-83.6986441,238.3,125.0,359.20000000000005,314,159
1696357945.6512506,7,ca62cd16,42.3005422,-83.6986444,238.3,125.0,359.20000000000005,314,159
1696357945.6609256,8,ca62cd16,42.3005533,-83.6986446,238.3,125.0,359.20000000000005,314,159
1696357945.6666105,9,ca62cd16,42.3005647,-83.6986447,238.3,125.0,359.20000000000005,314,159
1696357945.6692884,10,ca62cd16,42.3005759,-83.6986449,238.4,125.0,359.1,314,159
1696357945.6855147,11,ca62cd16,42.3005861,-83.6986453,238.4,125.0,359.1,314,159
1696357945.6884983,12,ca62cd16,42.3005973,-83.6986454,238.4,125.0,359.1,314,159
1696357945.7001138,13,ca62cd16,42.3006085,-83.6986456,238.4,125.0,359.1,314,159
1696357945.7039697,14,ca62cd16,42.3006199,-83.6986459,238.4,125.0,359.1,314,159
1696357945.7160814,15,ca62cd16,42.300631,-83.6986461,238.5,125.0,359.1,314,159
1696357945.7186544,16,ca62cd16,42.3006424,-83.6986464,238.5,125.0,359.1,314,159
1696357945.7255962,17,ca62cd16,42.3006536,-83.6986467,238.5,125.0,359.1,314,159
1696357945.7300467,18,ca62cd16,42.3006648,-83.6986468,238.5,125.0,359.1,314,159
1696357945.7327106,19,ca62cd16,42.3006762,-83.6986472,238.5,125.0,359.0,314,159
1696357945.738642,20,ca62cd16,42.3006874,-83.6986474,238.6,125.0,359.0,314,159
1696357945.7414894,22,ca62cd16,42.3007099,-83.6986479,238.6,125.0,359.0,314,159
1696357945.8124464,23,ca62cd16,42.30072,-83.6986482,238.6,125.0,359.0,314,159
1696357945.8150423,24,ca62cd16,42.3007313,-83.6986484,238.6,125.0,359.0,314,159
1696357945.8328106,25,ca62cd16,42.3007425,-83.6986487,238.7,125.0,359.0,314,159
1696357945.835856,26,ca62cd16,42.3007539,-83.6986491,238.7,125.0,358.90000000000003,314,159
1696357945.8458104,27,ca62cd16,42.300765,-83.6986493,238.7,125.0,358.90000000000003,314,159
1696357945.8510463,28,ca62cd16,42.3007764,-83.6986496,238.7,125.0,358.90000000000003,314,159
1696357945.8576896,29,ca62cd16,42.3007876,-83.6986499,238.8,125.0,358.90000000000003,314,159
1696357945.862408,30,ca62cd16,42.3007988,-83.6986501,238.8,125.0,358.90000000000003,314,159
1696357945.8642554,31,ca62cd16,42.3008101,-83.6986504,238.8,125.0,358.90000000000003,314,159
1696357945.8662024,32,ca62cd16,42.3008213,-83.6986508,238.8,125.0,358.90000000000003,314,159
1696357945.8775232,33,ca62cd16,42.3008327,-83.6986509,238.8,125.0,358.90000000000003,314,159
1696357945.880243,34,ca62cd16,42.3008427,-83.6986513,238.9,125.0,358.8,314,159
1696357945.8902013,35,ca62cd16,42.3008541,-83.6986516,238.9,125.0,358.8,314,159
1696357945.8984413,36,ca62cd16,42.3008653,-83.6986519,238.9,125.0,358.8,314,159
1696357945.901874,37,ca62cd16,42.3008766,-83.6986523,238.9,125.0,358.8,314,159
1696357945.9127073,38,ca62cd16,42.3008878,-83.6986526,239.0,125.0,358.8,314,159
1696357945.9155426,39,ca62cd16,42.300899,-83.6986525,239.0,125.0,359.40000000000003,314,159
1696357945.922751,40,ca62cd16,42.3009103,-83.6986525,239.0,125.0,359.6,314,159
1696357945.925768,41,ca62cd16,42.3009215,-83.6986526,239.0,125.0,359.8,314,159
1696357945.9332066,42,ca62cd16,42.3009329,-83.6986526,239.0,125.0,359.90000000000003,314,159
1696357945.94093,43,ca62cd16,42.3009441,-83.6986524,239.0,125.0,0.1,314,159
1696357945.945617,44,ca62cd16,42.3009554,-83.6986522,239.0,125.0,0.30000000000000004,314,159
1696357945.9482434,45,ca62cd16,42.3009666,-83.6986521,239.0,125.0,0.5,314,159
1696357945.9550192,46,ca62cd16,42.300978,-83.6986518,239.0,125.0,0.7000000000000001,314,159
1696357945.9597275,47,ca62cd16,42.300988,-83.6986516,239.0,125.0,0.8,314,159
1696357945.962418,48,ca62cd16,42.3009992,-83.6986512,239.0,125.0,1.0,314,159
1696357945.9648392,49,ca62cd16,42.3010106,-83.6986507,239.0,125.0,1.2000000000000002,314,159
1696357945.9672952,50,ca62cd16,42.3010206,-83.6986504,239.0,125.0,1.4000000000000001,314,159
1696357945.977751,51,ca62cd16,42.301032,-83.6986499,239.0,125.0,1.6,314,159
1696357945.9823883,52,ca62cd16,42.3010432,-83.6986494,239.0,125.0,1.7000000000000002,314,159
1696357945.9851162,53,ca62cd16,42.3010545,-83.6986488,239.0,125.0,1.9000000000000001,314,159
1696357946.0068328,54,ca62cd16,42.3010657,-83.6986487,239.0,125.0,1.3,314,159
1696357946.0093443,55,ca62cd16,42.3010769,-83.6986483,239.0,125.0,1.4000000000000001,314,159
1696357946.0162354,56,ca62cd16,42.3010882,-83.6986478,239.0,125.0,1.5,314,159
1696357946.0233104,57,ca62cd16,42.3010994,-83.6986474,239.0,125.0,1.6,314,159
1696357946.0277007,58,ca62cd16,42.3011108,-83.6986468,239.0,125.0,1.8,314,159
1696357946.0426679,59,ca62cd16,42.301122,-83.6986463,239.0,125.0,1.9000000000000001,314,159
1696357946.0459268,60,ca62cd16,42.3011333,-83.6986457,239.0,125.0,2.0,314,159
1696357946.0526297,61,ca62cd16,42.3011434,-83.6986452,239.0,125.0,2.1,314,159
1696357946.056632,62,ca62cd16,42.3011546,-83.6986445,239.0,125.0,2.2,314,159
1696357946.062663,63,ca62cd16,42.3011659,-83.6986438,239.0,125.0,2.3000000000000003,314,159
1696357946.065142,64,ca62cd16,42.3011771,-83.6986433,239.0,125.0,2.4000000000000004,314,159
1696357946.0755584,65,ca62cd16,42.3011883,-83.6986426,239.0,125.0,2.5,314,159
1696357946.0781665,66,ca62cd16,42.3011995,-83.6986395,239.0,125.0,7.6000000000000005,314,159
1696357946.0867727,67,ca62cd16,42.3012089,-83.6986285,239.0,125.0,23.900000000000002,314,159
1696357946.0923226,68,ca62cd16,42.3012156,-83.6986142,239.0,125.0,40.2,314,159
1696357946.0944839,69,ca62cd16,42.3012151,-83.6985951,239.0,125.0,67.0,314,159
1696357946.1034575,70,ca62cd16,42.301219,-83.6985825,239.0,125.0,67.0,314,159
1696357946.105723,71,ca62cd16,42.3012234,-83.6985684,239.0,125.0,67.10000000000001,314,159
1696357946.1114507,72,ca62cd16,42.3012278,-83.6985544,239.0,125.0,67.10000000000001,314,159
1696357946.1181586,73,ca62cd16,42.3012321,-83.6985404,239.0,125.0,67.10000000000001,314,159
1696357946.130642,74,ca62cd16,42.3012364,-83.6985263,239.0,125.0,67.2,314,159
1696357946.140227,75,ca62cd16,42.3012408,-83.6985123,239.0,125.0,67.2,314,159
1696357946.1425898,76,ca62cd16,42.3012451,-83.6984983,239.0,125.0,67.2,314,159
1696357946.1448479,77,ca62cd16,42.3012497,-83.6984843,239.0,125.0,67.0,314,159
1696357946.1522667,78,ca62cd16,42.301254,-83.6984703,239.0,125.0,67.0,314,159
1696357946.154705,79,ca62cd16,42.3012584,-83.6984562,239.0,125.0,67.0,314,159
1696357946.1875448,80,ca62cd16,42.3012624,-83.6984436,239.1,125.0,67.0,314,159
1696357946.189527,81,ca62cd16,42.3012668,-83.6984296,239.1,125.0,67.0,314,159
1696357946.1914551,82,ca62cd16,42.3012711,-83.6984156,239.1,125.0,67.0,314,159
1696357946.2009506,83,ca62cd16,42.3012756,-83.6984015,239.1,125.0,67.0,314,159
1696357946.2027745,84,ca62cd16,42.30128,-83.6983877,239.2,125.0,67.0,314,159
1696357946.2045197,85,ca62cd16,42.3012845,-83.6983736,239.2,125.0,67.0,314,159
1696357946.2101903,86,ca62cd16,42.3012888,-83.6983596,239.2,125.0,67.0,314,159
1696357946.2146006,87,ca62cd16,42.3012932,-83.6983456,239.2,125.0,67.0,314,159
1696357946.2168589,88,ca62cd16,42.3012977,-83.6983316,239.3,125.0,67.0,314,159
1696357946.2197804,89,ca62cd16,42.301302,-83.6983175,239.3,125.0,67.0,314,159
1696357946.221629,90,ca62cd16,42.3013063,-83.6983035,239.3,125.0,67.0,314,159
1696357946.2253783,91,ca62cd16,42.3013109,-83.6982895,239.3,125.0,67.0,314,159
1696357946.2290616,92,ca62cd16,42.3013148,-83.6982769,239.4,125.0,67.0,314,159
1696357946.230894,93,ca62cd16,42.3013191,-83.6982628,239.4,125.0,67.0,314,159
1696357946.2383542,94,ca62cd16,42.3013236,-83.6982488,239.4,125.0,67.0,314,159
1696357946.2406008,95,ca62cd16,42.301328,-83.6982348,239.4,125.0,67.0,314,159
1696357946.2423754,96,ca62cd16,42.3013325,-83.6982208,239.5,125.0,67.0,314,159
1696357946.2450204,97,ca62cd16,42.3013368,-83.6982067,239.5,125.0,67.0,314,159
1696357946.2480488,98,ca62cd16,42.3013411,-83.6981927,239.5,125.0,67.0,314,159
1696357946.2501912,99,ca62cd16,42.3013456,-83.6981787,239.6,125.0,67.0,314,159
1696357946.2547102,100,ca62cd16,42.3013495,-83.6981661,239.6,125.0,67.0,314,159
1696357946.256993,101,ca62cd16,42.3013539,-83.6981522,239.6,125.0,67.0,314,159
1696357946.2609417,102,ca62cd16,42.3013584,-83.6981382,239.6,125.0,67.0,314,159
1696357946.2625477,103,ca62cd16,42.3013627,-83.6981242,239.7,125.0,67.0,314,159
1696357946.263857,104,ca62cd16,42.3013671,-83.6981101,239.7,125.0,67.0,314,159
1696357946.2695274,105,ca62cd16,42.3013716,-83.6980961,239.7,125.0,67.0,314,159
1696357946.2714202,106,ca62cd16,42.3013759,-83.6980821,239.7,125.0,67.0,314,159
1696357946.2745333,107,ca62cd16,42.3013804,-83.698068,239.8,125.0,67.0,314,159
1696357946.2763853,108,ca62cd16,42.3013843,-83.6980554,239.8,125.0,67.0,314,159
1696357946.2810469,109,ca62cd16,42.3013887,-83.6980414,239.8,125.0,67.0,314,159
1696357946.283092,110,ca62cd16,42.3013932,-83.6980274,239.8,125.0,67.0,314,159
1696357946.2848144,111,ca62cd16,42.3013975,-83.6980133,239.9,125.0,67.0,314,159
1696357946.2903798,112,ca62cd16,42.3014019,-83.6979993,239.9,125.0,67.0,314,159
1696357946.2926912,113,ca62cd16,42.3014064,-83.6979853,239.9,125.0,67.0,314,159
1696357946.2953558,114,ca62cd16,42.3014107,-83.6979713,239.9,125.0,67.0,314,159
1696357946.2971485,115,ca62cd16,42.3014151,-83.6979572,240.0,125.0,67.0,314,159
1696357946.2989373,116,ca62cd16,42.3014163,-83.6979419,240.4,125.0,78.60000000000001,314,159
1696357946.3243482,117,ca62cd16,42.3014035,-83.6979321,240.9,125.0,134.3,314,159
1696357946.330994,118,ca62cd16,42.3013916,-83.6979285,240.6,125.0,153.70000000000002,314,159
1696357946.3414721,119,ca62cd16,42.3013807,-83.6979307,240.2,125.0,173.20000000000002,314,159
1696357946.343825,120,ca62cd16,42.3013696,-83.6979297,240.0,125.0,171.0,314,159
1696357946.3458483,121,ca62cd16,42.3013581,-83.6979303,240.0,125.0,177.70000000000002,314,159
1696357946.3477795,122,ca62cd16,42.3013469,-83.6979325,240.0,125.0,184.4,314,159
1696357946.3554513,123,ca62cd16,42.3013357,-83.6979321,240.0,125.0,180.20000000000002,314,159
1696357946.3587334,124,ca62cd16,42.3013243,-83.6979322,240.0,125.0,180.20000000000002,314,159
1696357946.3650906,125,ca62cd16,42.3013131,-83.6979322,240.0,125.0,180.20000000000002,314,159
1696357946.3671143,126,ca62cd16,42.3013018,-83.6979324,240.0,125.0,180.20000000000002,314,159
1696357946.3690903,127,ca62cd16,42.3012906,-83.6979324,240.0,125.0,180.3,314,159
1696357946.3757908,0,ca62cd16,42.3012794,-83.6979324,240.0,125.0,180.3,314,159
1696357946.3777668,1,ca62cd16,42.3012681,-83.6979326,240.0,125.0,180.3,314,159
1696357946.3810973,2,ca62cd16,42.3012569,-83.6979326,240.0,125.0,180.3,314,159
1696357946.3847947,3,ca62cd16,42.3012466,-83.6979328,240.0,125.0,180.3,314,159
1696357946.386814,4,ca62cd16,42.3012355,-83.6979329,240.0,125.0,180.4,314,159
1696357946.388815,5,ca62cd16,42.3012241,-83.697933,240.0,125.0,180.4,314,159
1696357946.3965404,6,ca62cd16,42.3012129,-83.6979331,240.0,125.0,180.4,314,159
1696357946.3999014,7,ca62cd16,42.3012016,-83.6979333,240.0,125.0,180.4,314,159
1696357946.402072,8,ca62cd16,42.3011904,-83.6979333,240.0,125.0,180.4,314,159
1696357946.4042754,9,ca62cd16,42.3011792,-83.6979335,240.0,125.0,180.5,314,159
1696357946.4176254,10,ca62cd16,42.3011678,-83.6979336,239.9,125.0,180.20000000000002,314,159
1696357946.4197962,11,ca62cd16,42.3011567,-83.6979336,239.9,125.0,180.20000000000002,314,159
1696357946.4507148,12,ca62cd16,42.3011454,-83.6979336,239.9,125.0,180.20000000000002,314,159
1696357946.461907,13,ca62cd16,42.3011341,-83.6979336,239.8,125.0,180.20000000000002,314,159
1696357946.4640427,14,ca62cd16,42.3011229,-83.6979336,239.8,125.0,180.20000000000002,314,159
1696357946.466204,15,ca62cd16,42.3011126,-83.6979338,239.8,125.0,180.20000000000002,314,159
1696357946.4756885,16,ca62cd16,42.3011014,-83.6979338,239.7,125.0,180.20000000000002,314,159
1696357946.478914,17,ca62cd16,42.3010901,-83.6979338,239.7,125.0,180.20000000000002,314,159
1696357946.494449,18,ca62cd16,42.3010789,-83.6979339,239.6,125.0,180.20000000000002,314,159
1696357946.496583,19,ca62cd16,42.3010676,-83.6979339,239.6,125.0,180.20000000000002,314,159
1696357946.4986632,20,ca62cd16,42.3010564,-83.6979339,239.5,125.0,180.20000000000002,314,159
1696357946.508628,21,ca62cd16,42.3010452,-83.6979341,239.5,125.0,180.20000000000002,314,159
1696357946.5126312,22,ca62cd16,42.3010338,-83.6979341,239.4,125.0,180.20000000000002,314,159
1696357946.518212,23,ca62cd16,42.3010226,-83.6979341,239.4,125.0,180.20000000000002,314,159
1696357946.520795,24,ca62cd16,42.3010113,-83.6979343,239.4,125.0,180.20000000000002,314,159
1696357946.5310986,25,ca62cd16,42.3010001,-83.6979343,239.3,125.0,180.20000000000002,314,159
1696357946.536411,26,ca62cd16,42.3009887,-83.6979343,239.3,125.0,180.20000000000002,314,159
1696357946.539189,27,ca62cd16,42.3009776,-83.6979343,239.2,125.0,180.20000000000002,314,159
1696357946.5456035,28,ca62cd16,42.3009662,-83.6979344,239.2,125.0,180.20000000000002,314,159
1696357946.5491512,29,ca62cd16,42.300955,-83.6979344,239.1,125.0,180.20000000000002,314,159
1696357946.559476,30,ca62cd16,42.300945,-83.6979344,239.1,125.0,180.20000000000002,314,159
1696357946.5625188,31,ca62cd16,42.3009336,-83.6979346,239.1,125.0,180.20000000000002,314,159
1696357946.5685084,32,ca62cd16,42.3009224,-83.6979346,239.0,125.0,180.20000000000002,314,159
1696357946.5722752,33,ca62cd16,42.3009111,-83.6979346,239.0,125.0,180.20000000000002,314,159
1696357946.5750492,34,ca62cd16,42.3008999,-83.6979348,238.9,125.0,180.20000000000002,314,159
1696357946.5773168,35,ca62cd16,42.3008885,-83.6979348,238.9,125.0,180.20000000000002,314,159
1696357946.582315,36,ca62cd16,42.3008773,-83.6979348,238.8,125.0,180.20000000000002,314,159
1696357946.5847273,37,ca62cd16,42.300866,-83.6979348,238.8,125.0,180.20000000000002,314,159
1696357946.5892994,38,ca62cd16,42.3008548,-83.6979349,238.7,125.0,180.20000000000002,314,159
1696357946.5945976,39,ca62cd16,42.3008446,-83.6979349,238.7,125.0,180.20000000000002,314,159
1696357946.636314,40,ca62cd16,42.3008334,-83.6979349,238.7,125.0,180.20000000000002,314,159
1696357946.6476598,41,ca62cd16,42.3008222,-83.6979351,238.6,125.0,180.20000000000002,314,159
1696357946.6507406,42,ca62cd16,42.3008108,-83.6979351,238.6,125.0,180.20000000000002,314,159
1696357946.6528895,43,ca62cd16,42.3007996,-83.6979351,238.5,125.0,180.20000000000002,314,159
1696357946.6611214,44,ca62cd16,42.3007883,-83.6979353,238.5,125.0,180.20000000000002,314,159
1696357946.6649365,45,ca62cd16,42.3007771,-83.6979353,238.4,125.0,180.20000000000002,314,159
1696357946.6720269,46,ca62cd16,42.3007658,-83.6979353,238.4,125.0,180.20000000000002,314,159
1696357946.674937,47,ca62cd16,42.3007546,-83.6979354,238.4,125.0,180.20000000000002,314,159
1696357946.6840594,48,ca62cd16,42.3007432,-83.6979354,238.3,125.0,180.20000000000002,314,159
1696357946.6879084,49,ca62cd16,42.300732,-83.6979354,238.3,125.0,180.20000000000002,314,159
1696357946.6906404,50,ca62cd16,42.3007208,-83.6979354,238.2,125.0,180.20000000000002,314,159
1696357946.699799,51,ca62cd16,42.3007095,-83.6979356,238.2,125.0,180.20000000000002,314,159
1696357946.7020671,52,ca62cd16,42.3006994,-83.6979356,238.1,125.0,180.20000000000002,314,159
1696357946.7069418,53,ca62cd16,42.3006881,-83.6979356,238.1,125.0,180.20000000000002,314,159
1696357946.709344,54,ca62cd16,42.3006769,-83.6979358,238.0,125.0,180.20000000000002,314,159
1696357946.7150288,55,ca62cd16,42.3006655,-83.6979358,238.0,125.0,180.20000000000002,314,159
1696357946.7174056,56,ca62cd16,42.3006544,-83.6979358,238.0,125.0,180.20000000000002,314,159
1696357946.7218406,57,ca62cd16,42.300643,-83.6979359,237.9,125.0,180.20000000000002,314,159
1696357946.724158,58,ca62cd16,42.3006318,-83.6979359,237.9,125.0,180.20000000000002,314,159
1696357946.7288203,59,ca62cd16,42.3006206,-83.6979359,237.8,125.0,180.20000000000002,314,159
1696357946.73107,60,ca62cd16,42.3006093,-83.6979359,237.8,125.0,180.20000000000002,314,159
1696357946.736083,61,ca62cd16,42.3005992,-83.6979361,237.7,125.0,180.20000000000002,314,159
1696357946.7388892,62,ca62cd16,42.3005878,-83.6979361,237.7,125.0,180.20000000000002,314,159
1696357946.7430894,63,ca62cd16,42.3005767,-83.6979361,237.6,125.0,180.20000000000002,314,159
1696357946.7452636,64,ca62cd16,42.3005653,-83.6979363,237.6,125.0,180.20000000000002,314,159
1696357946.7505815,65,ca62cd16,42.3005541,-83.6979363,237.6,125.0,180.20000000000002,314,159
1696357946.7568727,66,ca62cd16,42.3005428,-83.6979363,237.5,125.0,180.20000000000002,314,159
1696357946.759003,67,ca62cd16,42.3005316,-83.6979364,237.5,125.0,180.20000000000002,314,159
1696357946.7647064,68,ca62cd16,42.3005202,-83.6979364,237.4,125.0,180.20000000000002,314,159
1696357946.7704422,69,ca62cd16,42.300509,-83.6979364,237.4,125.0,180.20000000000002,314,159
1696357946.7728944,70,ca62cd16,42.3004979,-83.6979366,237.3,125.0,180.20000000000002,314,159
1696357946.775149,71,ca62cd16,42.3004876,-83.6979366,237.3,125.0,180.20000000000002,314,159
1696357946.7773252,72,ca62cd16,42.3004764,-83.6979366,237.3,125.0,180.20000000000002,314,159
1696357946.7791505,73,ca62cd16,42.3004651,-83.6979366,237.2,125.0,180.20000000000002,314,159
1696357946.7853072,74,ca62cd16,42.3004539,-83.6979368,237.2,125.0,180.20000000000002,314,159
1696357946.8027623,75,ca62cd16,42.3004425,-83.6979368,237.1,125.0,180.20000000000002,314,159
1696357946.8066742,76,ca62cd16,42.3004314,-83.6979368,237.1,125.0,180.20000000000002,314,159
1696357946.8159802,77,ca62cd16,42.30042,-83.6979369,237.0,125.0,180.20000000000002,314,159
1696357946.8319519,78,ca62cd16,42.3004088,-83.6979369,237.0,125.0,180.20000000000002,314,159
1696357946.8347032,79,ca62cd16,42.3003976,-83.6979369,236.9,125.0,180.20000000000002,314,159
1696357946.8417623,80,ca62cd16,42.3003863,-83.6979371,236.9,125.0,180.20000000000002,314,159
1696357946.8504176,81,ca62cd16,42.3003762,-83.6979371,236.9,125.0,180.20000000000002,314,159
1696357946.8527715,82,ca62cd16,42.3003649,-83.6979371,236.8,125.0,180.20000000000002,314,159
1696357946.8667452,83,ca62cd16,42.3003537,-83.6979372,236.8,125.0,180.20000000000002,314,159
1696357946.8688595,84,ca62cd16,42.3003423,-83.6979372,236.7,125.0,180.20000000000002,314,159
1696357946.8710454,85,ca62cd16,42.3003311,-83.6979372,236.7,125.0,180.20000000000002,314,159
1696357946.878371,86,ca62cd16,42.3003198,-83.6979372,236.6,125.0,180.20000000000002,314,159
1696357946.8806949,87,ca62cd16,42.3003086,-83.6979374,236.6,125.0,180.20000000000002,314,159
1696357946.8861418,88,ca62cd16,42.3002974,-83.6979374,236.5,125.0,180.20000000000002,314,159
1696357946.8883681,89,ca62cd16,42.300286,-83.6979374,236.5,125.0,180.20000000000002,314,159
1696357946.8905091,90,ca62cd16,42.3002749,-83.6979376,236.5,125.0,180.20000000000002,314,159
1696357946.906347,91,ca62cd16,42.3002646,-83.6979376,236.4,125.0,180.20000000000002,314,159
1696357946.9116333,92,ca62cd16,42.3002534,-83.6979376,236.4,125.0,180.20000000000002,314,159
1696357946.913898,93,ca62cd16,42.3002421,-83.6979377,236.3,125.0,180.20000000000002,314,159
1696357946.9189582,94,ca62cd16,42.3002309,-83.6979377,236.3,125.0,180.20000000000002,314,159
1696357946.9211626,95,ca62cd16,42.3002195,-83.6979377,236.2,125.0,180.20000000000002,314,159
1696357946.9262843,96,ca62cd16,42.3002084,-83.6979377,236.2,125.0,180.20000000000002,314,159
1696357946.9285316,97,ca62cd16,42.300197,-83.6979379,236.2,125.0,180.20000000000002,314,159
1696357946.933237,98,ca62cd16,42.3001858,-83.6979379,236.1,125.0,180.20000000000002,314,159
1696357946.935255,99,ca62cd16,42.3001746,-83.6979379,236.1,125.0,180.20000000000002,314,159
1696357946.940155,100,ca62cd16,42.3001633,-83.6979381,236.0,125.0,180.20000000000002,314,159
1696357946.9422913,101,ca62cd16,42.3001532,-83.6979381,236.0,125.0,180.20000000000002,314,159
1696357946.9466636,102,ca62cd16,42.3001419,-83.6979387,236.0,125.0,182.8,314,159
1696357946.9488304,103,ca62cd16,42.3001308,-83.6979412,236.0,125.0,186.10000000000002,314,159
1696357946.954592,104,ca62cd16,42.3001197,-83.6979444,236.0,125.0,189.4,314,159
1696357946.956849,105,ca62cd16,42.3001088,-83.6979485,236.0,125.0,192.70000000000002,314,159
1696357946.961695,106,ca62cd16,42.3000982,-83.6979535,236.0,125.0,196.0,314,159
1696357946.9634297,107,ca62cd16,42.3000876,-83.6979593,236.0,125.0,199.3,314,159
1696357946.9650798,108,ca62cd16,42.3000774,-83.6979658,236.0,125.0,202.60000000000002,314,159
1696357946.970201,109,ca62cd16,42.3000676,-83.6979733,236.0,125.0,205.9,314,159
1696357946.9722269,110,ca62cd16,42.3000574,-83.6979796,236.0,125.0,204.5,314,159
1696357946.978066,111,ca62cd16,42.3000474,-83.6979867,236.0,125.0,206.0,314,159
1696357946.9796712,112,ca62cd16,42.3000376,-83.697994,236.0,125.0,207.5,314,159
1696357946.9824586,113,ca62cd16,42.3000277,-83.6980016,236.0,125.0,208.9,314,159
1696357946.9857147,114,ca62cd16,42.3000182,-83.6980096,236.0,125.0,210.4,314,159
1696357946.9871752,115,ca62cd16,42.3000088,-83.698018,236.0,125.0,211.9,314,159
1696357946.992132,116,ca62cd16,42.3000004,-83.6980259,236.0,125.0,213.3,314,159
1696357946.9938064,117,ca62cd16,42.2999913,-83.6980349,236.0,125.0,214.8,314,159
1696357946.999105,118,ca62cd16,42.2999823,-83.6980441,236.0,125.0,216.3,314,159
1696357947.000857,119,ca62cd16,42.2999735,-83.6980537,236.0,125.0,217.70000000000002,314,159
1696357947.0065532,120,ca62cd16,42.2999651,-83.6980635,236.0,125.0,219.20000000000002,314,159
1696357947.0084004,121,ca62cd16,42.2999565,-83.6980733,236.0,125.0,219.8,314,159
1696357947.024565,122,ca62cd16,42.2999486,-83.6980845,236.0,125.0,223.5,314,159
1696357947.0426903,123,ca62cd16,42.2999414,-83.6980962,236.0,125.0,227.20000000000002,314,159
1696357947.0452375,124,ca62cd16,42.2999348,-83.6981086,236.0,125.0,230.8,314,159
1696357947.0477316,125,ca62cd16,42.2999287,-83.6981214,236.0,125.0,234.5,314,159
1696357947.0499494,126,ca62cd16,42.2999232,-83.6981348,236.0,125.0,238.20000000000002,314,159
1696357947.0521152,127,ca62cd16,42.2999186,-83.6981487,236.0,125.0,242.3,314,159
1696357947.065518,0,ca62cd16,42.2999155,-83.6981635,236.0,125.0,248.9,314,159
1696357947.0702121,1,ca62cd16,42.2999139,-83.6981773,236.0,125.0,255.5,314,159
1696357947.073779,2,ca62cd16,42.2999133,-83.6981926,236.0,125.0,262.1,314,159
1696357947.0758426,3,ca62cd16,42.299914,-83.6982079,236.0,125.0,268.7,314,159
1696357947.0826638,4,ca62cd16,42.2999116,-83.698223,236.0,125.0,264.40000000000003,314,159
1696357947.0886827,5,ca62cd16,42.299912,-83.6982383,236.0,125.0,268.7,314,159
1696357947.0961063,6,ca62cd16,42.2999132,-83.6982535,236.0,125.0,273.0,314,159
1696357947.0980213,7,ca62cd16,42.2999105,-83.6982685,236.0,125.0,262.40000000000003,314,159
1696357947.1036947,8,ca62cd16,42.2999089,-83.6982835,236.0,125.0,262.0,314,159
1696357947.1109295,9,ca62cd16,42.2999071,-83.6982985,236.0,125.0,261.6,314,159
1696357947.1129484,10,ca62cd16,42.2999054,-83.6983136,236.0,125.0,261.2,314,159
1696357947.1148846,11,ca62cd16,42.2999036,-83.6983287,236.0,125.0,260.8,314,159
1696357947.1230414,12,ca62cd16,42.2999017,-83.6983437,236.0,125.0,260.40000000000003,314,159
1696357947.1260645,13,ca62cd16,42.2998998,-83.6983571,236.0,125.0,260.1,314,159
1696357947.1409192,14,ca62cd16,42.2998977,-83.6983721,236.0,125.0,259.7,314,159
1696357947.1699064,15,ca62cd16,42.2998956,-83.6983871,236.0,125.0,259.3,314,159
1696357947.1719809,16,ca62cd16,42.2998933,-83.6984019,236.0,125.0,258.90000000000003,314,159
1696357947.178169,17,ca62cd16,42.2998942,-83.6984175,236.0,125.0,267.8,314,159
1696357947.18624,18,ca62cd16,42.2998946,-83.6984327,236.0,125.0,270.5,314,159
1696357947.1998577,19,ca62cd16,42.2998956,-83.6984478,236.0,125.0,273.3,314,159
1696357947.2017953,20,ca62cd16,42.2998972,-83.698463,236.0,125.0,276.0,314,159
1696357947.2036839,21,ca62cd16,42.2998993,-83.6984779,236.0,125.0,278.8,314,159
1696357947.2150974,22,ca62cd16,42.2999018,-83.6984928,236.0,125.0,281.6,314,159
1696357947.2189207,23,ca62cd16,42.2999045,-83.698506,236.0,125.0,283.40000000000003,314,159
1696357947.2279122,24,ca62cd16,42.2999086,-83.6985203,236.0,125.0,288.1,314,159
1696357947.2328029,25,ca62cd16,42.2999133,-83.6985341,236.0,125.0,292.8,314,159
1696357947.2369945,26,ca62cd16,42.2999191,-83.6985474,236.0,125.0,297.40000000000003,314,159
1696357947.2444255,27,ca62cd16,42.2999254,-83.6985599,236.0,125.0,302.1,314,159
1696357947.2483695,28,ca62cd16,42.2999314,-83.6985728,236.0,125.0,302.1,314,159
1696357947.2647216,29,ca62cd16,42.2999367,-83.6985863,236.0,125.0,301.1,314,159
1696357947.26751,30,ca62cd16,42.2999442,-83.6985978,236.0,125.0,304.8,314,159
1696357947.278854,31,ca62cd16,42.2999521,-83.698609,236.0,125.0,308.5,314,159
1696357947.2812803,32,ca62cd16,42.299951,-83.6986265,236.0,125.0,287.90000000000003,314,159
1696357947.2848747,33,ca62cd16,42.2999527,-83.6986418,236.0,125.0,284.1,314,159
1696357947.3016815,34,ca62cd16,42.2999533,-83.6986556,236.0,125.0,280.3,314,159
1696357947.304001,35,ca62cd16,42.2999535,-83.6986709,236.0,125.0,276.5,314,159
1696357947.3167422,36,ca62cd16,42.2999529,-83.6986863,236.0,125.0,272.8,314,159
1696357947.319174,37,ca62cd16,42.2999516,-83.6987015,236.0,125.0,269.0,314,159
1696357947.3346212,38,ca62cd16,42.2999505,-83.6987167,236.0,125.0,267.0,314,159
1696357947.3392408,39,ca62cd16,42.2999486,-83.6987318,236.0,125.0,264.2,314,159
1696357947.3416088,40,ca62cd16,42.2999461,-83.6987468,236.0,125.0,261.40000000000003,314,159
1696357947.352799,41,ca62cd16,42.2999431,-83.6987616,236.0,125.0,258.6,314,159
1696357947.3554585,42,ca62cd16,42.2999395,-83.6987761,236.0,125.0,255.8,314,159
1696357947.3637238,43,ca62cd16,42.2999354,-83.6987902,236.0,125.0,253.0,314,159
1696357947.3694873,44,ca62cd16,42.2999266,-83.6988017,236.0,125.0,241.60000000000002,314,159
1696357947.373709,45,ca62cd16,42.2999198,-83.6988123,236.0,125.0,236.60000000000002,314,159
1696357947.3781304,46,ca62cd16,42.2999117,-83.6988232,236.0,125.0,231.70000000000002,314,159
1696357947.3847,47,ca62cd16,42.2999029,-83.6988331,236.0,125.0,226.8,314,159
1696357947.3917956,48,ca62cd16,42.2998936,-83.6988418,236.0,125.0,221.9,314,159
1696357947.3943474,49,ca62cd16,42.2998838,-83.6988496,236.0,125.0,217.0,314,159
1696357947.4003131,50,ca62cd16,42.2998749,-83.6988589,235.9,125.0,217.4,314,159
1696357947.4056005,51,ca62cd16,42.2998653,-83.6988669,235.8,125.0,214.9,314,159
1696357947.4084156,52,ca62cd16,42.2998554,-83.6988744,235.6,125.0,212.5,314,159
1696357947.4493582,53,ca62cd16,42.2998453,-83.6988811,235.5,125.0,210.0,314,159
1696357947.4583411,54,ca62cd16,42.299835,-83.6988874,235.4,125.0,207.60000000000002,314,159
1696357947.4628878,55,ca62cd16,42.2998246,-83.6988931,235.2,125.0,205.10000000000002,314,159
1696357947.4654987,56,ca62cd16,42.2998138,-83.6988982,235.1,125.0,202.70000000000002,314,159
1696357947.4784439,57,ca62cd16,42.299804,-83.6989018,235.0,125.0,199.9,314,159
1696357947.48107,58,ca62cd16,42.2997928,-83.6989042,235.0,125.0,195.3,314,159
1696357947.4886923,59,ca62cd16,42.2997814,-83.6989056,235.0,125.0,190.8,314,159
1696357947.4983766,60,ca62cd16,42.2997702,-83.6989057,235.0,125.0,186.3,314,159
1696357947.5072496,61,ca62cd16,42.2997587,-83.6989045,235.0,125.0,181.8,314,159
1696357947.512161,62,ca62cd16,42.2997475,-83.6989022,235.0,125.0,177.3,314,159
1696357947.5160358,63,ca62cd16,42.2997364,-83.6988996,234.9,125.0,174.4,314,159
1696357947.520259,64,ca62cd16,42.2997253,-83.6988964,234.8,125.0,171.60000000000002,314,159
1696357947.5279386,65,ca62cd16,42.2997143,-83.6988926,234.6,125.0,168.9,314,159
1696357947.5343266,66,ca62cd16,42.2997035,-83.6988879,234.5,125.0,166.10000000000002,314,159
1696357947.5401974,67,ca62cd16,42.299694,-83.6988831,234.3,125.0,163.4,314,159
1696357947.5439167,68,ca62cd16,42.2996836,-83.6988772,234.2,125.0,160.60000000000002,314,159
1696357947.5485342,69,ca62cd16,42.2996734,-83.6988706,234.0,125.0,157.8,314,159
1696357947.5568109,70,ca62cd16,42.299664,-83.6988621,234.0,125.0,152.8,314,159
1696357947.5825868,71,ca62cd16,42.2996551,-83.6988523,234.0,125.0,147.0,314,159
1696357947.599104,72,ca62cd16,42.2996473,-83.698841,234.0,125.0,141.1,314,159
1696357947.6132498,73,ca62cd16,42.2996401,-83.698829,234.0,125.0,135.3,314,159
1696357947.62204,74,ca62cd16,42.2996341,-83.6988158,234.0,125.0,129.5,314,159
1696357947.632877,75,ca62cd16,42.2996202,-83.6988155,234.0,125.0,153.9,314,159
1696357947.6362488,76,ca62cd16,42.2996084,-83.6988148,234.0,125.0,164.5,314,159
1696357947.6466331,77,ca62cd16,42.2995965,-83.6988226,234.0,125.0,185.20000000000002,314,159
1696357947.655208,78,ca62cd16,42.2995872,-83.6988295,234.0,125.0,195.3,314,159
1696357947.6585011,79,ca62cd16,42.2995779,-83.6988391,234.0,125.0,205.4,314,159
1696357947.6684024,80,ca62cd16,42.2995676,-83.698845,234.0,125.0,202.0,314,159
1696357947.673675,81,ca62cd16,42.2995573,-83.6988511,233.8,125.0,202.5,314,159
1696357947.6766634,82,ca62cd16,42.2995468,-83.6988572,233.7,125.0,203.10000000000002,314,159
1696357947.6887722,83,ca62cd16,42.2995367,-83.6988634,233.5,125.0,203.60000000000002,314,159
1696357947.6928773,84,ca62cd16,42.2995264,-83.6988698,233.4,125.0,204.10000000000002,314,159
1696357947.6992362,85,ca62cd16,42.2995161,-83.6988763,233.2,125.0,204.60000000000002,314,159
1696357947.7076707,86,ca62cd16,42.299506,-83.6988829,233.1,125.0,205.10000000000002,314,159
1696357947.7142072,87,ca62cd16,42.2994974,-83.6988931,232.9,125.0,212.9,314,159
1696357947.7202575,88,ca62cd16,42.299488,-83.6989016,232.9,125.0,213.3,314,159
1696357947.7250605,89,ca62cd16,42.2994796,-83.6989095,232.8,125.0,213.8,314,159
1696357947.7293675,90,ca62cd16,42.2994704,-83.6989182,232.8,125.0,214.3,314,159
1696357947.7413518,91,ca62cd16,42.2994613,-83.6989269,232.7,125.0,214.8,314,159
1696357947.744569,92,ca62cd16,42.2994522,-83.6989359,232.6,125.0,215.3,314,159
1696357947.7544096,93,ca62cd16,42.2994431,-83.6989449,232.6,125.0,215.70000000000002,314,159
1696357947.7574399,94,ca62cd16,42.299434,-83.6989539,232.5,125.0,216.20000000000002,314,159
1696357947.7687435,95,ca62cd16,42.2994251,-83.6989632,232.4,125.0,216.70000000000002,314,159
1696357947.7802355,96,ca62cd16,42.2994161,-83.6989726,232.4,125.0,217.20000000000002,314,159
1696357947.7864995,97,ca62cd16,42.2994074,-83.6989819,232.3,125.0,217.70000000000002,314,159
1696357947.7951956,98,ca62cd16,42.2993985,-83.6989915,232.2,125.0,218.20000000000002,314,159
1696357947.8074155,99,ca62cd16,42.2993899,-83.6990011,232.2,125.0,218.60000000000002,314,159
1696357947.8110209,100,ca62cd16,42.2993811,-83.6990108,232.1,125.0,219.10000000000002,314,159
1696357947.8328862,101,ca62cd16,42.2993734,-83.6990197,232.1,125.0,219.60000000000002,314,159
1696357947.8406398,102,ca62cd16,42.2993648,-83.6990295,232.0,125.0,220.10000000000002,314,159
1696357947.8499992,103,ca62cd16,42.2993577,-83.6990416,232.0,125.0,225.60000000000002,314,159
1696357947.8755352,104,ca62cd16,42.2993499,-83.6990525,232.0,125.0,225.60000000000002,314,159
1696357947.8780084,105,ca62cd16,42.2993421,-83.6990636,232.0,125.0,225.70000000000002,314,159
1696357947.8909678,106,ca62cd16,42.2993342,-83.6990744,232.0,125.0,225.70000000000002,314,159
1696357947.8960338,107,ca62cd16,42.2993264,-83.6990853,232.0,125.0,225.70000000000002,314,159
1696357947.8990877,108,ca62cd16,42.2993185,-83.6990963,232.0,125.0,225.8,314,159
1696357947.9437222,109,ca62cd16,42.2993107,-83.6991072,232.0,125.0,225.8,314,159
1696357947.9470809,110,ca62cd16,42.2993029,-83.699118,232.0,125.0,225.8,314,159
1696357947.9588501,111,ca62cd16,42.299295,-83.6991291,232.0,125.0,225.9,314,159
1696357947.9751768,112,ca62cd16,42.2992871,-83.6991398,232.0,125.0,225.60000000000002,314,159
1696357947.9786768,113,ca62cd16,42.2992798,-83.6991495,232.0,125.0,225.10000000000002,314,159
1696357947.9883814,114,ca62cd16,42.2992798,-83.6991495,232.0,125.0,225.10000000000002,314,159
1696357947.9953678,115,ca62cd16,42.2992798,-83.6991495,232.0,125.0,225.10000000000002,314,159
1696357947.9988923,116,ca62cd16,42.299293,-83.6991678,232.0,125.0,320.5,314,159
1696357948.0080185,117,ca62cd16,42.2993017,-83.6991775,232.0,125.0,320.5,314,159
1696357948.014755,118,ca62cd16,42.2993103,-83.699187,232.0,125.0,320.5,314,159
1696357948.0236866,119,ca62cd16,42.299319,-83.6991967,232.0,125.0,320.5,314,159
1696357948.0309966,120,ca62cd16,42.2993296,-83.6992027,232.0,125.0,331.3,314,159
1696357948.0345862,121,ca62cd16,42.29934,-83.6992089,232.0,125.0,333.90000000000003,314,159
1696357948.0442824,122,ca62cd16,42.2993504,-83.6992143,232.0,125.0,336.40000000000003,314,159
1696357948.051263,123,ca62cd16,42.2993602,-83.6992187,232.0,125.0,339.0,314,159
1696357948.068309,124,ca62cd16,42.2993709,-83.6992229,232.0,125.0,341.5,314,159
1696357948.0721455,125,ca62cd16,42.2993818,-83.6992265,232.0,125.0,344.1,314,159
1696357948.0794861,126,ca62cd16,42.2993929,-83.6992301,232.0,125.0,345.20000000000005,314,159
1696357948.0861886,127,ca62cd16,42.2994039,-83.6992333,232.2,125.0,346.70000000000005,314,159
1696357948.0946953,0,ca62cd16,42.299415,-83.6992361,232.3,125.0,348.1,314,159
1696357948.1006987,1,ca62cd16,42.2994261,-83.6992386,232.5,125.0,349.6,314,159
1696357948.1086626,2,ca62cd16,42.2994373,-83.6992405,232.6,125.0,351.1,314,159
1696357948.1159112,3,ca62cd16,42.2994484,-83.6992422,232.8,125.0,352.5,314,159
1696357948.1230042,4,ca62cd16,42.2994597,-83.6992435,232.9,125.0,354.0,314,159
1696357948.1288514,5,ca62cd16,42.29947,-83.6992427,233.0,125.0,358.40000000000003,314,159
