Time(s),VehicleType,VehicleSpeed(m/s),RoadGrade(rad)
0.0,toyota.prius,0.0,0.93104
0.1,toyota.prius,0.0,0.93104
0.2,toyota.prius,0.0,0.93104
0.3,toyota.prius,0.0,0.93104
0.4,toyota.prius,0.0,0.93104
0.51,toyota.prius,0.0,0.93104
0.61,toyota.prius,0.0,0.93104
0.71,toyota.prius,0.0,0.93104
0.81,toyota.prius,0.0,0.93104
0.91,toyota.prius,0.0,0.93104
1.01,toyota.prius,0.0,0.93104
1.11,toyota.prius,0.0,0.93104
1.21,toyota.prius,0.0,0.93104
1.32,toyota.prius,0.0,0.93104
1.42,toyota.prius,0.0,0.93104
1.52,toyota.prius,0.0,0.93104
1.62,toyota.prius,0.0,0.93104
1.72,toyota.prius,0.0,0.93104
1.82,toyota.prius,0.0,0.93104
1.92,toyota.prius,0.0,0.93104
2.02,toyota.prius,0.0,0.93104
2.13,toyota.prius,0.0,0.93104
2.23,toyota.prius,0.0,0.93104
2.33,toyota.prius,0.0,0.93104
2.43,toyota.prius,0.0,0.93104
2.53,toyota.prius,0.0,0.93104
2.63,toyota.prius,0.0,0.93104
2.73,toyota.prius,0.0,0.93104
2.83,toyota.prius,0.0,0.93104
2.93,toyota.prius,0.0,0.93104
3.04,toyota.prius,0.0,0.93104
3.14,toyota.prius,0.0,0.93104
3.24,toyota.prius,0.0,0.93104
3.34,toyota.prius,0.0,0.93104
3.44,toyota.prius,0.0,0.93104
3.54,toyota.prius,0.0,0.93104
3.64,toyota.prius,0.0,0.93104
3.75,toyota.prius,0.0,0.93104
3.85,toyota.prius,0.0,0.93104
3.95,toyota.prius,0.0,0.93104
4.05,toyota.prius,0.0,0.93104
4.15,toyota.prius,0.0,0.93104
4.25,toyota.prius,0.0,0.93104
4.35,toyota.prius,0.0,0.93104
4.45,toyota.prius,0.0,0.93104
4.56,toyota.prius,0.0,0.93104
4.66,toyota.prius,0.0,0.93104
4.76,toyota.prius,0.0,0.93104
4.86,toyota.prius,0.0,0.93104
4.96,toyota.prius,0.0,0.93104
5.06,toyota.prius,0.0,0.93104
5.17,toyota.prius,0.0,0.93104
5.27,toyota.prius,0.0,0.93104
5.37,toyota.prius,0.0,0.93104
5.47,toyota.prius,0.0,0.93104
5.57,toyota.prius,0.0,0.93104
5.67,toyota.prius,0.0,0.93104
5.77,toyota.prius,0.0,0.93104
5.87,toyota.prius,0.0,0.93104
5.98,toyota.prius,0.0,0.93104
6.08,toyota.prius,0.0,0.93104
6.18,toyota.prius,0.0,0.93104
6.28,toyota.prius,0.0,0.93104
6.38,toyota.prius,0.0,0.93104
6.48,toyota.prius,0.0,0.93104
6.58,toyota.prius,0.0,0.93104
6.69,toyota.prius,0.0,0.93104
6.79,toyota.prius,0.0,0.93104
6.89,toyota.prius,0.0,0.93104
6.99,toyota.prius,0.0,0.93104
7.09,toyota.prius,0.0,0.93104
7.19,toyota.prius,0.0,0.93104
7.29,toyota.prius,0.0,0.93104
7.4,toyota.prius,0.0,0.93104
7.5,toyota.prius,0.0,0.93104
7.6,toyota.prius,0.0,0.93104
7.7,toyota.prius,0.0,0.93104
7.8,toyota.prius,0.0,0.93104
7.9,toyota.prius,0.0,0.93104
8.0,toyota.prius,0.0,0.93104
8.11,toyota.prius,0.0,0.93104
8.21,toyota.prius,0.0,0.93104
8.31,toyota.prius,0.0,0.93104
8.41,toyota.prius,0.0,0.93104
8.51,toyota.prius,0.0,0.93104
8.61,toyota.prius,0.0,0.93104
8.71,toyota.prius,0.0,0.93104
8.82,toyota.prius,0.0,0.93104
8.92,toyota.prius,0.0,0.93104
9.02,toyota.prius,0.0,0.93104
9.12,toyota.prius,0.0,0.93104
9.22,toyota.prius,0.0,0.93104
9.32,toyota.prius,0.0,0.93104
9.42,toyota.prius,0.0,0.93104
9.53,toyota.prius,0.0,0.93104
9.63,toyota.prius,0.0,0.93104
9.73,toyota.prius,0.0,0.93104
9.83,toyota.prius,0.0,0.93104
9.93,toyota.prius,0.0,0.93104
10.03,toyota.prius,0.0,0.93104
10.13,toyota.prius,0.0,0.93104
10.24,toyota.prius,0.0,0.93104
10.34,toyota.prius,0.0,0.93104
10.44,toyota.prius,0.0,0.93104
10.54,toyota.prius,0.0,0.93104
10.64,toyota.prius,0.0,0.93104
10.74,toyota.prius,0.0,0.93104
10.84,toyota.prius,0.0,0.93104
10.94,toyota.prius,0.0,0.93104
11.05,toyota.prius,0.0,0.93104
11.15,toyota.prius,0.0,0.93104
11.25,toyota.prius,0.0,0.93104
11.35,toyota.prius,0.0,0.93104
11.45,toyota.prius,0.0,0.93104
11.55,toyota.prius,0.0,0.93104
11.65,toyota.prius,0.0,0.93104
11.76,toyota.prius,0.0,0.93104
11.86,toyota.prius,0.0,0.93104
11.96,toyota.prius,0.0,0.93104
12.06,toyota.prius,0.0,0.93104
12.16,toyota.prius,0.0,0.93104
12.26,toyota.prius,0.0,0.93104
12.36,toyota.prius,0.0,0.93104
12.47,toyota.prius,0.0,0.93104
12.57,toyota.prius,0.0,0.93104
12.67,toyota.prius,0.0,0.93104
12.77,toyota.prius,0.0,0.93104
12.87,toyota.prius,0.0,0.93104
12.97,toyota.prius,0.0,0.93104
13.07,toyota.prius,0.0,0.93104
13.18,toyota.prius,0.0,0.93104
13.28,toyota.prius,0.0,0.93104
13.38,toyota.prius,0.0,0.93104
13.48,toyota.prius,0.0,0.93104
13.58,toyota.prius,0.0,0.93104
13.68,toyota.prius,0.0,0.93104
13.78,toyota.prius,0.0,0.93104
13.88,toyota.prius,0.0,0.93104
13.99,toyota.prius,0.0,0.93104
14.09,toyota.prius,0.0,0.93104
14.19,toyota.prius,0.0,0.93104
14.29,toyota.prius,0.0,0.93104
14.39,toyota.prius,0.0,0.93104
14.49,toyota.prius,0.0,0.93104
14.59,toyota.prius,0.0,0.93104
14.7,toyota.prius,0.0,0.93104
14.8,toyota.prius,0.0,0.93104
14.9,toyota.prius,0.0,0.93104
15.0,toyota.prius,0.0,0.93104
15.1,toyota.prius,0.0,0.93104
15.2,toyota.prius,0.0,0.93104
15.3,toyota.prius,0.0,0.93104
15.41,toyota.prius,0.0,0.93104
15.51,toyota.prius,0.0,0.93104
15.61,toyota.prius,0.0,0.93104
15.71,toyota.prius,0.0,0.93104
15.81,toyota.prius,0.0,0.93104
15.91,toyota.prius,0.0,0.93104
16.01,toyota.prius,0.0,0.93104
16.11,toyota.prius,0.0,0.93104
16.22,toyota.prius,0.0,0.93104
16.32,toyota.prius,0.0,0.93104
16.42,toyota.prius,0.0,0.93104
16.52,toyota.prius,0.0,0.93104
16.62,toyota.prius,0.0,0.93104
16.72,toyota.prius,0.0,0.93104
16.82,toyota.prius,0.0,0.93104
16.93,toyota.prius,0.0,0.93104
17.03,toyota.prius,0.0,0.93104
17.13,toyota.prius,0.0,0.93104
17.23,toyota.prius,0.0,0.93104
17.33,toyota.prius,0.0,0.93104
17.43,toyota.prius,0.0,0.93104
17.53,toyota.prius,0.0,0.93104
17.64,toyota.prius,0.0,0.93104
17.74,toyota.prius,0.0,0.93104
17.84,toyota.prius,0.0,0.93104
17.94,toyota.prius,0.0,0.93104
18.04,toyota.prius,0.0,0.93104
18.14,toyota.prius,0.0,0.93104
18.24,toyota.prius,0.0,0.93104
18.35,toyota.prius,0.0,0.93104
18.45,toyota.prius,0.0,0.93104
18.55,toyota.prius,0.0,0.93104
18.65,toyota.prius,0.0,0.93104
18.75,toyota.prius,0.0,0.93104
18.85,toyota.prius,0.0,0.93104
18.95,toyota.prius,0.0,0.93104
19.06,toyota.prius,0.0,0.93104
19.16,toyota.prius,0.0,0.93104
19.26,toyota.prius,0.0,0.93104
19.36,toyota.prius,0.0,0.93104
19.46,toyota.prius,0.0,0.93104
19.56,toyota.prius,0.0,0.93104
19.66,toyota.prius,0.0,0.93104
19.77,toyota.prius,0.0,0.93104
19.87,toyota.prius,0.0,0.93104
19.97,toyota.prius,0.0,0.93104
20.07,toyota.prius,0.0,0.93104
20.17,toyota.prius,0.0,0.93104
20.27,toyota.prius,0.0,0.93104
20.37,toyota.prius,0.0,0.93104
20.48,toyota.prius,0.0,0.93104
20.58,toyota.prius,0.0,0.93104
20.68,toyota.prius,0.0,0.93104
20.78,toyota.prius,0.0,0.93104
20.88,toyota.prius,0.0,0.93104
20.98,toyota.prius,0.0,0.93104
21.08,toyota.prius,0.0,0.93104
21.19,toyota.prius,0.0,0.93104
21.29,toyota.prius,0.0,0.93104
21.39,toyota.prius,0.0,0.93104
21.49,toyota.prius,0.0,0.93104
21.59,toyota.prius,0.0,0.93104
21.69,toyota.prius,0.0,0.93104
21.79,toyota.prius,0.0,0.93104
21.9,toyota.prius,0.0,0.93104
22.0,toyota.prius,0.0,0.93104
22.1,toyota.prius,0.0,0.93104
22.2,toyota.prius,0.0,0.93104
22.3,toyota.prius,0.0,0.93104
22.4,toyota.prius,0.0,0.93104
22.5,toyota.prius,0.0,0.93104
22.61,toyota.prius,0.0,0.93104
22.71,toyota.prius,0.0,0.93104
22.81,toyota.prius,0.0,0.93104
22.91,toyota.prius,0.0,0.93104
23.01,toyota.prius,0.0,0.93104
23.11,toyota.prius,0.0,0.93104
23.21,toyota.prius,0.0,0.93104
23.32,toyota.prius,0.0,0.93104
23.42,toyota.prius,0.0,0.93104
23.52,toyota.prius,0.0,0.93104
23.62,toyota.prius,0.0,0.93104
23.72,toyota.prius,0.0,0.93104
23.82,toyota.prius,0.0,0.93104
23.92,toyota.prius,0.0,0.93104
24.03,toyota.prius,0.0,0.93104
24.13,toyota.prius,0.0,0.93104
24.23,toyota.prius,0.0,0.93104
24.33,toyota.prius,0.0,0.93104
24.43,toyota.prius,0.0,0.93104
24.53,toyota.prius,0.0,0.93104
24.63,toyota.prius,0.0,0.93104
24.73,toyota.prius,0.0,0.93104
24.84,toyota.prius,0.0,0.93104
24.94,toyota.prius,0.0,0.93104
25.04,toyota.prius,0.0,0.93104
25.14,toyota.prius,0.0,0.93104
25.24,toyota.prius,0.0,0.93104
25.34,toyota.prius,0.0,0.93104
25.44,toyota.prius,0.0,0.93104
25.55,toyota.prius,0.0,0.93104
25.65,toyota.prius,0.0,0.93104
25.75,toyota.prius,0.0,0.93104
25.85,toyota.prius,0.0,0.93104
25.95,toyota.prius,0.0,0.93104
26.05,toyota.prius,0.0,0.93104
26.15,toyota.prius,0.0,0.93104
26.26,toyota.prius,0.0,0.93104
26.36,toyota.prius,0.0,0.93104
26.46,toyota.prius,0.0,0.93104
26.56,toyota.prius,0.0,0.93104
26.66,toyota.prius,0.0,0.93104
26.76,toyota.prius,0.0,0.93104
26.86,toyota.prius,0.0,0.93104
26.97,toyota.prius,0.0,0.93104
27.07,toyota.prius,0.0,0.93104
27.17,toyota.prius,0.0,0.93104
27.27,toyota.prius,0.0,0.93104
27.37,toyota.prius,0.0,0.93104
27.47,toyota.prius,0.0,0.93104
27.57,toyota.prius,0.0,0.93104
27.67,toyota.prius,0.0,0.93104
27.78,toyota.prius,0.0,0.93104
27.88,toyota.prius,0.0,0.93104
27.98,toyota.prius,0.0,0.93104
28.08,toyota.prius,0.0,0.93104
28.18,toyota.prius,0.0,0.93104
28.28,toyota.prius,0.0,0.93104
28.39,toyota.prius,0.0,0.93104
28.49,toyota.prius,0.0,0.93104
28.59,toyota.prius,0.0,0.93104
28.69,toyota.prius,0.0,0.93104
28.79,toyota.prius,0.0,0.93104
28.89,toyota.prius,0.0,0.93104
28.99,toyota.prius,0.0,0.93104
29.1,toyota.prius,0.0,0.93104
29.2,toyota.prius,0.0,0.93104
29.3,toyota.prius,0.0,0.93104
29.4,toyota.prius,0.0,0.93104
29.5,toyota.prius,0.0,0.93104
29.6,toyota.prius,0.0,0.93104
29.7,toyota.prius,0.0,0.93104
29.81,toyota.prius,0.0,0.93104
29.91,toyota.prius,0.0,0.93104
30.01,toyota.prius,0.0,0.93104
30.11,toyota.prius,0.0,0.93104
30.21,toyota.prius,0.0,0.93104
30.31,toyota.prius,0.0,0.93104
30.41,toyota.prius,0.0,0.93104
30.51,toyota.prius,0.0,0.93104
30.62,toyota.prius,0.0,0.93104
30.72,toyota.prius,0.0,0.93104
30.82,toyota.prius,0.0,0.93104
30.92,toyota.prius,0.0,0.93104
31.02,toyota.prius,0.0,0.93104
31.12,toyota.prius,0.0,0.93104
31.22,toyota.prius,0.0,0.93104
31.33,toyota.prius,0.0,0.93104
31.43,toyota.prius,0.0,0.93104
31.53,toyota.prius,0.0,0.93104
31.63,toyota.prius,0.0,0.93104
31.73,toyota.prius,0.0,0.93104
31.83,toyota.prius,0.0,0.93104
31.93,toyota.prius,0.0,0.93104
32.04,toyota.prius,0.0,0.93104
32.14,toyota.prius,0.0,0.93104
32.24,toyota.prius,0.0,0.93104
32.34,toyota.prius,0.0,0.93104
32.44,toyota.prius,0.0,0.93104
32.54,toyota.prius,0.0,0.93104
32.64,toyota.prius,0.0,0.93104
32.74,toyota.prius,0.0,0.93104
32.85,toyota.prius,0.0,0.93104
32.95,toyota.prius,0.0,0.93104
33.05,toyota.prius,0.0,0.93104
33.15,toyota.prius,0.0,0.93104
33.25,toyota.prius,0.0,0.93104
33.35,toyota.prius,0.0,0.93104
33.45,toyota.prius,0.0,0.93104
33.56,toyota.prius,0.0,0.93104
33.66,toyota.prius,0.0,0.93104
33.76,toyota.prius,0.0,0.93104
33.86,toyota.prius,0.0,0.93104
33.96,toyota.prius,0.0,0.93104
34.06,toyota.prius,0.0,0.93104
34.16,toyota.prius,0.0,0.93104
34.27,toyota.prius,0.0,0.93104
34.37,toyota.prius,0.0,0.93104
34.47,toyota.prius,0.0,0.93104
34.57,toyota.prius,0.0,0.93104
34.67,toyota.prius,0.0,0.93104
34.77,toyota.prius,0.0,0.93104
34.87,toyota.prius,0.0,0.93104
34.97,toyota.prius,0.0,0.93104
35.08,toyota.prius,0.0,0.93104
35.18,toyota.prius,0.0,0.93104
35.28,toyota.prius,0.0,0.93104
35.38,toyota.prius,0.0,0.93104
35.48,toyota.prius,0.0,0.93104
35.58,toyota.prius,0.0,0.93104
35.68,toyota.prius,0.0,0.93104
35.79,toyota.prius,0.0,0.93104
35.89,toyota.prius,0.0,0.93104
35.99,toyota.prius,0.0,0.93104
36.09,toyota.prius,0.0,0.93104
36.19,toyota.prius,0.0,0.93104
36.29,toyota.prius,0.0,0.93104
36.39,toyota.prius,0.0,0.93104
36.5,toyota.prius,0.0,0.93104
36.6,toyota.prius,0.0,0.93104
36.7,toyota.prius,0.0,0.93104
36.8,toyota.prius,0.0,0.93104
36.9,toyota.prius,0.0,0.93104
37.0,toyota.prius,0.0,0.93104
37.1,toyota.prius,0.0,0.93104
37.21,toyota.prius,0.0,0.93104
37.31,toyota.prius,0.0,0.93104
37.41,toyota.prius,0.0,0.93104
37.51,toyota.prius,0.0,0.93104
37.61,toyota.prius,0.0,0.93104
37.71,toyota.prius,0.0,0.93104
37.81,toyota.prius,0.0,0.93104
37.91,toyota.prius,0.0,0.93104
38.02,toyota.prius,0.0,0.93104
38.12,toyota.prius,0.0,0.93104
38.22,toyota.prius,0.0,0.93104
38.32,toyota.prius,0.0,0.93104
38.42,toyota.prius,0.0,0.93104
38.52,toyota.prius,0.0,0.93104
38.62,toyota.prius,0.0,0.93104
38.73,toyota.prius,0.0,0.93104
38.83,toyota.prius,0.0,0.93104
38.93,toyota.prius,0.0,0.93104
39.03,toyota.prius,0.0,0.93104
39.13,toyota.prius,0.0,0.93104
39.23,toyota.prius,0.0,0.93104
39.34,toyota.prius,0.0,0.93104
39.44,toyota.prius,0.0,0.93104
39.54,toyota.prius,0.0,0.93104
39.64,toyota.prius,0.0,0.93104
39.74,toyota.prius,0.0,0.93104
39.84,toyota.prius,0.0,0.93104
39.94,toyota.prius,0.0,0.93104
40.04,toyota.prius,0.0,0.93104
40.15,toyota.prius,0.0,0.93104
40.25,toyota.prius,0.0,0.93104
40.35,toyota.prius,0.0,0.93104
40.45,toyota.prius,0.0,0.93104
40.55,toyota.prius,0.0,0.93104
40.65,toyota.prius,0.0,0.93104
40.75,toyota.prius,0.0,0.93104
40.86,toyota.prius,0.0,0.93104
40.96,toyota.prius,0.0,0.93104
41.06,toyota.prius,0.0,0.93104
41.16,toyota.prius,0.0,0.93104
41.26,toyota.prius,0.0,0.93104
41.36,toyota.prius,0.0,0.93104
41.46,toyota.prius,0.0,0.93104
41.57,toyota.prius,0.0,0.93104
41.67,toyota.prius,0.0,0.93104
41.77,toyota.prius,0.0,0.93104
41.87,toyota.prius,0.0,0.93104
41.97,toyota.prius,0.0,0.93104
42.07,toyota.prius,0.0,0.93104
42.17,toyota.prius,0.0,0.93104
42.28,toyota.prius,0.0,0.93104
42.38,toyota.prius,0.0,0.93104
42.48,toyota.prius,0.0,0.93104
42.58,toyota.prius,0.0,0.93104
42.68,toyota.prius,0.0,0.93104
42.78,toyota.prius,0.0,0.93104
42.88,toyota.prius,0.0,0.93104
42.99,toyota.prius,0.0,0.93104
43.09,toyota.prius,0.0,0.93104
43.19,toyota.prius,0.0,0.93104
43.29,toyota.prius,0.0,0.93104
43.39,toyota.prius,0.0,0.93104
43.49,toyota.prius,0.0,0.93104
43.59,toyota.prius,0.0,0.93104
43.7,toyota.prius,0.0,0.93104
43.8,toyota.prius,0.0,0.93104
43.9,toyota.prius,0.0,0.93104
44.0,toyota.prius,0.0,0.93104
44.1,toyota.prius,0.0,0.93104
44.2,toyota.prius,0.0,0.93104
44.3,toyota.prius,0.0,0.93104
44.41,toyota.prius,0.0,0.93104
44.51,toyota.prius,0.0,0.93104
44.61,toyota.prius,0.0,0.93104
44.71,toyota.prius,0.0,0.93104
44.81,toyota.prius,0.0,0.93104
44.91,toyota.prius,0.0,0.93104
45.01,toyota.prius,0.0,0.93104
45.12,toyota.prius,0.0,0.93104
45.22,toyota.prius,0.0,0.93104
45.32,toyota.prius,0.0,0.93104
45.42,toyota.prius,0.0,0.93104
45.52,toyota.prius,0.0,0.93104
45.62,toyota.prius,0.0,0.93104
45.72,toyota.prius,0.0,0.93104
45.82,toyota.prius,0.0,0.93104
45.93,toyota.prius,0.0,0.93104
46.03,toyota.prius,0.0,0.93104
46.13,toyota.prius,0.0,0.93104
46.23,toyota.prius,0.0,0.93104
46.33,toyota.prius,0.0,0.93104
46.43,toyota.prius,0.0,0.93104
46.54,toyota.prius,0.0,0.93104
46.64,toyota.prius,0.0,0.93104
46.74,toyota.prius,0.0,0.93104
46.84,toyota.prius,0.0,0.93104
46.94,toyota.prius,0.0,0.93104
47.04,toyota.prius,0.0,0.93104
47.14,toyota.prius,0.0,0.93104
47.25,toyota.prius,0.0,0.93104
47.35,toyota.prius,0.0,0.93104
47.45,toyota.prius,0.0,0.93104
47.55,toyota.prius,0.0,0.93104
47.65,toyota.prius,0.0,0.93104
47.75,toyota.prius,0.0,0.93104
47.85,toyota.prius,0.0,0.93104
47.96,toyota.prius,0.0,0.93104
48.06,toyota.prius,0.0,0.93104
48.16,toyota.prius,0.0,0.93104
48.26,toyota.prius,0.0,0.93104
48.36,toyota.prius,0.0,0.93104
48.46,toyota.prius,0.0,0.93104
48.56,toyota.prius,0.0,0.93104
48.67,toyota.prius,0.0,0.93104
48.77,toyota.prius,0.0,0.93104
48.87,toyota.prius,0.0,0.93104
48.97,toyota.prius,0.0,0.93104
49.07,toyota.prius,0.0,0.93104
49.17,toyota.prius,0.0,0.93104
49.27,toyota.prius,0.0,0.93104
49.37,toyota.prius,0.0,0.93104
49.48,toyota.prius,0.0,0.93104
49.58,toyota.prius,0.0,0.93104
49.68,toyota.prius,0.0,0.93104
49.78,toyota.prius,0.0,0.93104
49.88,toyota.prius,0.0,0.93104
49.98,toyota.prius,0.0,0.93104
50.08,toyota.prius,0.0,0.93104
50.19,toyota.prius,0.0,0.93104
50.29,toyota.prius,0.0,0.93104
50.39,toyota.prius,0.0,0.93104
50.49,toyota.prius,0.0,0.93104
50.59,toyota.prius,0.0,0.93104
50.69,toyota.prius,0.0,0.93104
50.79,toyota.prius,0.0,0.93104
50.9,toyota.prius,0.0,0.93104
51.0,toyota.prius,0.0,0.93104
51.1,toyota.prius,0.0,0.93104
51.2,toyota.prius,0.0,0.93104
51.3,toyota.prius,0.0,0.93104
51.4,toyota.prius,0.0,0.93104
51.5,toyota.prius,0.0,0.93104
51.61,toyota.prius,0.0,0.93104
51.71,toyota.prius,0.0,0.93104
51.81,toyota.prius,0.0,0.93104
51.91,toyota.prius,0.0,0.93104
52.01,toyota.prius,0.0,0.93104
52.11,toyota.prius,0.0,0.93104
52.21,toyota.prius,0.0,0.93104
52.31,toyota.prius,0.0,0.93104
52.42,toyota.prius,0.0,0.93104
52.52,toyota.prius,0.0,0.93104
52.62,toyota.prius,0.0,0.93104
52.72,toyota.prius,0.0,0.93104
52.82,toyota.prius,0.0,0.93104
52.92,toyota.prius,0.0,0.93104
53.02,toyota.prius,0.0,0.93104
53.13,toyota.prius,0.0,0.93104
53.23,toyota.prius,0.0,0.93104
53.33,toyota.prius,0.0,0.93104
53.43,toyota.prius,0.0,0.93104
53.53,toyota.prius,0.0,0.93104
53.63,toyota.prius,0.0,0.93104
53.73,toyota.prius,0.0,0.93104
53.83,toyota.prius,0.0,0.93104
53.94,toyota.prius,0.0,0.93104
54.04,toyota.prius,0.0,0.93104
54.14,toyota.prius,0.0,0.93104
54.24,toyota.prius,0.0,0.93104
54.34,toyota.prius,0.0,0.93104
54.44,toyota.prius,0.0,0.93104
54.54,toyota.prius,0.0,0.93104
54.65,toyota.prius,0.0,0.93104
54.75,toyota.prius,0.0,0.93104
54.85,toyota.prius,0.0,0.93104
54.95,toyota.prius,0.0,0.93104
55.05,toyota.prius,0.0,0.93104
55.15,toyota.prius,0.0,0.93104
55.25,toyota.prius,0.0,0.93104
55.35,toyota.prius,0.0,0.93104
55.46,toyota.prius,0.0,0.93104
55.56,toyota.prius,0.0,0.93104
55.66,toyota.prius,0.0,0.93104
55.76,toyota.prius,0.0,0.93104
55.86,toyota.prius,0.0,0.93104
55.96,toyota.prius,0.0,0.93104
56.06,toyota.prius,0.0,0.93104
56.17,toyota.prius,0.0,0.93104
56.27,toyota.prius,0.0,0.93104
56.37,toyota.prius,0.0,0.93104
56.47,toyota.prius,0.0,0.93104
56.57,toyota.prius,0.0,0.93104
56.67,toyota.prius,0.0,0.93104
56.77,toyota.prius,0.0,0.93104
56.88,toyota.prius,0.0,0.93104
56.98,toyota.prius,0.0,0.93104
57.08,toyota.prius,0.0,0.93104
57.18,toyota.prius,0.0,0.93104
57.28,toyota.prius,0.0,0.93104
57.38,toyota.prius,0.0,0.93104
57.48,toyota.prius,0.0,0.93104
57.59,toyota.prius,0.0,0.93104
57.69,toyota.prius,0.0,0.93104
57.79,toyota.prius,0.0,0.93104
57.89,toyota.prius,0.0,0.93104
57.99,toyota.prius,0.0,0.93104
58.09,toyota.prius,0.0,0.93104
58.19,toyota.prius,0.0,0.93104
58.29,toyota.prius,0.0,0.93104
58.4,toyota.prius,0.0,0.93104
58.5,toyota.prius,0.0,0.93104
58.6,toyota.prius,0.0,0.93104
58.7,toyota.prius,0.0,0.93104
58.8,toyota.prius,0.0,0.93104
58.9,toyota.prius,0.0,0.93104
59.0,toyota.prius,0.0,0.93104
59.11,toyota.prius,0.0,0.93104
59.21,toyota.prius,0.0,0.93104
59.31,toyota.prius,0.0,0.93104
59.41,toyota.prius,0.0,0.93104
59.51,toyota.prius,0.0,0.93104
59.61,toyota.prius,0.0,0.93104
59.71,toyota.prius,0.0,0.93104
59.82,toyota.prius,0.0,0.93104
59.92,toyota.prius,0.0,0.93104
60.02,toyota.prius,0.0,0.93104
60.12,toyota.prius,0.0,0.93104
60.22,toyota.prius,0.0,0.93104
60.32,toyota.prius,0.0,0.93104
60.42,toyota.prius,0.0,0.93104
60.53,toyota.prius,0.0,0.93104
60.63,toyota.prius,0.0,0.93104
60.73,toyota.prius,0.0,0.93104
60.83,toyota.prius,0.0,0.93104
60.93,toyota.prius,0.0,0.93104
61.03,toyota.prius,0.0,0.93104
61.13,toyota.prius,0.0,0.93104
61.23,toyota.prius,0.0,0.93104
61.34,toyota.prius,0.0,0.93104
61.44,toyota.prius,0.0,0.93104
61.54,toyota.prius,0.0,0.93104
61.64,toyota.prius,0.0,0.93104
61.74,toyota.prius,0.0,0.93104
61.84,toyota.prius,0.0,0.93104
61.94,toyota.prius,0.0,0.93104
62.05,toyota.prius,0.0,0.93104
62.15,toyota.prius,0.0,0.93104
62.25,toyota.prius,0.0,0.93104
62.35,toyota.prius,0.0,0.93104
62.45,toyota.prius,0.0,0.93104
62.55,toyota.prius,0.0,0.93104
62.65,toyota.prius,0.0,0.93104
62.75,toyota.prius,0.0,0.93104
62.86,toyota.prius,0.0,0.93104
62.96,toyota.prius,0.0,0.93104
63.06,toyota.prius,0.0,0.93104
63.16,toyota.prius,0.0,0.93104
63.26,toyota.prius,0.0,0.93104
63.36,toyota.prius,0.0,0.93104
63.46,toyota.prius,0.0,0.93104
63.57,toyota.prius,0.0,0.93084
63.67,toyota.prius,0.0,0.9297
63.77,toyota.prius,0.0,0.92914
63.87,toyota.prius,0.0,0.92865
63.97,toyota.prius,0.0,0.92852
64.07,toyota.prius,0.0,0.9283
64.17,toyota.prius,0.0,0.92842
64.28,toyota.prius,0.0,0.92842
64.38,toyota.prius,0.0,0.92833
64.48,toyota.prius,0.0,0.92833
64.58,toyota.prius,0.0,0.92826
64.68,toyota.prius,0.0,0.92836
64.78,toyota.prius,0.0,0.96011
64.88,toyota.prius,0.02,0.99014
64.98,toyota.prius,0.05,0.98904
65.09,toyota.prius,0.09,0.97476
65.19,toyota.prius,0.15,0.96631
65.29,toyota.prius,0.22,0.96347
65.39,toyota.prius,0.3,0.96266
65.49,toyota.prius,0.38,0.96231
65.59,toyota.prius,0.46,0.9597
65.69,toyota.prius,0.55,0.95004
65.8,toyota.prius,0.64,0.93697
65.9,toyota.prius,0.72,0.93255
66.0,toyota.prius,0.8,0.93485
66.1,toyota.prius,0.87,0.93908
66.2,toyota.prius,0.93,0.93897
66.3,toyota.prius,0.98,0.93601
66.4,toyota.prius,1.04,0.93294
66.51,toyota.prius,1.09,0.93434
66.61,toyota.prius,1.14,0.93604
66.71,toyota.prius,1.19,0.93517
66.81,toyota.prius,1.23,0.93106
66.91,toyota.prius,1.28,0.92753
67.01,toyota.prius,1.32,0.92142
67.11,toyota.prius,1.36,0.92094
67.21,toyota.prius,1.39,0.92433
67.32,toyota.prius,1.43,0.92557
67.42,toyota.prius,1.46,0.91795
67.52,toyota.prius,1.5,0.91032
67.62,toyota.prius,1.53,0.91283
67.72,toyota.prius,1.57,0.91917
67.82,toyota.prius,1.61,0.92402
67.92,toyota.prius,1.64,0.92358
68.03,toyota.prius,1.68,0.91585
68.13,toyota.prius,1.72,0.9136
68.23,toyota.prius,1.76,0.91685
68.33,toyota.prius,1.8,0.92175
68.43,toyota.prius,1.84,0.92653
68.53,toyota.prius,1.87,0.92772
68.63,toyota.prius,1.92,0.92376
68.74,toyota.prius,1.96,0.91973
68.84,toyota.prius,1.99,0.91951
68.94,toyota.prius,2.03,0.92284
69.04,toyota.prius,2.07,0.92566
69.14,toyota.prius,2.1,0.93007
69.24,toyota.prius,2.15,0.92743
69.34,toyota.prius,2.19,0.92274
69.45,toyota.prius,2.23,0.91846
69.55,toyota.prius,2.27,0.91818
69.65,toyota.prius,2.31,0.91774
69.75,toyota.prius,2.35,0.91718
69.85,toyota.prius,2.39,0.91817
69.95,toyota.prius,2.43,0.91597
70.05,toyota.prius,2.47,0.91287
70.16,toyota.prius,2.51,0.91453
70.26,toyota.prius,2.55,0.91684
70.36,toyota.prius,2.58,0.9188
70.46,toyota.prius,2.62,0.92268
70.56,toyota.prius,2.65,0.92148
70.66,toyota.prius,2.68,0.9143
70.76,toyota.prius,2.72,0.91168
70.87,toyota.prius,2.76,0.91635
70.97,toyota.prius,2.79,0.91824
71.07,toyota.prius,2.82,0.91678
71.17,toyota.prius,2.85,0.91649
71.27,toyota.prius,2.89,0.91277
71.37,toyota.prius,2.91,0.90701
71.47,toyota.prius,2.94,0.90651
71.58,toyota.prius,2.97,0.91381
71.68,toyota.prius,3.0,0.9265
71.78,toyota.prius,3.02,0.93682
71.88,toyota.prius,3.05,0.9451
71.98,toyota.prius,3.08,0.9461
72.08,toyota.prius,3.11,0.93975
72.19,toyota.prius,3.13,0.93508
72.29,toyota.prius,3.16,0.93758
72.39,toyota.prius,3.18,0.93921
72.49,toyota.prius,3.2,0.93815
72.59,toyota.prius,3.22,0.93174
72.69,toyota.prius,3.23,0.92581
72.79,toyota.prius,3.25,0.92659
72.89,toyota.prius,3.27,0.92819
73.0,toyota.prius,3.29,0.92917
73.1,toyota.prius,3.31,0.92817
73.2,toyota.prius,3.33,0.92349
73.3,toyota.prius,3.35,0.92118
73.4,toyota.prius,3.37,0.92634
73.5,toyota.prius,3.38,0.92991
73.6,toyota.prius,3.39,0.93087
73.71,toyota.prius,3.4,0.93301
73.81,toyota.prius,3.41,0.93334
73.91,toyota.prius,3.42,0.93345
74.01,toyota.prius,3.43,0.93567
74.11,toyota.prius,3.45,0.94168
74.21,toyota.prius,3.46,0.9472
74.31,toyota.prius,3.47,0.95312
74.42,toyota.prius,3.48,0.95282
74.52,toyota.prius,3.5,0.94953
74.62,toyota.prius,3.5,0.94679
74.72,toyota.prius,3.52,0.94746
74.82,toyota.prius,3.52,0.94953
74.92,toyota.prius,3.53,0.9501
75.02,toyota.prius,3.53,0.95182
75.13,toyota.prius,3.54,0.9535
75.23,toyota.prius,3.55,0.95365
75.33,toyota.prius,3.56,0.95166
75.43,toyota.prius,3.56,0.95036
75.53,toyota.prius,3.57,0.95141
75.63,toyota.prius,3.57,0.95698
75.73,toyota.prius,3.58,0.9667
75.84,toyota.prius,3.58,0.9707
75.94,toyota.prius,3.58,0.98162
76.04,toyota.prius,3.58,1.00663
76.14,toyota.prius,3.59,0.88118
76.24,toyota.prius,3.59,0.51803
76.34,toyota.prius,3.59,0.04632
76.44,toyota.prius,3.59,-0.35373
76.54,toyota.prius,3.59,-0.77826
76.65,toyota.prius,3.59,-1.15152
76.75,toyota.prius,3.59,-1.57913
76.85,toyota.prius,3.59,-1.96811
76.95,toyota.prius,3.59,-2.15945
77.05,toyota.prius,3.59,-2.12637
77.15,toyota.prius,3.58,-2.07705
77.25,toyota.prius,3.58,-2.03979
77.36,toyota.prius,3.58,-2.02096
77.46,toyota.prius,3.58,-2.01562
77.56,toyota.prius,3.58,-2.01953
77.66,toyota.prius,3.59,-2.0216
77.76,toyota.prius,3.59,-2.01763
77.86,toyota.prius,3.58,-2.01126
77.96,toyota.prius,3.58,-2.00891
78.07,toyota.prius,3.58,-2.01877
78.17,toyota.prius,3.58,-2.02353
78.27,toyota.prius,3.58,-2.02065
78.37,toyota.prius,3.58,-2.01318
78.47,toyota.prius,3.58,-2.0076
78.57,toyota.prius,3.57,-2.00882
78.67,toyota.prius,3.57,-2.01534
78.77,toyota.prius,3.57,-2.02084
78.88,toyota.prius,3.57,-2.02307
78.98,toyota.prius,3.57,-2.01864
79.08,toyota.prius,3.57,-2.01071
79.18,toyota.prius,3.56,-2.00661
79.28,toyota.prius,3.57,-2.01306
79.38,toyota.prius,3.56,-2.02261
79.48,toyota.prius,3.56,-2.02359
79.59,toyota.prius,3.56,-2.01654
79.69,toyota.prius,3.56,-2.01064
79.79,toyota.prius,3.56,-2.01435
79.89,toyota.prius,3.56,-2.01898
79.99,toyota.prius,3.56,-2.01733
80.09,toyota.prius,3.55,-2.013
80.19,toyota.prius,3.55,-2.00934
80.29,toyota.prius,3.56,-2.01038
80.4,toyota.prius,3.56,-2.01618
80.5,toyota.prius,3.56,-2.02025
80.6,toyota.prius,3.56,-2.01782
80.7,toyota.prius,3.56,-2.01413
80.8,toyota.prius,3.56,-2.01654
80.9,toyota.prius,3.55,-1.91723
81.0,toyota.prius,3.55,-1.41552
81.11,toyota.prius,3.54,-1.19916
81.21,toyota.prius,3.54,-1.21872
81.31,toyota.prius,3.53,-1.30197
81.41,toyota.prius,3.53,-1.47553
81.51,toyota.prius,3.53,-1.5737
81.61,toyota.prius,3.54,-1.60666
81.71,toyota.prius,3.53,-1.81628
81.82,toyota.prius,3.54,-2.36176
81.92,toyota.prius,3.53,-2.5881
82.02,toyota.prius,3.52,-2.62136
82.12,toyota.prius,3.53,-2.56012
82.22,toyota.prius,3.52,-2.43457
82.32,toyota.prius,3.52,-2.35239
82.42,toyota.prius,3.52,-2.33075
82.53,toyota.prius,3.52,-2.27685
82.63,toyota.prius,3.51,-2.2807
82.73,toyota.prius,3.52,-2.30667
82.83,toyota.prius,3.51,-2.26376
82.93,toyota.prius,3.52,-2.18994
83.03,toyota.prius,3.51,-2.15945
83.13,toyota.prius,3.51,-2.14456
83.23,toyota.prius,3.5,-2.13647
83.34,toyota.prius,3.5,-2.10803
83.44,toyota.prius,3.5,-2.07485
83.54,toyota.prius,3.49,-2.03314
83.64,toyota.prius,3.49,-2.01572
83.74,toyota.prius,3.49,-2.01495
83.84,toyota.prius,3.48,-2.02234
83.94,toyota.prius,3.48,-2.02151
84.05,toyota.prius,3.48,-2.01593
84.15,toyota.prius,3.47,-2.01333
84.25,toyota.prius,3.46,-2.01397
84.35,toyota.prius,3.46,-2.01693
84.45,toyota.prius,3.45,-2.01754
84.55,toyota.prius,3.45,-2.01733
84.65,toyota.prius,3.45,-2.02057
84.76,toyota.prius,3.45,-2.02734
84.86,toyota.prius,3.44,-2.03036
84.96,toyota.prius,3.44,-2.0379
85.06,toyota.prius,3.43,-2.05117
85.16,toyota.prius,3.43,-2.06964
85.26,toyota.prius,3.42,-2.08849
85.36,toyota.prius,3.42,-2.11172
85.47,toyota.prius,3.42,-2.12799
85.57,toyota.prius,3.41,-2.14053
85.67,toyota.prius,3.4,-2.15826
85.77,toyota.prius,3.4,-2.1805
85.87,toyota.prius,3.39,-2.20501
85.97,toyota.prius,3.38,-2.22674
86.07,toyota.prius,3.38,-2.24062
86.18,toyota.prius,3.37,-2.25213
86.28,toyota.prius,3.37,-2.27581
86.38,toyota.prius,3.37,-2.29904
86.48,toyota.prius,3.37,-2.31915
86.58,toyota.prius,3.36,-2.33627
86.68,toyota.prius,3.35,-2.35758
86.78,toyota.prius,3.35,-2.3771
86.89,toyota.prius,3.34,-2.39242
86.99,toyota.prius,3.33,-2.40783
87.09,toyota.prius,3.33,-2.42028
87.19,toyota.prius,3.33,-2.435
87.29,toyota.prius,3.32,-2.45773
87.39,toyota.prius,3.32,-2.48196
87.49,toyota.prius,3.31,-2.50579
87.59,toyota.prius,3.3,-2.52157
87.7,toyota.prius,3.3,-2.5383
87.8,toyota.prius,3.29,-2.56024
87.9,toyota.prius,3.29,-2.59997
88.0,toyota.prius,3.28,-2.64261
88.1,toyota.prius,3.28,-2.68256
88.2,toyota.prius,3.28,-2.71445
88.3,toyota.prius,3.28,-2.74115
88.41,toyota.prius,3.27,-2.77625
88.51,toyota.prius,3.27,-2.8174
88.61,toyota.prius,3.27,-2.85174
88.71,toyota.prius,3.26,-2.88043
88.81,toyota.prius,3.26,-2.90664
88.91,toyota.prius,3.25,-2.92703
89.01,toyota.prius,3.25,-2.96014
89.12,toyota.prius,3.24,-2.99429
89.22,toyota.prius,3.24,-3.02557
89.32,toyota.prius,3.23,-3.04919
89.42,toyota.prius,3.22,-3.08047
89.52,toyota.prius,3.21,-3.10931
89.62,toyota.prius,3.21,-3.13965
89.72,toyota.prius,3.21,-3.16333
89.82,toyota.prius,3.21,-3.17188
89.93,toyota.prius,3.2,-3.17483
90.03,toyota.prius,3.2,-3.17788
90.13,toyota.prius,3.2,-3.18249
90.23,toyota.prius,3.2,-3.19061
90.33,toyota.prius,3.19,-3.19485
90.43,toyota.prius,3.19,-3.19967
90.53,toyota.prius,3.18,-3.21044
90.64,toyota.prius,3.18,-3.24146
90.74,toyota.prius,3.17,-3.25198
90.84,toyota.prius,3.17,-3.25619
90.94,toyota.prius,3.16,-3.25311
91.04,toyota.prius,3.15,-3.24353
91.14,toyota.prius,3.15,-3.24722
91.24,toyota.prius,3.14,-3.25308
91.34,toyota.prius,3.13,-3.24758
91.45,toyota.prius,3.13,-3.23367
91.55,toyota.prius,3.12,-3.19906
91.65,toyota.prius,3.12,-3.17059
91.75,toyota.prius,3.12,-3.27682
91.85,toyota.prius,3.12,-3.40796
91.95,toyota.prius,3.12,-3.60235
92.06,toyota.prius,3.12,-3.8045
92.16,toyota.prius,3.12,-4.15799
92.26,toyota.prius,3.11,-4.4201
92.36,toyota.prius,3.11,-4.56888
92.46,toyota.prius,3.1,-4.66955
92.56,toyota.prius,3.09,-4.79931
92.66,toyota.prius,3.09,-4.76577
92.76,toyota.prius,3.08,-4.54858
92.87,toyota.prius,3.07,-4.24076
92.97,toyota.prius,3.07,-3.92749
93.07,toyota.prius,3.06,-3.47619
93.17,toyota.prius,3.06,-2.99487
93.27,toyota.prius,3.06,-2.7416
93.37,toyota.prius,3.05,-2.61438
93.48,toyota.prius,3.06,-2.4457
93.58,toyota.prius,3.06,-2.31194
93.68,toyota.prius,3.06,-2.35883
93.78,toyota.prius,3.05,-2.4291
93.88,toyota.prius,3.05,-2.5676
93.98,toyota.prius,3.05,-2.69831
94.08,toyota.prius,3.04,-2.82
94.18,toyota.prius,3.03,-2.88638
94.29,toyota.prius,3.02,-2.93643
94.39,toyota.prius,3.01,-2.9909
94.49,toyota.prius,3.01,-3.09225
94.59,toyota.prius,3.01,-3.15863
94.69,toyota.prius,3.0,-3.21494
94.79,toyota.prius,3.0,-3.2698
94.89,toyota.prius,3.0,-3.33323
95.0,toyota.prius,2.99,-3.40274
95.1,toyota.prius,2.99,-3.47797
95.2,toyota.prius,2.99,-3.52716
95.3,toyota.prius,2.98,-3.56552
95.4,toyota.prius,2.97,-3.61926
95.5,toyota.prius,2.97,-3.68259
95.6,toyota.prius,2.96,-3.72559
95.7,toyota.prius,2.96,-3.77896
95.81,toyota.prius,2.96,-3.84762
95.91,toyota.prius,2.95,-3.8923
96.01,toyota.prius,2.95,-3.92663
96.11,toyota.prius,2.95,-3.97126
96.21,toyota.prius,2.95,-4.02911
96.31,toyota.prius,2.95,-4.05887
96.41,toyota.prius,2.95,-4.1069
96.52,toyota.prius,2.95,-4.17105
96.62,toyota.prius,2.94,-4.21243
96.72,toyota.prius,2.94,-4.24884
96.82,toyota.prius,2.94,-4.25388
96.92,toyota.prius,2.93,-4.26612
97.02,toyota.prius,2.92,-4.28601
97.12,toyota.prius,2.92,-4.28763
97.23,toyota.prius,2.92,-4.28256
97.33,toyota.prius,2.92,-4.29016
97.43,toyota.prius,2.91,-4.27454
97.53,toyota.prius,2.92,-4.25656
97.63,toyota.prius,2.91,-4.23629
97.73,toyota.prius,2.91,-4.21649
97.83,toyota.prius,2.91,-4.23119
97.93,toyota.prius,2.91,-4.26138
98.04,toyota.prius,2.9,-4.25961
98.14,toyota.prius,2.91,-4.27179
98.24,toyota.prius,2.91,-4.29144
98.34,toyota.prius,2.9,-4.30484
98.44,toyota.prius,2.9,-4.31643
98.54,toyota.prius,2.9,-4.32983
98.64,toyota.prius,2.89,-4.34781
98.75,toyota.prius,2.89,-4.36575
98.85,toyota.prius,2.88,-4.37356
98.95,toyota.prius,2.88,-4.37549
99.05,toyota.prius,2.87,-4.37595
99.15,toyota.prius,2.87,-4.36963
99.25,toyota.prius,2.87,-4.35724
99.35,toyota.prius,2.86,-4.34198
99.45,toyota.prius,2.86,-4.3251
99.56,toyota.prius,2.86,-4.30554
99.66,toyota.prius,2.86,-4.28531
99.76,toyota.prius,2.85,-4.26288
99.86,toyota.prius,2.85,-4.24219
99.96,toyota.prius,2.85,-4.21917
100.06,toyota.prius,2.85,-4.19525
100.16,toyota.prius,2.84,-4.17828
100.27,toyota.prius,2.84,-4.1622
100.37,toyota.prius,2.84,-4.13788
100.47,toyota.prius,2.83,-4.11566
100.57,toyota.prius,2.83,-4.09714
100.67,toyota.prius,2.83,-4.07764
100.77,toyota.prius,2.83,-4.05096
100.87,toyota.prius,2.83,-4.02866
100.98,toyota.prius,2.83,-4.00702
101.08,toyota.prius,2.83,-3.98679
101.18,toyota.prius,2.83,-3.97174
101.28,toyota.prius,2.82,-3.95636
101.38,toyota.prius,2.82,-3.93316
101.48,toyota.prius,2.82,-3.90478
101.58,toyota.prius,2.82,-3.88623
101.68,toyota.prius,2.81,-3.8714
101.79,toyota.prius,2.81,-3.85273
101.89,toyota.prius,2.82,-3.83334
101.99,toyota.prius,2.82,-3.81793
102.09,toyota.prius,2.82,-3.79956
102.19,toyota.prius,2.82,-3.7818
102.29,toyota.prius,2.82,-3.76272
102.39,toyota.prius,2.82,-3.74099
102.5,toyota.prius,2.82,-3.71551
102.6,toyota.prius,2.81,-3.69491
102.7,toyota.prius,2.8,-3.67264
102.8,toyota.prius,2.8,-3.64691
102.9,toyota.prius,2.8,-3.62415
103.0,toyota.prius,2.79,-3.60895
103.1,toyota.prius,2.8,-3.59732
103.21,toyota.prius,2.8,-3.57504
103.31,toyota.prius,2.8,-3.54361
103.41,toyota.prius,2.79,-3.51996
103.51,toyota.prius,2.79,-3.49945
103.61,toyota.prius,2.79,-3.48279
103.71,toyota.prius,2.78,-3.46439
103.81,toyota.prius,2.78,-3.43966
103.92,toyota.prius,2.77,-3.41285
104.02,toyota.prius,2.77,-3.38934
104.12,toyota.prius,2.76,-3.37656
104.22,toyota.prius,2.76,-3.3612
104.32,toyota.prius,2.75,-3.33923
104.42,toyota.prius,2.76,-3.31302
104.52,toyota.prius,2.75,-3.29489
104.62,toyota.prius,2.75,-3.27517
104.73,toyota.prius,2.74,-3.25155
104.83,toyota.prius,2.73,-3.23156
104.93,toyota.prius,2.73,-3.21081
105.03,toyota.prius,2.72,-3.18756
105.13,toyota.prius,2.72,-3.16861
105.23,toyota.prius,2.72,-3.15176
105.33,toyota.prius,2.72,-3.1311
105.43,toyota.prius,2.71,-3.10767
105.54,toyota.prius,2.7,-3.08243
105.64,toyota.prius,2.7,-3.06423
105.74,toyota.prius,2.7,-3.04223
105.84,toyota.prius,2.7,-3.02032
105.94,toyota.prius,2.7,-3.00577
106.04,toyota.prius,2.7,-2.99124
106.14,toyota.prius,2.69,-2.96837
106.24,toyota.prius,2.69,-2.94225
106.35,toyota.prius,2.69,-2.91818
106.45,toyota.prius,2.68,-2.90079
106.55,toyota.prius,2.68,-2.88476
106.65,toyota.prius,2.68,-2.86575
106.75,toyota.prius,2.68,-2.84176
106.85,toyota.prius,2.67,-2.81619
106.95,toyota.prius,2.67,-2.79849
107.06,toyota.prius,2.66,-2.78241
107.16,toyota.prius,2.66,-2.76257
107.26,toyota.prius,2.66,-2.74145
107.36,toyota.prius,2.66,-2.71728
107.46,toyota.prius,2.66,-2.69656
107.56,toyota.prius,2.66,-2.67514
107.66,toyota.prius,2.66,-2.65588
107.77,toyota.prius,2.66,-2.63518
107.87,toyota.prius,2.66,-2.61742
107.97,toyota.prius,2.66,-2.59399
108.07,toyota.prius,2.66,-2.57239
108.17,toyota.prius,2.66,-2.55239
108.27,toyota.prius,2.66,-2.53839
108.37,toyota.prius,2.65,-2.51944
108.48,toyota.prius,2.65,-2.49124
108.58,toyota.prius,2.65,-2.46948
108.68,toyota.prius,2.65,-2.45004
108.78,toyota.prius,2.65,-2.43219
108.88,toyota.prius,2.65,-2.4082
108.98,toyota.prius,2.65,-2.38779
109.08,toyota.prius,2.66,-2.36523
109.18,toyota.prius,2.66,-2.34805
109.29,toyota.prius,2.66,-2.32983
109.39,toyota.prius,2.66,-2.31326
109.49,toyota.prius,2.66,-2.28384
109.59,toyota.prius,2.66,-2.25781
109.69,toyota.prius,2.66,-2.23467
109.79,toyota.prius,2.66,-2.22101
109.89,toyota.prius,2.67,-2.20047
110.0,toyota.prius,2.66,-2.17264
110.1,toyota.prius,2.66,-2.15277
110.2,toyota.prius,2.66,-2.13699
110.3,toyota.prius,2.66,-2.12591
110.4,toyota.prius,2.66,-2.11337
110.5,toyota.prius,2.66,-2.0964
110.6,toyota.prius,2.66,-2.07668
110.7,toyota.prius,2.66,-2.06183
110.81,toyota.prius,2.66,-2.04706
110.91,toyota.prius,2.66,-2.02304
111.01,toyota.prius,2.65,-1.99502
111.11,toyota.prius,2.65,-1.97354
111.21,toyota.prius,2.65,-1.95313
111.31,toyota.prius,2.65,-1.93491
111.41,toyota.prius,2.65,-1.91632
111.52,toyota.prius,2.65,-1.89252
111.62,toyota.prius,2.66,-1.86414
111.72,toyota.prius,2.65,-1.84039
111.82,toyota.prius,2.65,-1.82687
111.92,toyota.prius,2.65,-1.81463
112.02,toyota.prius,2.65,-1.80157
112.12,toyota.prius,2.65,-1.77887
112.22,toyota.prius,2.65,-1.76135
112.33,toyota.prius,2.65,-1.7568
112.43,toyota.prius,2.65,-1.76251
112.53,toyota.prius,2.65,-1.76407
112.63,toyota.prius,2.66,-1.76407
112.73,toyota.prius,2.66,-1.76401
112.83,toyota.prius,2.66,-1.76049
112.93,toyota.prius,2.66,-1.75998
113.03,toyota.prius,2.66,-1.76138
113.14,toyota.prius,2.66,-1.76159
113.24,toyota.prius,2.66,-1.75226
113.34,toyota.prius,2.66,-1.7464
113.44,toyota.prius,2.65,-1.74371
113.54,toyota.prius,2.65,-1.75003
113.64,toyota.prius,2.65,-1.75478
113.74,toyota.prius,2.66,-1.75433
113.85,toyota.prius,2.65,-1.74722
113.95,toyota.prius,2.66,-1.73938
114.05,toyota.prius,2.65,-1.73934
114.15,toyota.prius,2.66,-1.74963
114.25,toyota.prius,2.65,-1.75595
114.35,toyota.prius,2.66,-1.74481
114.45,toyota.prius,2.65,-1.73453
114.55,toyota.prius,2.65,-1.72937
114.66,toyota.prius,2.65,-1.73499
114.76,toyota.prius,2.65,-1.73559
114.86,toyota.prius,2.65,-1.73654
114.96,toyota.prius,2.65,-1.73046
115.06,toyota.prius,2.66,-1.72332
115.16,toyota.prius,2.65,-1.72086
115.27,toyota.prius,2.66,-1.72589
115.37,toyota.prius,2.65,-1.72582
115.47,toyota.prius,2.66,-1.72201
115.57,toyota.prius,2.65,-1.71911
115.67,toyota.prius,2.66,-1.72174
115.77,toyota.prius,2.65,-1.73013
115.87,toyota.prius,2.65,-1.73611
115.98,toyota.prius,2.65,-1.73193
116.08,toyota.prius,2.65,-1.72628
116.18,toyota.prius,2.64,-1.73297
116.28,toyota.prius,2.64,-1.73883
116.38,toyota.prius,2.64,-1.73904
116.48,toyota.prius,2.64,-1.73724
116.58,toyota.prius,2.64,-1.73538
116.69,toyota.prius,2.65,-1.733
116.79,toyota.prius,2.65,-1.73208
116.89,toyota.prius,2.64,-1.73181
116.99,toyota.prius,2.65,-1.73022
117.09,toyota.prius,2.65,-1.72479
117.19,toyota.prius,2.65,-1.71906
117.29,toyota.prius,2.65,-1.72058
117.39,toyota.prius,2.65,-1.72348
117.5,toyota.prius,2.65,-1.71848
117.6,toyota.prius,2.65,-1.71175
117.7,toyota.prius,2.65,-1.71203
117.8,toyota.prius,2.64,-1.71347
117.9,toyota.prius,2.64,-1.71087
118.0,toyota.prius,2.64,-1.70654
118.1,toyota.prius,2.64,-1.70309
118.21,toyota.prius,2.64,-1.70452
118.31,toyota.prius,2.64,-1.70461
118.41,toyota.prius,2.63,-1.69785
118.51,toyota.prius,2.63,-1.68964
118.61,toyota.prius,2.63,-1.68598
118.71,toyota.prius,2.63,-1.68441
118.81,toyota.prius,2.63,-1.68161
118.92,toyota.prius,2.63,-1.67419
119.02,toyota.prius,2.63,-1.66196
119.12,toyota.prius,2.62,-1.65252
119.22,toyota.prius,2.62,-1.65088
119.32,toyota.prius,2.62,-1.64959
119.42,toyota.prius,2.61,-1.64346
119.52,toyota.prius,2.62,-1.6336
119.63,toyota.prius,2.62,-1.62362
119.73,toyota.prius,2.61,-1.47716
119.83,toyota.prius,2.62,-1.36703
119.93,toyota.prius,2.62,-1.3605
120.03,toyota.prius,2.62,-1.36563
120.13,toyota.prius,2.62,-1.46072
120.23,toyota.prius,2.61,-1.4685
120.34,toyota.prius,2.61,-1.45453
120.44,toyota.prius,2.61,-1.4447
120.54,toyota.prius,2.61,-1.52927
120.64,toyota.prius,2.62,-1.55215
120.74,toyota.prius,2.61,-1.54467
120.84,toyota.prius,2.61,-1.61602
120.94,toyota.prius,2.61,-1.62939
121.04,toyota.prius,2.61,-1.62088
121.15,toyota.prius,2.61,-1.61899
121.25,toyota.prius,2.62,-1.61791
121.35,toyota.prius,2.62,-1.60889
121.45,toyota.prius,2.61,-1.59451
121.55,toyota.prius,2.61,-1.5838
121.65,toyota.prius,2.61,-1.47931
121.75,toyota.prius,2.61,-1.46717
121.86,toyota.prius,2.61,-1.4671
121.96,toyota.prius,2.61,-1.4645
122.06,toyota.prius,2.62,-1.46484
122.16,toyota.prius,2.62,-1.47277
122.26,toyota.prius,2.62,-1.48221
122.36,toyota.prius,2.62,-1.48389
122.46,toyota.prius,2.61,-1.47363
122.56,toyota.prius,2.6,-1.45788
122.67,toyota.prius,2.6,-1.44484
122.77,toyota.prius,2.59,-1.43933
122.87,toyota.prius,2.59,-1.44208
122.97,toyota.prius,2.59,-1.44727
123.07,toyota.prius,2.6,-1.44586
123.17,toyota.prius,2.6,-1.43771
123.27,toyota.prius,2.6,-1.43073
123.37,toyota.prius,2.61,-1.42898
123.48,toyota.prius,2.61,-1.42401
123.58,toyota.prius,2.61,-1.41662
123.68,toyota.prius,2.62,-1.40988
123.78,toyota.prius,2.62,-1.4067
123.88,toyota.prius,2.62,-1.40679
123.98,toyota.prius,2.62,-1.40412
124.08,toyota.prius,2.62,-1.39658
124.19,toyota.prius,2.62,-1.29828
124.29,toyota.prius,2.62,-1.164
124.39,toyota.prius,2.63,-1.18463
124.49,toyota.prius,2.63,-1.36005
124.59,toyota.prius,2.63,-1.39022
124.69,toyota.prius,2.63,-1.38284
124.79,toyota.prius,2.63,-1.36679
124.89,toyota.prius,2.63,-1.35489
125.0,toyota.prius,2.63,-1.34311
125.1,toyota.prius,2.63,-1.34045
125.2,toyota.prius,2.63,-1.34363
125.3,toyota.prius,2.63,-1.50649
125.4,toyota.prius,2.63,-1.55866
125.5,toyota.prius,2.63,-1.42248
125.6,toyota.prius,2.64,-1.30826
125.71,toyota.prius,2.64,-1.29651
125.81,toyota.prius,2.63,-1.30297
125.91,toyota.prius,2.64,-1.30349
126.01,toyota.prius,2.64,-1.30313
126.11,toyota.prius,2.64,-1.31433
126.21,toyota.prius,2.65,-1.32162
126.31,toyota.prius,2.65,-1.31122
126.42,toyota.prius,2.66,-1.301
126.52,toyota.prius,2.66,-1.29446
126.62,toyota.prius,2.66,-1.28213
126.72,toyota.prius,2.66,-1.27123
126.82,toyota.prius,2.66,-1.26102
126.92,toyota.prius,2.66,-1.23587
127.02,toyota.prius,2.66,-1.22531
127.13,toyota.prius,2.67,-1.22637
127.23,toyota.prius,2.67,-1.21665
127.33,toyota.prius,2.66,-1.20859
127.43,toyota.prius,2.67,-1.20972
127.53,toyota.prius,2.66,-1.2153
127.63,toyota.prius,2.67,-1.22253
127.73,toyota.prius,2.66,-1.22079
127.83,toyota.prius,2.67,-1.20926
127.94,toyota.prius,2.67,-1.20785
128.04,toyota.prius,2.67,-1.20892
128.14,toyota.prius,2.67,-1.20312
128.24,toyota.prius,2.68,-1.19183
128.34,toyota.prius,2.67,-1.18274
128.44,toyota.prius,2.68,-1.18045
128.54,toyota.prius,2.69,-1.18402
128.65,toyota.prius,2.69,-1.18145
128.75,toyota.prius,2.7,-1.1734
128.85,toyota.prius,2.7,-1.1647
128.95,toyota.prius,2.7,-1.15393
129.05,toyota.prius,2.69,-1.1449
129.15,toyota.prius,2.69,-1.14468
129.25,toyota.prius,2.7,-1.14792
129.35,toyota.prius,2.7,-1.14229
129.46,toyota.prius,2.7,-1.13477
129.56,toyota.prius,2.71,-1.12833
129.66,toyota.prius,2.71,-1.12024
129.76,toyota.prius,2.71,-1.11465
129.86,toyota.prius,2.71,-1.11301
129.96,toyota.prius,2.71,-1.11181
130.06,toyota.prius,2.71,-1.10513
130.17,toyota.prius,2.71,-1.09634
130.27,toyota.prius,2.71,-1.09088
130.37,toyota.prius,2.71,-1.09091
130.47,toyota.prius,2.71,-1.09356
130.57,toyota.prius,2.71,-1.08963
130.67,toyota.prius,2.71,-1.08355
130.77,toyota.prius,2.71,-1.08294
130.88,toyota.prius,2.71,-1.08362
130.98,toyota.prius,2.71,-1.08086
131.08,toyota.prius,2.72,-1.07818
131.18,toyota.prius,2.72,-1.08044
131.28,toyota.prius,2.72,-1.08511
131.38,toyota.prius,2.72,-1.08532
131.48,toyota.prius,2.72,-1.08642
131.59,toyota.prius,2.73,-1.08368
131.69,toyota.prius,2.72,-1.08032
131.79,toyota.prius,2.72,-1.09659
131.89,toyota.prius,2.71,-1.11673
131.99,toyota.prius,2.7,-1.13346
132.09,toyota.prius,2.67,-1.13998
132.19,toyota.prius,2.63,-1.13238
132.29,toyota.prius,2.57,-1.11756
132.4,toyota.prius,2.51,-1.10693
132.5,toyota.prius,2.44,-1.10178
132.6,toyota.prius,2.36,-1.09894
132.7,toyota.prius,2.29,-1.09716
132.8,toyota.prius,2.22,-1.09573
132.9,toyota.prius,2.15,-1.09519
133.0,toyota.prius,2.08,-1.09671
133.1,toyota.prius,2.01,-1.11185
133.21,toyota.prius,1.93,-1.12896
133.31,toyota.prius,1.85,-1.12384
133.41,toyota.prius,1.77,-1.09655
133.51,toyota.prius,1.68,-1.12128
133.61,toyota.prius,1.59,-1.11377
133.71,toyota.prius,1.5,-1.08304
133.81,toyota.prius,1.42,-1.06164
133.92,toyota.prius,1.34,-1.06424
134.02,toyota.prius,1.27,-1.12274
134.12,toyota.prius,1.2,-1.11298
134.22,toyota.prius,1.13,-1.08426
134.32,toyota.prius,1.06,-1.06155
134.42,toyota.prius,1.0,-1.0496
134.52,toyota.prius,0.95,-1.07959
134.62,toyota.prius,0.91,-1.11991
134.73,toyota.prius,0.86,-1.09564
134.83,toyota.prius,0.82,-1.06882
134.93,toyota.prius,0.78,-1.05399
135.03,toyota.prius,0.75,-1.09283
135.13,toyota.prius,0.71,-1.11596
135.23,toyota.prius,0.68,-1.09228
135.33,toyota.prius,0.65,-1.06894
135.44,toyota.prius,0.63,-1.0574
135.54,toyota.prius,0.61,-1.0474
135.64,toyota.prius,0.6,-1.09729
135.74,toyota.prius,0.59,-1.10144
135.84,toyota.prius,0.58,-1.07815
135.94,toyota.prius,0.58,-1.06106
136.04,toyota.prius,0.58,-1.11413
136.15,toyota.prius,0.57,-1.11154
136.25,toyota.prius,0.56,-1.07743
136.35,toyota.prius,0.55,-1.06142
136.45,toyota.prius,0.54,-1.0628
136.55,toyota.prius,0.53,-1.12084
136.65,toyota.prius,0.52,-1.10315
136.75,toyota.prius,0.51,-1.07254
136.85,toyota.prius,0.51,-1.0542
136.96,toyota.prius,0.49,-1.11087
137.06,toyota.prius,0.48,-1.11588
137.16,toyota.prius,0.46,-1.09396
137.26,toyota.prius,0.45,-1.06567
137.36,toyota.prius,0.43,-1.05138
137.46,toyota.prius,0.43,-1.04895
137.56,toyota.prius,0.42,-1.11819
137.67,toyota.prius,0.42,-1.10455
137.77,toyota.prius,0.42,-1.07824
137.87,toyota.prius,0.42,-1.05545
137.97,toyota.prius,0.41,-1.10308
138.07,toyota.prius,0.41,-1.11145
138.17,toyota.prius,0.4,-1.08477
138.27,toyota.prius,0.4,-1.06039
138.38,toyota.prius,0.4,-1.05325
138.48,toyota.prius,0.4,-1.10479
138.58,toyota.prius,0.4,-1.12585
138.68,toyota.prius,0.39,-1.10281
138.78,toyota.prius,0.38,-1.07996
138.88,toyota.prius,0.37,-1.05664
138.98,toyota.prius,0.37,-1.04819
139.09,toyota.prius,0.37,-1.06653
139.19,toyota.prius,0.38,-1.10318
139.29,toyota.prius,0.39,-1.08179
139.39,toyota.prius,0.4,-1.06601
139.49,toyota.prius,0.41,-1.10455
139.59,toyota.prius,0.41,-1.12885
139.69,toyota.prius,0.41,-1.09974
139.8,toyota.prius,0.4,-1.07254
139.9,toyota.prius,0.39,-1.05179
140.0,toyota.prius,0.39,-1.04803
140.1,toyota.prius,0.4,-1.11109
140.2,toyota.prius,0.4,-1.1102
140.3,toyota.prius,0.4,-1.08145
140.4,toyota.prius,0.41,-1.06094
140.5,toyota.prius,0.41,-1.08752
140.61,toyota.prius,0.41,-1.11547
140.71,toyota.prius,0.4,-1.09012
140.81,toyota.prius,0.4,-1.06757
140.91,toyota.prius,0.4,-1.0527
141.01,toyota.prius,0.41,-1.05749
141.11,toyota.prius,0.41,-1.12564
141.21,toyota.prius,0.41,-1.10016
141.32,toyota.prius,0.42,-1.07251
141.42,toyota.prius,0.42,-1.05829
141.52,toyota.prius,0.42,-1.05869
141.62,toyota.prius,0.43,-1.1034
141.72,toyota.prius,0.44,-1.08597
141.82,toyota.prius,0.45,-1.06933
141.92,toyota.prius,0.45,-1.12326
142.03,toyota.prius,0.44,-1.09949
142.13,toyota.prius,0.44,-1.07626
142.23,toyota.prius,0.44,-1.05765
142.33,toyota.prius,0.43,-1.05472
142.43,toyota.prius,0.43,-1.12137
142.53,toyota.prius,0.43,-1.10256
142.64,toyota.prius,0.43,-1.07294
142.74,toyota.prius,0.43,-1.05514
142.84,toyota.prius,0.43,-1.05126
142.94,toyota.prius,0.43,-1.12128
143.04,toyota.prius,0.43,-1.10879
143.14,toyota.prius,0.43,-1.07592
143.25,toyota.prius,0.43,-1.05426
143.35,toyota.prius,0.44,-1.04956
143.45,toyota.prius,0.44,-1.10806
143.55,toyota.prius,0.45,-1.09842
143.65,toyota.prius,0.46,-1.07355
143.75,toyota.prius,0.47,-1.07183
143.86,toyota.prius,0.46,-1.12286
143.96,toyota.prius,0.46,-1.1011
144.06,toyota.prius,0.45,-1.06925
144.16,toyota.prius,0.45,-1.05158
144.26,toyota.prius,0.45,-1.05126
144.36,toyota.prius,0.45,-1.12207
144.46,toyota.prius,0.45,-1.09915
144.57,toyota.prius,0.45,-1.07339
144.67,toyota.prius,0.45,-1.05535
144.77,toyota.prius,0.45,-1.05181
144.87,toyota.prius,0.45,-1.10239
144.97,toyota.prius,0.45,-1.0906
145.07,toyota.prius,0.46,-1.06592
145.17,toyota.prius,0.47,-1.05185
145.28,toyota.prius,0.48,-1.07183
145.38,toyota.prius,0.49,-1.10058
145.48,toyota.prius,0.5,-1.08151
145.58,toyota.prius,0.52,-1.0611
145.68,toyota.prius,0.52,-1.11316
145.78,toyota.prius,0.52,-1.12344
145.88,toyota.prius,0.51,-1.09665
145.99,toyota.prius,0.5,-1.06647
146.09,toyota.prius,0.49,-1.04495
146.19,toyota.prius,0.48,-1.03906
146.29,toyota.prius,0.48,-1.04708
146.39,toyota.prius,0.49,-1.10837
146.49,toyota.prius,0.5,-1.095
146.59,toyota.prius,0.51,-1.06787
146.69,toyota.prius,0.52,-1.04925
146.8,toyota.prius,0.52,-1.0968
146.9,toyota.prius,0.53,-1.09814
147.0,toyota.prius,0.53,-1.07291
147.1,toyota.prius,0.54,-1.05246
147.2,toyota.prius,0.55,-1.05459
147.3,toyota.prius,0.55,-1.10302
147.4,toyota.prius,0.55,-1.08523
147.5,toyota.prius,0.55,-1.06326
147.61,toyota.prius,0.56,-1.04531
147.71,toyota.prius,0.56,-1.09786
147.81,toyota.prius,0.56,-1.1001
147.91,toyota.prius,0.56,-1.06741
148.01,toyota.prius,0.57,-1.04699
148.11,toyota.prius,0.57,-1.04068
148.21,toyota.prius,0.57,-1.10174
148.31,toyota.prius,0.58,-1.08932
148.42,toyota.prius,0.58,-1.06424
148.52,toyota.prius,0.59,-1.04501
148.62,toyota.prius,0.59,-1.06548
148.72,toyota.prius,0.59,-1.09353
148.82,toyota.prius,0.59,-1.07113
148.92,toyota.prius,0.59,-1.04785
149.02,toyota.prius,0.59,-1.10449
149.12,toyota.prius,0.58,-1.11111
149.23,toyota.prius,0.57,-1.0744
149.33,toyota.prius,0.56,-1.0469
149.43,toyota.prius,0.54,-1.03814
149.53,toyota.prius,0.54,-1.03292
149.63,toyota.prius,0.54,-1.10684
149.73,toyota.prius,0.53,-1.08771
149.83,toyota.prius,0.53,-1.06448
149.93,toyota.prius,0.52,-1.04638
150.04,toyota.prius,0.52,-1.03595
150.14,toyota.prius,0.52,-1.03451
150.24,toyota.prius,0.53,-1.08778
150.34,toyota.prius,0.54,-1.07129
150.44,toyota.prius,0.55,-1.05132
150.54,toyota.prius,0.56,-1.06063
150.64,toyota.prius,0.56,-1.09519
150.75,toyota.prius,0.56,-1.06616
150.85,toyota.prius,0.56,-1.04557
150.95,toyota.prius,0.57,-1.03207
151.05,toyota.prius,0.57,-1.10089
151.15,toyota.prius,0.56,-1.09936
151.25,toyota.prius,0.56,-1.07162
151.35,toyota.prius,0.55,-1.04278
151.45,toyota.prius,0.54,-1.0285
151.56,toyota.prius,0.54,-1.02469
151.66,toyota.prius,0.55,-1.02344
151.76,toyota.prius,0.57,-1.06424
151.86,toyota.prius,0.59,-1.06774
151.96,toyota.prius,0.61,-1.06015
152.06,toyota.prius,0.62,-1.09866
152.16,toyota.prius,0.62,-1.07104
152.27,toyota.prius,0.63,-1.04233
152.37,toyota.prius,0.63,-1.02905
152.47,toyota.prius,0.63,-1.04245
152.57,toyota.prius,0.63,-1.0882
152.67,toyota.prius,0.64,-1.06314
152.77,toyota.prius,0.64,-1.04144
152.87,toyota.prius,0.65,-1.03884
152.98,toyota.prius,0.64,-1.11514
153.08,toyota.prius,0.63,-1.09024
153.18,toyota.prius,0.61,-1.05783
153.28,toyota.prius,0.59,-1.03744
153.38,toyota.prius,0.58,-1.02435
153.48,toyota.prius,0.57,-1.02059
153.58,toyota.prius,0.57,-1.07824
153.69,toyota.prius,0.57,-1.06991
153.79,toyota.prius,0.57,-1.04485
153.89,toyota.prius,0.57,-1.02768
153.99,toyota.prius,0.57,-1.04864
154.09,toyota.prius,0.57,-1.08719
154.19,toyota.prius,0.57,-1.06039
154.29,toyota.prius,0.57,-1.03464
154.39,toyota.prius,0.57,-1.02322
154.5,toyota.prius,0.57,-1.08108
154.6,toyota.prius,0.57,-1.07035
154.7,toyota.prius,0.57,-1.04263
154.8,toyota.prius,0.57,-1.02375
154.9,toyota.prius,0.57,-1.02157
155.0,toyota.prius,0.57,-1.09967
155.1,toyota.prius,0.57,-1.0827
155.21,toyota.prius,0.56,-1.0477
155.31,toyota.prius,0.56,-1.02609
155.41,toyota.prius,0.55,-1.01584
155.51,toyota.prius,0.55,-1.01016
155.61,toyota.prius,0.57,-1.03403
155.71,toyota.prius,0.58,-1.08105
155.81,toyota.prius,0.6,-1.05438
155.92,toyota.prius,0.61,-1.03137
156.02,toyota.prius,0.62,-1.01699
156.12,toyota.prius,0.63,-1.03418
156.22,toyota.prius,0.64,-1.09536
156.32,toyota.prius,0.64,-1.10758
156.42,toyota.prius,0.63,-1.08179
156.52,toyota.prius,0.6,-1.05942
156.62,toyota.prius,0.57,-1.03235
156.73,toyota.prius,0.54,-1.0133
156.83,toyota.prius,0.52,-1.00491
156.93,toyota.prius,0.52,-1.00338
157.03,toyota.prius,0.53,-1.0076
157.13,toyota.prius,0.54,-1.09277
157.23,toyota.prius,0.54,-1.08985
157.33,toyota.prius,0.54,-1.0513
157.44,toyota.prius,0.54,-1.02484
157.54,toyota.prius,0.53,-1.00887
157.64,toyota.prius,0.53,-1.01959
157.74,toyota.prius,0.53,-1.08697
157.84,toyota.prius,0.52,-1.06283
157.94,toyota.prius,0.52,-1.02975
158.04,toyota.prius,0.51,-1.00989
158.15,toyota.prius,0.51,-1.01116
158.25,toyota.prius,0.51,-1.08694
158.35,toyota.prius,0.5,-1.06436
158.45,toyota.prius,0.5,-1.03561
158.55,toyota.prius,0.49,-1.01764
158.65,toyota.prius,0.48,-1.00527
158.75,toyota.prius,0.49,-1.00076
158.86,toyota.prius,0.5,-1.05032
158.96,toyota.prius,0.51,-1.06482
159.06,toyota.prius,0.52,-1.0422
159.16,toyota.prius,0.53,-1.01891
159.26,toyota.prius,0.54,-1.00519
159.36,toyota.prius,0.56,-1.02832
159.46,toyota.prius,0.57,-1.07226
159.57,toyota.prius,0.58,-1.04791
159.67,toyota.prius,0.59,-1.02212
159.77,toyota.prius,0.6,-1.00644
159.87,toyota.prius,0.61,-1.01324
159.97,toyota.prius,0.62,-1.08166
160.07,toyota.prius,0.62,-1.06189
160.17,toyota.prius,0.63,-1.02811
160.27,toyota.prius,0.63,-1.00812
160.38,toyota.prius,0.63,-1.00402
160.48,toyota.prius,0.63,-1.05371
160.58,toyota.prius,0.64,-1.04473
160.68,toyota.prius,0.64,-1.02346
160.78,toyota.prius,0.65,-1.00476
160.88,toyota.prius,0.66,-1.02979
160.98,toyota.prius,0.67,-1.03367
161.09,toyota.prius,0.68,-1.01989
161.19,toyota.prius,0.7,-1.02298
161.29,toyota.prius,0.71,-1.07278
161.39,toyota.prius,0.71,-1.05093
161.49,toyota.prius,0.71,-0.94858
161.59,toyota.prius,0.71,-0.88913
161.69,toyota.prius,0.72,-0.87738
161.79,toyota.prius,0.73,-0.8902
161.9,toyota.prius,0.75,-0.91043
162.0,toyota.prius,0.77,-0.94489
162.1,toyota.prius,0.8,-1.03543
162.2,toyota.prius,0.82,-1.04702
162.3,toyota.prius,0.84,-1.08557
162.4,toyota.prius,0.84,-1.06399
162.5,toyota.prius,0.83,-1.02938
162.61,toyota.prius,0.83,-1.00277
162.71,toyota.prius,0.82,-0.98953
162.81,toyota.prius,0.82,-1.0097
162.91,toyota.prius,0.82,-1.04208
163.01,toyota.prius,0.83,-1.02094
163.11,toyota.prius,0.83,-1.00402
163.21,toyota.prius,0.83,-0.96096
163.31,toyota.prius,0.83,-0.92807
163.41,toyota.prius,0.83,-0.90533
163.52,toyota.prius,0.83,-0.88904
163.62,toyota.prius,0.83,-0.88058
163.72,toyota.prius,0.84,-0.8904
163.82,toyota.prius,0.85,-0.93952
163.92,toyota.prius,0.86,-0.926
164.02,toyota.prius,0.88,-0.90588
164.12,toyota.prius,0.88,-0.94595
164.23,toyota.prius,0.88,-0.93893
164.33,toyota.prius,0.88,-0.94241
164.43,toyota.prius,0.87,-0.89529
164.53,toyota.prius,0.87,-0.8993
164.63,toyota.prius,0.88,-0.98349
164.73,toyota.prius,0.89,-1.01047
164.83,toyota.prius,0.91,-1.01456
164.93,toyota.prius,0.94,-1.01546
165.04,toyota.prius,0.96,-0.94479
165.14,toyota.prius,0.98,-0.98939
165.24,toyota.prius,1.0,-1.01645
165.34,toyota.prius,1.01,-1.01977
165.44,toyota.prius,1.02,-1.01849
165.54,toyota.prius,1.02,-1.05035
165.65,toyota.prius,1.02,-1.05197
165.75,toyota.prius,1.0,-1.02191
165.85,toyota.prius,0.98,-0.9924
165.95,toyota.prius,0.96,-0.97558
166.05,toyota.prius,0.94,-1.02828
166.15,toyota.prius,0.92,-1.0329
166.25,toyota.prius,0.91,-1.00628
166.35,toyota.prius,0.89,-0.98278
166.46,toyota.prius,0.88,-0.9689
166.56,toyota.prius,0.87,-0.98761
166.66,toyota.prius,0.87,-1.03634
166.76,toyota.prius,0.86,-1.01083
166.86,toyota.prius,0.86,-0.98697
166.96,toyota.prius,0.85,-0.97177
167.06,toyota.prius,0.85,-0.96359
167.17,toyota.prius,0.86,-0.97644
167.27,toyota.prius,0.88,-0.98892
167.37,toyota.prius,0.9,-1.06783
167.47,toyota.prius,0.92,-1.11661
167.57,toyota.prius,0.94,-1.10794
167.67,toyota.prius,0.96,-1.08963
167.77,toyota.prius,0.98,-1.07254
167.87,toyota.prius,1.01,-1.06424
167.98,toyota.prius,1.05,-1.06162
168.08,toyota.prius,1.09,-1.061
168.18,toyota.prius,1.14,-1.06085
168.28,toyota.prius,1.2,-1.06063
168.38,toyota.prius,1.26,-1.0603
168.48,toyota.prius,1.33,-1.05997
168.58,toyota.prius,1.4,-1.07031
168.68,toyota.prius,1.48,-1.09066
168.79,toyota.prius,1.54,-1.09686
168.89,toyota.prius,1.6,-1.09796
168.99,toyota.prius,1.66,-1.09625
169.09,toyota.prius,1.7,-1.09396
169.19,toyota.prius,1.72,-1.09207
169.29,toyota.prius,1.75,-1.09146
169.39,toyota.prius,1.77,-1.09036
169.5,toyota.prius,1.78,-1.08898
169.6,toyota.prius,1.78,-1.08826
169.7,toyota.prius,1.79,-1.08826
169.8,toyota.prius,1.78,-1.08743
169.9,toyota.prius,1.78,-1.08542
170.0,toyota.prius,1.76,-1.08477
170.1,toyota.prius,1.75,-1.0823
170.2,toyota.prius,1.73,-1.08038
170.31,toyota.prius,1.71,-1.08118
170.41,toyota.prius,1.68,-1.08056
170.51,toyota.prius,1.66,-1.07944
170.61,toyota.prius,1.63,-1.07272
170.71,toyota.prius,1.6,-1.06638
170.81,toyota.prius,1.57,-1.06635
170.91,toyota.prius,1.55,-1.07471
171.01,toyota.prius,1.52,-1.07358
171.12,toyota.prius,1.49,-1.06189
171.22,toyota.prius,1.47,-1.05838
171.32,toyota.prius,1.45,-1.06024
171.42,toyota.prius,1.43,-1.05646
171.52,toyota.prius,1.41,-1.05487
171.62,toyota.prius,1.39,-1.06002
171.72,toyota.prius,1.38,-1.06006
171.83,toyota.prius,1.37,-1.05294
171.93,toyota.prius,1.36,-1.04672
172.03,toyota.prius,1.36,-1.05102
172.13,toyota.prius,1.35,-1.05291
172.23,toyota.prius,1.35,-1.04913
172.33,toyota.prius,1.35,-1.0441
172.43,toyota.prius,1.36,-1.04095
172.54,toyota.prius,1.37,-1.04223
172.64,toyota.prius,1.38,-1.04398
172.74,toyota.prius,1.39,-1.04364
172.84,toyota.prius,1.4,-1.03854
172.94,toyota.prius,1.42,-1.03802
173.04,toyota.prius,1.44,-1.04175
173.14,toyota.prius,1.46,-1.04223
173.24,toyota.prius,1.48,-1.03744
173.35,toyota.prius,1.5,-1.03372
173.45,toyota.prius,1.53,-1.03372
173.55,toyota.prius,1.55,-1.03061
173.65,toyota.prius,1.58,-1.02969
173.75,toyota.prius,1.6,-1.03354
173.85,toyota.prius,1.63,-1.03448
173.95,toyota.prius,1.66,-0.94891
174.05,toyota.prius,1.69,-0.91272
174.16,toyota.prius,1.72,-0.91205
174.26,toyota.prius,1.75,-0.91421
174.36,toyota.prius,1.78,-0.9155
174.46,toyota.prius,1.81,-0.92102
174.56,toyota.prius,1.84,-0.92492
174.66,toyota.prius,1.87,-0.92471
174.76,toyota.prius,1.9,-0.92297
174.87,toyota.prius,1.93,-0.91769
174.97,toyota.prius,1.96,-0.9133
175.07,toyota.prius,1.98,-0.91479
175.17,toyota.prius,2.01,-0.91925
175.27,toyota.prius,2.04,-0.91617
175.37,toyota.prius,2.07,-0.91006
175.47,toyota.prius,2.1,-0.90558
175.57,toyota.prius,2.13,-0.8576
175.68,toyota.prius,2.15,-0.80499
175.78,toyota.prius,2.18,-0.87299
175.88,toyota.prius,2.21,-0.90552
175.98,toyota.prius,2.23,-0.87958
176.08,toyota.prius,2.25,-0.79464
176.18,toyota.prius,2.29,-0.86209
176.28,toyota.prius,2.32,-0.9141
176.38,toyota.prius,2.34,-0.91449
176.49,toyota.prius,2.37,-0.90189
176.59,toyota.prius,2.39,-0.94672
176.69,toyota.prius,2.41,-1.00152
176.79,toyota.prius,2.43,-0.92533
176.89,toyota.prius,2.45,-0.89199
176.99,toyota.prius,2.47,-0.88226
177.09,toyota.prius,2.49,-0.96442
177.2,toyota.prius,2.51,-1.00146
177.3,toyota.prius,2.53,-0.89786
177.4,toyota.prius,2.54,-0.87509
177.5,toyota.prius,2.56,-0.87433
177.6,toyota.prius,2.58,-0.79474
177.7,toyota.prius,2.6,-0.7622
177.8,toyota.prius,2.61,-0.86209
177.9,toyota.prius,2.63,-0.88434
178.01,toyota.prius,2.64,-0.88159
178.11,toyota.prius,2.66,-0.87722
178.21,toyota.prius,2.67,-0.87488
178.31,toyota.prius,2.68,-0.87348
178.41,toyota.prius,2.69,-0.87112
178.51,toyota.prius,2.71,-0.86722
178.61,toyota.prius,2.72,-0.94647
178.71,toyota.prius,2.73,-0.98383
178.82,toyota.prius,2.75,-0.87536
178.92,toyota.prius,2.75,-0.8505
179.02,toyota.prius,2.77,-0.84668
179.12,toyota.prius,2.78,-0.76626
179.22,toyota.prius,2.79,-0.76342
179.32,toyota.prius,2.8,-0.79611
179.42,toyota.prius,2.81,-0.7561
179.53,toyota.prius,2.82,-0.76245
179.63,toyota.prius,2.84,-0.84805
179.73,toyota.prius,2.86,-0.85864
179.83,toyota.prius,2.88,-0.85226
179.93,toyota.prius,2.91,-0.84625
180.03,toyota.prius,2.94,-0.93265
180.13,toyota.prius,2.97,-0.91712
180.24,toyota.prius,3.01,-0.93628
180.34,toyota.prius,3.05,-0.94571
180.44,toyota.prius,3.1,-0.85708
180.54,toyota.prius,3.14,-0.84903
180.64,toyota.prius,3.18,-0.85373
180.74,toyota.prius,3.22,-0.85644
180.84,toyota.prius,3.25,-0.8583
180.95,toyota.prius,3.28,-0.86001
181.05,toyota.prius,3.3,-0.86368
181.15,toyota.prius,3.33,-0.86997
181.25,toyota.prius,3.35,-0.87033
181.35,toyota.prius,3.37,-0.86411
181.45,toyota.prius,3.38,-0.85696
181.55,toyota.prius,3.4,-0.85366
181.65,toyota.prius,3.42,-0.8612
181.76,toyota.prius,3.43,-0.86997
181.86,toyota.prius,3.44,-0.8731
181.96,toyota.prius,3.45,-0.86771
182.06,toyota.prius,3.45,-0.86087
182.16,toyota.prius,3.46,-0.85901
182.26,toyota.prius,3.47,-0.86405
182.36,toyota.prius,3.47,-0.8662
182.47,toyota.prius,3.47,-0.86273
182.57,toyota.prius,3.48,-0.85821
182.67,toyota.prius,3.48,-0.85879
182.77,toyota.prius,3.48,-0.8631
182.87,toyota.prius,3.48,-0.86496
182.97,toyota.prius,3.48,-0.86371
183.07,toyota.prius,3.49,-0.85904
183.17,toyota.prius,3.48,-0.85571
183.28,toyota.prius,3.49,-0.85757
183.38,toyota.prius,3.5,-0.86679
183.48,toyota.prius,3.5,-0.8717
183.58,toyota.prius,3.5,-0.8685
183.68,toyota.prius,3.5,-0.86111
183.78,toyota.prius,3.5,-0.85752
183.88,toyota.prius,3.49,-0.8558
183.98,toyota.prius,3.49,-0.85931
184.09,toyota.prius,3.49,-0.86285
184.19,toyota.prius,3.49,-0.8656
184.29,toyota.prius,3.49,-0.86728
184.39,toyota.prius,3.49,-0.86709
184.49,toyota.prius,3.5,-0.86294
184.59,toyota.prius,3.5,-0.86072
184.69,toyota.prius,3.5,-0.85827
184.8,toyota.prius,3.49,-0.85674
184.9,toyota.prius,3.49,-0.85855
185.0,toyota.prius,3.49,-0.86417
185.1,toyota.prius,3.5,-0.86865
185.2,toyota.prius,3.49,-0.86948
185.3,toyota.prius,3.5,-0.79001
185.4,toyota.prius,3.5,-0.79669
185.5,toyota.prius,3.5,-0.87528
185.61,toyota.prius,3.49,-0.897
185.71,toyota.prius,3.5,-0.90121
185.81,toyota.prius,3.5,-0.89852
185.91,toyota.prius,3.5,-0.89978
186.01,toyota.prius,3.49,-0.90081
186.11,toyota.prius,3.5,-0.99383
186.21,toyota.prius,3.5,-0.99002
186.31,toyota.prius,3.5,-0.93143
186.42,toyota.prius,3.49,-0.92096
186.52,toyota.prius,3.49,-0.92175
186.62,toyota.prius,3.48,-0.92893
186.72,toyota.prius,3.48,-0.93591
186.82,toyota.prius,3.48,-0.94162
186.92,toyota.prius,3.48,-0.94516
187.03,toyota.prius,3.48,-0.94723
187.13,toyota.prius,3.49,-0.95797
187.23,toyota.prius,3.5,-0.96924
187.33,toyota.prius,3.49,-0.97293
187.43,toyota.prius,3.49,-0.97326
187.53,toyota.prius,3.49,-0.97293
187.63,toyota.prius,3.49,-0.97784
187.73,toyota.prius,3.49,-0.99689
187.84,toyota.prius,3.49,-1.00656
187.94,toyota.prius,3.49,-1.00592
188.04,toyota.prius,3.48,-1.00204
188.14,toyota.prius,3.48,-1.00021
188.24,toyota.prius,3.47,-1.00329
188.34,toyota.prius,3.48,-1.01352
188.44,toyota.prius,3.48,-1.02492
188.54,toyota.prius,3.49,-1.03604
188.65,toyota.prius,3.5,-1.04657
188.75,toyota.prius,3.5,-1.05341
188.85,toyota.prius,3.5,-1.05509
188.95,toyota.prius,3.49,-1.05503
189.05,toyota.prius,3.49,-1.0542
189.15,toyota.prius,3.48,-1.06142
189.25,toyota.prius,3.49,-1.07165
189.35,toyota.prius,3.49,-1.07977
189.46,toyota.prius,3.5,-1.08627
189.56,toyota.prius,3.5,-1.08679
189.66,toyota.prius,3.5,-1.08248
189.76,toyota.prius,3.5,-1.07974
189.86,toyota.prius,3.51,-1.08273
189.96,toyota.prius,3.51,-1.08988
190.06,toyota.prius,3.52,-1.09545
190.17,toyota.prius,3.52,-1.09158
190.27,toyota.prius,3.52,-1.08514
190.37,toyota.prius,3.52,-1.07983
190.47,toyota.prius,3.52,-1.08206
190.57,toyota.prius,3.52,-1.08807
190.67,toyota.prius,3.52,-1.08889
190.77,toyota.prius,3.52,-1.08508
190.87,toyota.prius,3.53,-1.07941
190.98,toyota.prius,3.53,-1.07913
191.08,toyota.prius,3.54,-1.09163
191.18,toyota.prius,3.54,-1.10434
191.28,toyota.prius,3.55,-1.10967
191.38,toyota.prius,3.56,-1.11187
191.48,toyota.prius,3.56,-1.11023
191.58,toyota.prius,3.57,-1.10889
191.69,toyota.prius,3.57,-1.11313
191.79,toyota.prius,3.57,-1.11514
191.89,toyota.prius,3.58,-1.11667
191.99,toyota.prius,3.58,-1.11816
192.09,toyota.prius,3.59,-1.12341
192.19,toyota.prius,3.59,-1.12417
192.3,toyota.prius,3.6,-1.11611
192.4,toyota.prius,3.6,-1.10748
192.5,toyota.prius,3.61,-1.10538
192.6,toyota.prius,3.62,-1.10596
192.7,toyota.prius,3.62,-1.11822
192.8,toyota.prius,3.63,-1.12607
192.91,toyota.prius,3.63,-1.1174
193.01,toyota.prius,3.63,-1.10574
193.11,toyota.prius,3.64,-1.09897
193.21,toyota.prius,3.64,-1.1012
193.31,toyota.prius,3.65,-1.1079
193.42,toyota.prius,3.66,-1.109
193.52,toyota.prius,3.66,-1.10224
193.62,toyota.prius,3.67,-1.09814
193.72,toyota.prius,3.67,-1.09634
193.82,toyota.prius,3.67,-1.10107
193.92,toyota.prius,3.67,-1.14703
194.02,toyota.prius,3.67,-1.20635
194.13,toyota.prius,3.67,-1.1842
194.23,toyota.prius,3.68,-1.15726
194.33,toyota.prius,3.69,-1.01038
194.43,toyota.prius,3.7,-0.95629
194.53,toyota.prius,3.7,-0.95141
194.63,toyota.prius,3.71,-0.90939
194.73,toyota.prius,3.72,-0.94644
194.84,toyota.prius,3.72,-0.98904
194.94,toyota.prius,3.73,-0.9706
195.04,toyota.prius,3.72,-1.04192
195.14,toyota.prius,3.72,-1.12848
195.24,toyota.prius,3.72,-1.13971
195.34,toyota.prius,3.72,-1.13562
195.44,toyota.prius,3.72,-1.13186
195.55,toyota.prius,3.72,-1.16214
195.65,toyota.prius,3.73,-1.19381
195.75,toyota.prius,3.73,-1.19619
195.85,toyota.prius,3.73,-1.14559
195.95,toyota.prius,3.73,-1.12728
196.05,toyota.prius,3.72,-1.12512
196.15,toyota.prius,3.72,-1.11969
196.26,toyota.prius,3.72,-1.11337
196.36,toyota.prius,3.72,-1.11334
196.46,toyota.prius,3.73,-1.12542
196.56,toyota.prius,3.73,-1.13513
196.66,toyota.prius,3.74,-1.12844
196.76,toyota.prius,3.74,-1.11902
196.86,toyota.prius,3.74,-1.11325
196.97,toyota.prius,3.74,-1.11478
197.07,toyota.prius,3.75,-1.12452
197.17,toyota.prius,3.75,-1.12762
197.27,toyota.prius,3.75,-1.13367
197.37,toyota.prius,3.75,-1.13695
197.47,toyota.prius,3.74,-1.13791
197.57,toyota.prius,3.74,-1.1376
197.67,toyota.prius,3.74,-1.14264
197.78,toyota.prius,3.74,-1.14288
197.88,toyota.prius,3.74,-1.13904
197.98,toyota.prius,3.74,-1.13364
198.08,toyota.prius,3.74,-1.12174
198.18,toyota.prius,3.74,-1.1141
198.28,toyota.prius,3.73,-1.10831
198.38,toyota.prius,3.73,-1.09707
198.48,toyota.prius,3.72,-1.08545
198.59,toyota.prius,3.72,-1.07578
198.69,toyota.prius,3.72,-1.06686
198.79,toyota.prius,3.71,-1.06299
198.89,toyota.prius,3.71,-1.06942
198.99,toyota.prius,3.72,-1.08242
199.09,toyota.prius,3.72,-1.09185
199.19,toyota.prius,3.72,-1.09421
199.3,toyota.prius,3.72,-1.09933
199.4,toyota.prius,3.72,-1.11355
199.5,toyota.prius,3.71,-1.13821
199.6,toyota.prius,3.7,-1.15832
199.7,toyota.prius,3.7,-1.16711
199.8,toyota.prius,3.7,-1.17337
199.9,toyota.prius,3.69,-1.18356
200.0,toyota.prius,3.69,-1.20092
200.11,toyota.prius,3.69,-1.21561
200.21,toyota.prius,3.69,-1.22784
200.31,toyota.prius,3.68,-1.23169
200.41,toyota.prius,3.67,-1.23376
200.51,toyota.prius,3.66,-1.24167
200.61,toyota.prius,3.65,-1.25298
200.71,toyota.prius,3.65,-1.27561
200.82,toyota.prius,3.64,-1.30313
200.92,toyota.prius,3.64,-1.31378
201.02,toyota.prius,3.63,-1.31274
201.12,toyota.prius,3.61,-1.30911
201.22,toyota.prius,3.6,-1.30606
201.32,toyota.prius,3.58,-1.29749
201.42,toyota.prius,3.57,-1.28757
201.52,toyota.prius,3.55,-1.26876
201.63,toyota.prius,3.53,-1.22527
201.73,toyota.prius,3.51,-1.17877
201.83,toyota.prius,3.49,-1.11734
201.93,toyota.prius,3.46,-1.04767
202.03,toyota.prius,3.44,-0.98459
202.13,toyota.prius,3.42,-0.89478
202.23,toyota.prius,3.39,-0.80548
202.33,toyota.prius,3.36,-0.73221
202.44,toyota.prius,3.33,-0.62817
202.54,toyota.prius,3.3,-0.53097
202.64,toyota.prius,3.26,-0.4407
202.74,toyota.prius,3.22,-0.35147
202.84,toyota.prius,3.19,-0.2688
202.94,toyota.prius,3.15,-0.18316
203.04,toyota.prius,3.11,-0.09006
203.14,toyota.prius,3.07,-0.00848
203.25,toyota.prius,3.03,0.05046
203.35,toyota.prius,2.99,0.10988
203.45,toyota.prius,2.95,0.17868
203.55,toyota.prius,2.92,0.22602
203.65,toyota.prius,2.88,0.26583
203.75,toyota.prius,2.84,0.30999
203.85,toyota.prius,2.8,0.35019
203.96,toyota.prius,2.77,0.37851
204.06,toyota.prius,2.73,0.40116
204.16,toyota.prius,2.7,0.4248
204.26,toyota.prius,2.67,0.44857
204.36,toyota.prius,2.64,0.46879
204.46,toyota.prius,2.62,0.48856
204.56,toyota.prius,2.59,0.51153
204.67,toyota.prius,2.57,0.53332
204.77,toyota.prius,2.56,0.54622
204.87,toyota.prius,2.54,0.57467
204.97,toyota.prius,2.53,0.60305
205.07,toyota.prius,2.52,0.62765
205.17,toyota.prius,2.5,0.6389
205.27,toyota.prius,2.49,0.66154
205.38,toyota.prius,2.49,0.69587
205.48,toyota.prius,2.48,0.73842
205.58,toyota.prius,2.48,0.77463
205.68,toyota.prius,2.49,0.80475
205.78,toyota.prius,2.49,0.83814
205.88,toyota.prius,2.51,0.86125
205.98,toyota.prius,2.52,0.86886
206.08,toyota.prius,2.54,0.88118
206.19,toyota.prius,2.55,0.90483
206.29,toyota.prius,2.56,0.9297
206.39,toyota.prius,2.57,0.95307
206.49,toyota.prius,2.58,0.97126
206.59,toyota.prius,2.6,0.97432
206.69,toyota.prius,2.61,0.97441
206.79,toyota.prius,2.63,0.98488
206.9,toyota.prius,2.65,1.0245
207.0,toyota.prius,2.67,1.04744
207.1,toyota.prius,2.69,1.04194
207.2,toyota.prius,2.71,1.04592
207.3,toyota.prius,2.74,1.18039
207.4,toyota.prius,2.77,1.33725
207.5,toyota.prius,2.79,1.55683
207.61,toyota.prius,2.82,1.73397
207.71,toyota.prius,2.84,1.76574
207.81,toyota.prius,2.87,1.73056
207.91,toyota.prius,2.89,1.68523
208.01,toyota.prius,2.92,1.63082
208.11,toyota.prius,2.95,1.50737
208.21,toyota.prius,2.98,1.29944
208.31,toyota.prius,3.0,1.02092
208.42,toyota.prius,3.02,0.78999
208.52,toyota.prius,3.04,0.57298
208.62,toyota.prius,3.07,0.48313
208.72,toyota.prius,3.09,0.44029
208.82,toyota.prius,3.11,0.38487
208.92,toyota.prius,3.13,0.32357
209.02,toyota.prius,3.15,0.26999
209.13,toyota.prius,3.17,0.19809
209.23,toyota.prius,3.19,0.13168
209.33,toyota.prius,3.21,0.06164
209.43,toyota.prius,3.23,0.0122
209.53,toyota.prius,3.25,0.03953
209.63,toyota.prius,3.27,0.19605
209.73,toyota.prius,3.29,0.32612
209.84,toyota.prius,3.3,0.43154
209.94,toyota.prius,3.3,0.53897
210.04,toyota.prius,3.32,0.66665
210.14,toyota.prius,3.34,0.92368
210.24,toyota.prius,3.35,1.24355
210.34,toyota.prius,3.37,1.51166
210.44,toyota.prius,3.39,1.72412
210.54,toyota.prius,3.4,1.80148
210.65,toyota.prius,3.37,1.58218
210.75,toyota.prius,3.3,1.68583
210.85,toyota.prius,3.2,1.71414
210.95,toyota.prius,3.05,1.81421
211.05,toyota.prius,2.87,1.95447
211.15,toyota.prius,2.7,2.0716
211.25,toyota.prius,2.53,2.11921
211.36,toyota.prius,2.38,3.03587
211.46,toyota.prius,2.25,3.31633
211.56,toyota.prius,2.13,3.37966
211.66,toyota.prius,2.02,3.35614
211.76,toyota.prius,1.93,3.36276
211.86,toyota.prius,1.85,3.41292
211.96,toyota.prius,1.79,3.5586
212.06,toyota.prius,1.73,3.73303
212.17,toyota.prius,1.7,3.81653
212.27,toyota.prius,1.67,3.87563
212.37,toyota.prius,1.65,3.91994
212.47,toyota.prius,1.65,3.95393
212.57,toyota.prius,1.65,3.95353
212.67,toyota.prius,1.65,3.83883
212.77,toyota.prius,1.67,2.88084
212.88,toyota.prius,1.68,2.42492
212.98,toyota.prius,1.7,2.16423
213.08,toyota.prius,1.73,1.89738
213.18,toyota.prius,1.76,1.69169
213.28,toyota.prius,1.8,1.57084
213.38,toyota.prius,1.84,1.60709
213.48,toyota.prius,1.88,1.75566
213.59,toyota.prius,1.93,1.79961
213.69,toyota.prius,1.98,1.80762
213.79,toyota.prius,2.03,1.72256
213.89,toyota.prius,2.08,1.60572
213.99,toyota.prius,2.15,1.58152
214.09,toyota.prius,2.21,1.5911
214.19,toyota.prius,2.27,1.5445
214.3,toyota.prius,2.33,1.49403
214.4,toyota.prius,2.39,1.38944
214.5,toyota.prius,2.46,1.45978
214.6,toyota.prius,2.51,1.49843
214.7,toyota.prius,2.58,1.5572
214.8,toyota.prius,2.64,1.60627
214.9,toyota.prius,2.7,1.60498
215.0,toyota.prius,2.76,1.59849
215.11,toyota.prius,2.83,1.59281
215.21,toyota.prius,2.89,1.59227
215.31,toyota.prius,2.95,1.59456
215.41,toyota.prius,3.01,1.59847
215.51,toyota.prius,3.07,1.60171
215.61,toyota.prius,3.13,1.60559
215.71,toyota.prius,3.19,1.61061
215.82,toyota.prius,3.25,1.61503
215.92,toyota.prius,3.3,1.59048
216.02,toyota.prius,3.36,1.43607
216.12,toyota.prius,3.41,1.26216
216.22,toyota.prius,3.46,1.06433
216.32,toyota.prius,3.52,1.08145
216.42,toyota.prius,3.57,1.16494
216.52,toyota.prius,3.62,1.24103
216.63,toyota.prius,3.68,1.40114
216.73,toyota.prius,3.73,1.63205
216.83,toyota.prius,3.78,1.93931
216.93,toyota.prius,3.83,2.05241
217.03,toyota.prius,3.88,2.03193
217.13,toyota.prius,3.93,1.9969
217.23,toyota.prius,3.97,1.96627
217.34,toyota.prius,4.01,1.93534
217.44,toyota.prius,4.05,1.90053
217.54,toyota.prius,4.08,1.87029
217.64,toyota.prius,4.11,1.82746
217.74,toyota.prius,4.15,1.77551
217.84,toyota.prius,4.19,1.72735
217.94,toyota.prius,4.22,1.67946
218.04,toyota.prius,4.25,1.63497
218.15,toyota.prius,4.29,1.59117
218.25,toyota.prius,4.3,1.55056
218.35,toyota.prius,4.32,1.50249
218.45,toyota.prius,4.33,1.45592
218.55,toyota.prius,4.33,1.41075
218.65,toyota.prius,4.33,1.36515
218.75,toyota.prius,4.34,1.42196
218.85,toyota.prius,4.33,1.40652
218.96,toyota.prius,4.32,1.35692
219.06,toyota.prius,4.31,1.29912
219.16,toyota.prius,4.3,1.25091
219.26,toyota.prius,4.3,1.20808
219.36,toyota.prius,4.29,1.17365
219.46,toyota.prius,4.28,1.05979
219.56,toyota.prius,4.26,0.95797
219.67,toyota.prius,4.25,0.9082
219.77,toyota.prius,4.23,0.87049
219.87,toyota.prius,4.21,0.73421
219.97,toyota.prius,4.2,0.65883
220.07,toyota.prius,4.18,0.6161
220.17,toyota.prius,4.16,0.71099
220.27,toyota.prius,4.15,0.67861
220.37,toyota.prius,4.12,0.61884
220.48,toyota.prius,4.1,0.67049
220.58,toyota.prius,4.08,0.667
220.68,toyota.prius,4.06,0.64429
220.78,toyota.prius,4.04,0.61134
220.88,toyota.prius,4.02,0.51273
220.98,toyota.prius,4.0,0.40492
221.08,toyota.prius,3.98,0.44176
221.19,toyota.prius,3.96,0.42511
221.29,toyota.prius,3.94,0.39039
221.39,toyota.prius,3.92,0.34405
221.49,toyota.prius,3.9,0.2926
221.59,toyota.prius,3.88,0.24636
221.69,toyota.prius,3.86,0.19955
221.79,toyota.prius,3.84,0.1669
221.89,toyota.prius,3.82,0.12359
222.0,toyota.prius,3.8,0.09402
222.1,toyota.prius,3.78,0.06721
222.2,toyota.prius,3.76,0.03608
222.3,toyota.prius,3.74,0.02082
222.4,toyota.prius,3.72,0.00914
222.5,toyota.prius,3.7,-0.00754
222.6,toyota.prius,3.68,-0.02572
222.71,toyota.prius,3.67,-0.04575
222.81,toyota.prius,3.65,-0.05808
222.91,toyota.prius,3.63,-0.06582
223.01,toyota.prius,3.62,-0.05939
223.11,toyota.prius,3.6,-0.07962
223.21,toyota.prius,3.58,-0.09347
223.31,toyota.prius,3.57,-0.08405
223.42,toyota.prius,3.55,-0.06192
223.52,toyota.prius,3.54,-0.0365
223.62,toyota.prius,3.53,-0.01367
223.72,toyota.prius,3.51,-0.00137
223.82,toyota.prius,3.5,-0.00299
223.92,toyota.prius,3.48,0.01977
224.02,toyota.prius,3.47,0.04581
224.12,toyota.prius,3.46,0.05132
224.23,toyota.prius,3.46,0.04601
224.33,toyota.prius,3.45,0.03765
224.43,toyota.prius,3.44,0.0361
224.53,toyota.prius,3.42,0.04238
224.63,toyota.prius,3.41,0.05347
224.73,toyota.prius,3.39,0.06149
224.83,toyota.prius,3.37,0.06745
224.94,toyota.prius,3.36,0.06664
225.04,toyota.prius,3.35,0.09355
225.14,toyota.prius,3.34,0.15264
225.24,toyota.prius,3.34,0.22126
225.34,toyota.prius,3.33,0.2858
225.44,toyota.prius,3.32,0.33039
225.54,toyota.prius,3.31,0.34436
225.65,toyota.prius,3.31,0.3451
225.75,toyota.prius,3.3,0.34464
225.85,toyota.prius,3.3,0.38777
225.95,toyota.prius,3.3,0.53303
226.05,toyota.prius,3.29,0.52133
226.15,toyota.prius,3.28,0.46808
226.25,toyota.prius,3.28,0.41177
226.36,toyota.prius,3.27,0.39637
226.46,toyota.prius,3.26,0.40382
226.56,toyota.prius,3.26,0.20972
226.66,toyota.prius,3.25,0.17868
226.76,toyota.prius,3.25,0.09051
226.86,toyota.prius,3.24,-0.01755
226.96,toyota.prius,3.24,-0.01209
227.07,toyota.prius,3.23,0.00802
227.17,toyota.prius,3.23,0.02062
227.27,toyota.prius,3.23,0.02528
227.37,toyota.prius,3.22,0.08414
227.47,toyota.prius,3.22,0.2591
227.57,toyota.prius,3.21,0.28815
227.67,toyota.prius,3.2,0.28315
227.78,toyota.prius,3.2,0.27563
227.88,toyota.prius,3.19,0.26533
227.98,toyota.prius,3.18,0.26225
228.08,toyota.prius,3.18,0.26951
228.18,toyota.prius,3.17,0.27762
228.28,toyota.prius,3.16,0.28433
228.38,toyota.prius,3.16,0.29143
228.48,toyota.prius,3.15,0.29402
228.59,toyota.prius,3.15,0.29775
228.69,toyota.prius,3.14,0.30564
228.79,toyota.prius,3.14,0.30963
228.89,toyota.prius,3.14,0.34998
228.99,toyota.prius,3.13,0.42195
229.09,toyota.prius,3.13,0.43298
229.19,toyota.prius,3.12,0.4365
229.3,toyota.prius,3.11,0.44089
229.4,toyota.prius,3.11,0.44434
229.5,toyota.prius,3.1,0.44847
229.6,toyota.prius,3.1,0.42364
229.7,toyota.prius,3.1,0.3357
229.8,toyota.prius,3.1,0.30381
229.9,toyota.prius,3.1,0.23603
230.0,toyota.prius,3.09,0.24399
230.11,toyota.prius,3.09,0.25751
230.21,toyota.prius,3.08,0.25898
230.31,toyota.prius,3.08,0.25474
230.41,toyota.prius,3.07,0.26078
230.51,toyota.prius,3.06,0.27216
230.61,toyota.prius,3.06,0.37524
230.71,toyota.prius,3.05,0.41046
230.82,toyota.prius,3.04,0.41571
230.92,toyota.prius,3.03,0.41123
231.02,toyota.prius,3.03,0.40616
231.12,toyota.prius,3.03,0.39926
231.22,toyota.prius,3.04,0.39445
231.32,toyota.prius,3.05,0.39801
231.42,toyota.prius,3.05,0.40687
231.53,toyota.prius,3.05,0.4181
231.63,toyota.prius,3.05,0.42583
231.73,toyota.prius,3.04,0.42314
231.83,toyota.prius,3.04,0.41951
231.93,toyota.prius,3.04,0.42323
232.03,toyota.prius,3.04,0.43357
232.13,toyota.prius,3.04,0.44348
232.23,toyota.prius,3.04,0.4503
232.34,toyota.prius,3.04,0.45078
232.44,toyota.prius,3.04,0.44765
232.54,toyota.prius,3.04,0.44531
232.64,toyota.prius,3.05,0.44969
232.74,toyota.prius,3.05,0.45896
232.84,toyota.prius,3.05,0.46675
232.94,toyota.prius,3.05,0.47328
233.05,toyota.prius,3.06,0.47564
233.15,toyota.prius,3.06,0.47533
233.25,toyota.prius,3.06,0.47799
233.35,toyota.prius,3.06,0.48123
233.45,toyota.prius,3.06,0.48692
233.55,toyota.prius,3.05,0.49475
233.65,toyota.prius,3.05,0.50368
233.75,toyota.prius,3.05,0.50549
233.86,toyota.prius,3.05,0.50396
233.96,toyota.prius,3.05,0.50394
234.06,toyota.prius,3.05,0.50837
234.16,toyota.prius,3.05,0.51774
234.26,toyota.prius,3.05,0.52651
234.36,toyota.prius,3.04,0.53115
234.46,toyota.prius,3.05,0.53412
234.57,toyota.prius,3.04,0.53392
234.67,toyota.prius,3.04,0.53385
234.77,toyota.prius,3.04,0.54101
234.87,toyota.prius,3.03,0.55215
234.97,toyota.prius,3.03,0.56124
235.07,toyota.prius,3.03,0.56721
235.17,toyota.prius,3.03,0.55958
235.27,toyota.prius,3.03,0.54971
235.38,toyota.prius,3.03,0.55125
235.48,toyota.prius,3.03,0.56107
235.58,toyota.prius,3.03,0.5693
235.68,toyota.prius,3.02,0.57442
235.78,toyota.prius,3.02,0.57865
235.88,toyota.prius,3.02,0.57535
235.98,toyota.prius,3.02,0.56382
236.08,toyota.prius,3.02,0.56396
236.19,toyota.prius,3.03,0.56928
236.29,toyota.prius,3.03,0.57522
236.39,toyota.prius,3.03,0.57718
236.49,toyota.prius,3.03,0.57888
236.59,toyota.prius,3.03,0.615
236.69,toyota.prius,3.04,0.68116
236.79,toyota.prius,3.04,0.69105
236.9,toyota.prius,3.03,0.6888
237.0,toyota.prius,3.03,0.6878
237.1,toyota.prius,3.03,0.68915
237.2,toyota.prius,3.03,0.68469
237.3,toyota.prius,3.03,0.6796
237.4,toyota.prius,3.03,0.57677
237.5,toyota.prius,3.03,0.56203
237.61,toyota.prius,3.03,0.45995
237.71,toyota.prius,3.03,0.45415
237.81,toyota.prius,3.03,0.4653
237.91,toyota.prius,3.03,0.4743
238.01,toyota.prius,3.04,0.4704
238.11,toyota.prius,3.04,0.4642
238.21,toyota.prius,3.04,0.46632
238.32,toyota.prius,3.03,0.56803
238.42,toyota.prius,3.02,0.59895
238.52,toyota.prius,3.02,0.64115
238.62,toyota.prius,3.02,0.80467
238.72,toyota.prius,3.03,0.68216
238.82,toyota.prius,3.03,0.5784
238.92,toyota.prius,3.03,0.54931
239.02,toyota.prius,3.03,0.55312
239.13,toyota.prius,3.03,0.56524
239.23,toyota.prius,3.02,0.57696
239.33,toyota.prius,3.02,0.58462
239.43,toyota.prius,3.02,0.58386
239.53,toyota.prius,3.01,0.39325
239.63,toyota.prius,3.01,0.42577
239.73,toyota.prius,3.02,0.55613
239.84,toyota.prius,3.01,0.57972
239.94,toyota.prius,3.01,0.58251
240.04,toyota.prius,3.01,0.58464
240.14,toyota.prius,3.0,0.58733
240.24,toyota.prius,3.0,0.58951
240.34,toyota.prius,3.0,0.58232
240.44,toyota.prius,3.0,0.57104
240.55,toyota.prius,3.0,0.56979
240.65,toyota.prius,2.99,0.57172
240.75,toyota.prius,2.99,0.57357
240.85,toyota.prius,2.99,0.57779
240.95,toyota.prius,2.98,0.57932
241.05,toyota.prius,2.98,0.58132
241.15,toyota.prius,2.99,0.57975
241.26,toyota.prius,2.99,0.57496
241.36,toyota.prius,2.99,0.56844
241.46,toyota.prius,2.99,0.56704
241.56,toyota.prius,2.98,0.56833
241.66,toyota.prius,2.98,0.57208
241.76,toyota.prius,2.98,0.57529
241.86,toyota.prius,2.98,0.5716
241.97,toyota.prius,2.97,0.57178
242.07,toyota.prius,2.97,0.579
242.17,toyota.prius,2.97,0.59175
242.27,toyota.prius,2.96,0.60332
242.37,toyota.prius,2.96,0.61263
242.47,toyota.prius,2.96,0.61094
242.57,toyota.prius,2.96,0.62421
242.67,toyota.prius,2.96,0.64834
242.78,toyota.prius,2.96,0.67152
242.88,toyota.prius,2.95,0.69374
242.98,toyota.prius,2.95,0.71093
243.08,toyota.prius,2.95,0.72336
243.18,toyota.prius,2.95,0.73694
243.28,toyota.prius,2.94,0.75249
243.38,toyota.prius,2.94,0.76773
243.49,toyota.prius,2.94,0.78553
243.59,toyota.prius,2.94,0.80893
243.69,toyota.prius,2.94,0.83242
243.79,toyota.prius,2.95,0.845
243.89,toyota.prius,2.95,0.85321
243.99,toyota.prius,2.95,0.86838
244.09,toyota.prius,2.95,0.88838
244.19,toyota.prius,2.95,0.90943
244.3,toyota.prius,2.95,0.92979
244.4,toyota.prius,2.95,0.94636
244.5,toyota.prius,2.95,0.95819
244.6,toyota.prius,2.95,0.97358
244.7,toyota.prius,2.95,0.99075
244.8,toyota.prius,2.95,1.00947
244.9,toyota.prius,2.95,1.02833
245.01,toyota.prius,2.94,1.04866
245.11,toyota.prius,2.94,1.06606
245.21,toyota.prius,2.95,1.08124
245.31,toyota.prius,2.94,1.09235
245.41,toyota.prius,2.94,1.10965
245.51,toyota.prius,2.95,1.1295
245.61,toyota.prius,2.94,1.14908
245.72,toyota.prius,2.94,1.17216
245.82,toyota.prius,2.94,1.18612
245.92,toyota.prius,2.95,1.19453
246.02,toyota.prius,2.95,1.21155
246.12,toyota.prius,2.95,1.23541
246.22,toyota.prius,2.95,1.25464
246.32,toyota.prius,2.95,1.2763
246.43,toyota.prius,2.96,1.29306
246.53,toyota.prius,2.96,1.30278
246.63,toyota.prius,2.97,1.31834
246.73,toyota.prius,2.98,1.33359
246.83,toyota.prius,2.98,1.34588
246.93,toyota.prius,2.98,1.36667
247.03,toyota.prius,2.98,1.3924
247.13,toyota.prius,2.97,1.4123
247.24,toyota.prius,2.97,1.4292
247.34,toyota.prius,2.97,1.44543
247.44,toyota.prius,2.97,1.46032
247.54,toyota.prius,2.98,1.46984
247.64,toyota.prius,2.98,1.48355
247.74,toyota.prius,2.98,1.50761
247.85,toyota.prius,2.98,1.52986
247.95,toyota.prius,2.98,1.55001
248.05,toyota.prius,2.98,1.56347
248.15,toyota.prius,2.98,1.57286
248.25,toyota.prius,2.98,1.58703
248.35,toyota.prius,2.98,1.60776
248.45,toyota.prius,2.97,1.62599
248.55,toyota.prius,2.97,1.64238
248.66,toyota.prius,2.97,1.65158
248.76,toyota.prius,2.96,1.65298
248.86,toyota.prius,2.96,1.6567
248.96,toyota.prius,2.97,1.66543
249.06,toyota.prius,2.96,1.67775
249.16,toyota.prius,2.96,1.69186
249.26,toyota.prius,2.96,1.69842
249.36,toyota.prius,2.95,1.70135
249.47,toyota.prius,2.94,1.71065
249.57,toyota.prius,2.94,1.72738
249.67,toyota.prius,2.94,1.74478
249.77,toyota.prius,2.93,1.75816
249.87,toyota.prius,2.93,1.76281
249.97,toyota.prius,2.93,1.76545
250.08,toyota.prius,2.93,1.77103
250.18,toyota.prius,2.93,1.77746
250.28,toyota.prius,2.93,1.78204
250.38,toyota.prius,2.93,1.77505
250.48,toyota.prius,2.93,1.74394
250.58,toyota.prius,2.93,1.7236
250.68,toyota.prius,2.93,1.65588
250.78,toyota.prius,2.93,1.61699
250.89,toyota.prius,2.92,1.58269
250.99,toyota.prius,2.92,1.52002
251.09,toyota.prius,2.93,1.46575
251.19,toyota.prius,2.92,1.37607
251.29,toyota.prius,2.93,1.33593
251.39,toyota.prius,2.93,1.32627
251.49,toyota.prius,2.93,1.32565
251.59,toyota.prius,2.93,1.33088
251.7,toyota.prius,2.93,1.38972
251.8,toyota.prius,2.93,1.40231
251.9,toyota.prius,2.93,1.43425
252.0,toyota.prius,2.94,1.44903
252.1,toyota.prius,2.94,1.44659
252.2,toyota.prius,2.94,1.32667
252.3,toyota.prius,2.95,1.11138
252.41,toyota.prius,2.95,0.96117
252.51,toyota.prius,2.95,0.80602
252.61,toyota.prius,2.95,0.59699
252.71,toyota.prius,2.95,0.32895
252.81,toyota.prius,2.95,0.11285
252.91,toyota.prius,2.96,-0.07196
253.01,toyota.prius,2.96,-0.284
253.11,toyota.prius,2.97,-0.41046
253.22,toyota.prius,2.97,-0.40362
253.32,toyota.prius,2.97,-0.40185
253.42,toyota.prius,2.98,-0.44553
253.52,toyota.prius,2.98,-0.38919
253.62,toyota.prius,2.99,-0.23507
253.72,toyota.prius,2.99,-0.12466
253.83,toyota.prius,2.99,-0.04056
253.93,toyota.prius,2.99,0.07755
254.03,toyota.prius,2.99,0.2342
254.13,toyota.prius,2.99,0.3532
254.23,toyota.prius,2.99,0.42503
254.33,toyota.prius,2.99,0.50356
254.43,toyota.prius,2.99,0.55312
254.54,toyota.prius,2.99,0.58812
254.64,toyota.prius,2.98,0.58951
254.74,toyota.prius,2.99,0.57881
254.84,toyota.prius,2.98,0.56742
254.94,toyota.prius,2.98,0.56175
255.04,toyota.prius,2.98,0.56348
255.14,toyota.prius,2.98,0.56614
255.24,toyota.prius,2.97,0.5373
255.35,toyota.prius,2.97,0.45046
255.45,toyota.prius,2.97,0.36089
255.55,toyota.prius,2.97,0.26592
255.65,toyota.prius,2.96,0.19084
255.75,toyota.prius,2.96,0.10833
255.85,toyota.prius,2.96,0.01674
255.95,toyota.prius,2.95,-0.07366
256.06,toyota.prius,2.95,-0.15671
256.16,toyota.prius,2.95,-0.21756
256.26,toyota.prius,2.94,-0.2464
256.36,toyota.prius,2.94,-0.22708
256.46,toyota.prius,2.94,-0.19888
256.56,toyota.prius,2.94,-0.15629
256.66,toyota.prius,2.95,-0.08777
256.76,toyota.prius,2.96,0.01502
256.87,toyota.prius,2.96,0.14853
256.97,toyota.prius,2.97,0.28442
257.07,toyota.prius,2.97,0.40356
257.17,toyota.prius,2.96,0.51019
257.27,toyota.prius,2.97,0.64356
257.37,toyota.prius,2.96,0.75271
257.47,toyota.prius,2.96,0.88486
257.57,toyota.prius,2.96,1.04485
257.68,toyota.prius,2.96,1.16138
257.78,toyota.prius,2.96,1.29776
257.88,toyota.prius,2.96,1.48602
257.98,toyota.prius,2.97,1.69009
258.08,toyota.prius,2.97,1.87156
258.18,toyota.prius,2.97,2.05406
258.29,toyota.prius,2.98,2.12211
258.39,toyota.prius,2.98,2.03408
258.49,toyota.prius,2.99,1.8339
258.59,toyota.prius,2.99,1.65282
258.69,toyota.prius,3.0,1.43668
258.79,toyota.prius,3.0,1.18563
258.89,toyota.prius,3.01,0.91352
258.99,toyota.prius,3.02,0.75327
259.1,toyota.prius,3.02,0.68956
259.2,toyota.prius,3.03,0.79535
259.3,toyota.prius,3.04,1.0689
259.4,toyota.prius,3.04,1.32439
259.5,toyota.prius,3.04,1.61198
259.6,toyota.prius,3.05,1.83838
259.7,toyota.prius,3.05,1.96225
259.81,toyota.prius,3.06,2.03906
259.91,toyota.prius,3.07,1.99181
260.01,toyota.prius,3.07,1.95283
260.11,toyota.prius,3.07,1.8583
260.21,toyota.prius,3.06,1.76724
260.31,toyota.prius,3.06,1.66315
260.41,toyota.prius,3.06,1.56919
260.51,toyota.prius,3.06,1.50768
260.62,toyota.prius,3.06,1.45299
260.72,toyota.prius,3.07,1.46956
260.82,toyota.prius,3.07,1.49412
260.92,toyota.prius,3.08,1.51602
261.02,toyota.prius,3.08,1.52776
261.12,toyota.prius,3.08,1.53131
261.22,toyota.prius,3.08,1.54336
261.33,toyota.prius,3.08,1.56442
261.43,toyota.prius,3.09,1.61748
261.53,toyota.prius,3.09,1.70411
261.63,toyota.prius,3.09,1.79001
261.73,toyota.prius,3.09,1.94828
261.83,toyota.prius,3.1,2.13314
261.93,toyota.prius,3.1,2.32357
262.04,toyota.prius,3.1,2.50981
262.14,toyota.prius,3.1,2.71036
262.24,toyota.prius,3.11,2.91646
262.34,toyota.prius,3.11,3.07524
262.44,toyota.prius,3.11,3.22336
262.54,toyota.prius,3.11,3.32677
262.64,toyota.prius,3.12,3.32793
262.75,toyota.prius,3.13,3.28283
262.85,toyota.prius,3.13,3.2468
262.95,toyota.prius,3.14,3.20558
263.05,toyota.prius,3.14,3.14211
263.15,toyota.prius,3.14,3.00773
263.25,toyota.prius,3.14,2.85061
263.35,toyota.prius,3.14,2.71284
263.46,toyota.prius,3.14,2.57429
263.56,toyota.prius,3.14,2.44334
263.66,toyota.prius,3.15,2.29118
263.76,toyota.prius,3.15,2.13816
263.86,toyota.prius,3.16,2.00461
263.96,toyota.prius,3.16,1.85917
264.06,toyota.prius,3.15,1.78176
264.17,toyota.prius,3.13,1.71602
264.27,toyota.prius,3.12,1.64862
264.37,toyota.prius,3.12,1.57088
264.47,toyota.prius,3.12,1.50965
264.57,toyota.prius,3.12,1.47499
264.67,toyota.prius,3.12,1.42855
264.77,toyota.prius,3.12,1.39399
264.87,toyota.prius,3.11,1.37238
264.98,toyota.prius,3.11,1.35889
265.08,toyota.prius,3.1,1.33534
265.18,toyota.prius,3.1,1.2953
265.28,toyota.prius,3.1,1.26376
265.38,toyota.prius,3.1,1.25276
265.48,toyota.prius,3.09,1.25936
265.58,toyota.prius,3.09,1.27088
265.68,toyota.prius,3.08,1.27856
265.79,toyota.prius,3.09,1.27421
265.89,toyota.prius,3.08,1.27175
265.99,toyota.prius,3.09,1.29089
266.09,toyota.prius,3.09,1.31676
266.19,toyota.prius,3.09,1.33248
266.29,toyota.prius,3.08,1.34171
266.39,toyota.prius,3.07,1.3493
266.5,toyota.prius,3.07,1.35695
266.6,toyota.prius,3.07,1.34812
266.7,toyota.prius,3.06,1.33928
266.8,toyota.prius,3.06,1.33156
266.9,toyota.prius,3.07,1.30756
267.0,toyota.prius,3.07,1.28253
267.1,toyota.prius,3.06,1.2591
267.2,toyota.prius,3.06,1.23775
267.31,toyota.prius,3.06,1.20066
267.41,toyota.prius,3.05,1.16819
267.51,toyota.prius,3.05,1.14699
267.61,toyota.prius,3.05,1.13114
267.71,toyota.prius,3.05,1.11371
267.81,toyota.prius,3.06,1.11275
267.91,toyota.prius,3.06,1.17779
268.02,toyota.prius,3.07,1.25042
268.12,toyota.prius,3.07,1.31285
268.22,toyota.prius,3.07,1.32116
268.32,toyota.prius,3.06,1.32536
268.42,toyota.prius,3.06,1.35579
268.52,toyota.prius,3.06,1.3949
268.62,toyota.prius,3.06,1.43577
268.73,toyota.prius,3.07,1.40918
268.83,toyota.prius,3.07,1.36255
268.93,toyota.prius,3.07,1.42274
269.03,toyota.prius,3.07,1.56756
269.13,toyota.prius,3.08,1.72869
269.23,toyota.prius,3.08,1.87526
269.33,toyota.prius,3.09,2.029
269.43,toyota.prius,3.09,2.18893
269.54,toyota.prius,3.09,2.31877
269.64,toyota.prius,3.08,2.45793
269.74,toyota.prius,3.08,2.61188
269.84,toyota.prius,3.07,2.77164
269.94,toyota.prius,3.07,2.92141
270.04,toyota.prius,3.08,3.07229
270.15,toyota.prius,3.08,3.21492
270.25,toyota.prius,3.08,3.36721
270.35,toyota.prius,3.08,3.53219
270.45,toyota.prius,3.08,3.69192
270.55,toyota.prius,3.08,3.81795
270.65,toyota.prius,3.08,3.97308
270.75,toyota.prius,3.08,4.12886
270.85,toyota.prius,3.08,4.25712
270.96,toyota.prius,3.07,4.41169
271.06,toyota.prius,3.08,4.55326
271.16,toyota.prius,3.08,4.66044
271.26,toyota.prius,3.08,4.75839
271.36,toyota.prius,3.09,4.84312
271.46,toyota.prius,3.1,4.90281
271.56,toyota.prius,3.1,4.9525
271.67,toyota.prius,3.1,4.99561
271.77,toyota.prius,3.09,5.02032
271.87,toyota.prius,3.09,5.02311
271.97,toyota.prius,3.09,5.02339
272.07,toyota.prius,3.09,5.02533
272.17,toyota.prius,3.1,5.0273
272.27,toyota.prius,3.1,5.02536
272.37,toyota.prius,3.11,5.0209
272.48,toyota.prius,3.11,5.01597
272.58,toyota.prius,3.1,5.01382
272.68,toyota.prius,3.1,5.01843
272.78,toyota.prius,3.1,5.02145
272.88,toyota.prius,3.08,5.00791
272.98,toyota.prius,3.07,4.99202
273.08,toyota.prius,3.04,4.98278
273.19,toyota.prius,2.99,4.97969
273.29,toyota.prius,2.91,4.96726
273.39,toyota.prius,2.81,4.91403
273.49,toyota.prius,2.67,4.95894
273.59,toyota.prius,2.51,5.00881
273.69,toyota.prius,2.35,5.0455
273.79,toyota.prius,2.18,5.06303
273.89,toyota.prius,2.02,5.07249
274.0,toyota.prius,1.88,5.07419
274.1,toyota.prius,1.76,5.03748
274.2,toyota.prius,1.64,5.03758
274.3,toyota.prius,1.53,5.05739
274.4,toyota.prius,1.43,5.07248
274.5,toyota.prius,1.33,5.06382
274.6,toyota.prius,1.24,5.04358
274.71,toyota.prius,1.15,5.04467
274.81,toyota.prius,1.08,5.05269
274.91,toyota.prius,1.0,5.06806
275.01,toyota.prius,0.93,5.07931
275.11,toyota.prius,0.87,5.05348
275.21,toyota.prius,0.81,5.05026
275.31,toyota.prius,0.76,5.05599
275.42,toyota.prius,0.71,5.06786
275.52,toyota.prius,0.67,5.07708
275.62,toyota.prius,0.63,5.05082
275.72,toyota.prius,0.59,5.04857
275.82,toyota.prius,0.56,5.06234
275.92,toyota.prius,0.53,5.05311
276.02,toyota.prius,0.49,5.05281
276.13,toyota.prius,0.46,5.05383
276.23,toyota.prius,0.43,5.0589
276.33,toyota.prius,0.4,5.07169
276.43,toyota.prius,0.37,5.07083
276.53,toyota.prius,0.35,5.05779
276.63,toyota.prius,0.32,5.05702
276.73,toyota.prius,0.31,5.06325
276.83,toyota.prius,0.29,5.05894
276.94,toyota.prius,0.27,5.05809
277.04,toyota.prius,0.25,5.05912
277.14,toyota.prius,0.23,5.07213
277.24,toyota.prius,0.22,5.06156
277.34,toyota.prius,0.21,5.0562
277.44,toyota.prius,0.19,5.05386
277.54,toyota.prius,0.18,5.06467
277.65,toyota.prius,0.17,5.0696
277.75,toyota.prius,0.16,5.05771
277.85,toyota.prius,0.15,5.05767
277.95,toyota.prius,0.14,5.05669
278.05,toyota.prius,0.13,5.06433
278.15,toyota.prius,0.12,5.07122
278.25,toyota.prius,0.12,5.05939
278.35,toyota.prius,0.11,5.05714
278.46,toyota.prius,0.11,5.0649
278.56,toyota.prius,0.1,5.06379
278.66,toyota.prius,0.1,5.05849
278.76,toyota.prius,0.09,5.05667
278.86,toyota.prius,0.09,5.05677
278.96,toyota.prius,0.08,5.06489
279.06,toyota.prius,0.08,5.06536
279.17,toyota.prius,0.07,5.05946
279.27,toyota.prius,0.07,5.05823
279.37,toyota.prius,0.06,5.05975
279.47,toyota.prius,0.06,5.06252
279.57,toyota.prius,0.06,5.06015
279.67,toyota.prius,0.05,5.0606
279.77,toyota.prius,0.05,5.05919
279.88,toyota.prius,0.05,5.05935
279.98,toyota.prius,0.04,5.06303
280.08,toyota.prius,0.04,5.06309
280.18,toyota.prius,0.04,5.06055
280.28,toyota.prius,0.04,5.06532
280.38,toyota.prius,0.04,5.06779
280.48,toyota.prius,0.03,5.05984
280.59,toyota.prius,0.03,5.05771
280.69,toyota.prius,0.03,5.0599
280.79,toyota.prius,0.03,5.06063
280.89,toyota.prius,0.03,5.05948
280.99,toyota.prius,0.03,5.06931
281.09,toyota.prius,0.03,5.05904
281.19,toyota.prius,0.03,5.0578
281.3,toyota.prius,0.03,5.06032
281.4,toyota.prius,0.03,5.066
281.5,toyota.prius,0.03,5.06114
281.6,toyota.prius,0.03,5.05888
281.7,toyota.prius,0.03,5.05888
281.8,toyota.prius,0.03,5.06046
281.9,toyota.prius,0.02,5.06021
282.01,toyota.prius,0.02,5.05581
282.11,toyota.prius,0.02,5.06018
282.21,toyota.prius,0.02,5.06092
282.31,toyota.prius,0.02,5.05925
282.41,toyota.prius,0.02,5.06247
282.51,toyota.prius,0.02,5.06147
282.61,toyota.prius,0.02,5.06131
282.72,toyota.prius,0.02,5.05902
282.82,toyota.prius,0.02,5.06278
282.92,toyota.prius,0.02,5.06107
283.02,toyota.prius,0.02,5.06415
283.12,toyota.prius,0.02,5.06227
283.22,toyota.prius,0.02,5.05994
283.32,toyota.prius,0.02,5.05963
283.43,toyota.prius,0.02,5.05836
283.53,toyota.prius,0.02,5.06292
283.63,toyota.prius,0.01,5.06112
283.73,toyota.prius,0.01,5.05852
283.83,toyota.prius,0.01,5.06422
283.93,toyota.prius,0.01,5.06252
284.04,toyota.prius,0.01,5.06255
284.14,toyota.prius,0.01,5.06055
284.24,toyota.prius,0.01,5.05941
284.34,toyota.prius,0.01,5.05776
284.44,toyota.prius,0.01,5.06742
284.54,toyota.prius,0.01,5.06085
284.64,toyota.prius,0.01,5.05732
284.75,toyota.prius,0.01,5.05982
284.85,toyota.prius,0.01,5.06097
284.95,toyota.prius,0.01,5.06143
285.05,toyota.prius,0.01,5.06158
285.15,toyota.prius,0.01,5.06077
285.25,toyota.prius,0.01,5.0595
285.35,toyota.prius,0.01,5.06151
285.46,toyota.prius,0.01,5.06164
285.56,toyota.prius,0.01,5.06063
285.66,toyota.prius,0.01,5.06127
285.76,toyota.prius,0.01,5.06398
285.86,toyota.prius,0.01,5.06089
285.96,toyota.prius,0.01,5.06237
286.06,toyota.prius,0.01,5.06189
286.16,toyota.prius,0.01,5.05872
286.27,toyota.prius,0.01,5.06066
286.37,toyota.prius,0.01,5.06127
286.47,toyota.prius,0.01,5.0589
286.57,toyota.prius,0.01,5.06129
286.67,toyota.prius,0.01,5.06193
286.77,toyota.prius,0.01,5.06041
286.87,toyota.prius,0.01,5.06062
286.98,toyota.prius,0.01,5.07235
287.08,toyota.prius,0.01,5.06239
287.18,toyota.prius,0.01,5.05982
287.28,toyota.prius,0.01,5.05903
287.38,toyota.prius,0.01,5.05877
287.48,toyota.prius,0.01,5.06219
287.58,toyota.prius,0.01,5.05909
287.68,toyota.prius,0.01,5.06087
287.79,toyota.prius,0.01,5.06168
287.89,toyota.prius,0.01,5.06031
287.99,toyota.prius,0.01,5.07467
288.09,toyota.prius,0.01,5.06174
288.19,toyota.prius,0.01,5.05767
288.29,toyota.prius,0.01,5.05709
288.39,toyota.prius,0.01,5.05987
288.5,toyota.prius,0.01,5.06143
288.6,toyota.prius,0.01,5.05908
288.7,toyota.prius,0.01,5.06094
288.8,toyota.prius,0.01,5.063
288.9,toyota.prius,0.01,5.06157
289.0,toyota.prius,0.01,5.06172
289.11,toyota.prius,0.01,5.06534
289.21,toyota.prius,0.01,5.06257
289.31,toyota.prius,0.01,5.0587
289.41,toyota.prius,0.01,5.06487
289.51,toyota.prius,0.01,5.07098
289.61,toyota.prius,0.01,5.061
289.71,toyota.prius,0.01,5.05806
289.82,toyota.prius,0.01,5.06309
