Time(s),VehicleType,VehicleSpeed(m/s),RoadGrade(degree)
0.0,toyota.prius,0.0,0.92339
0.1,toyota.prius,0.0,0.9233
0.2,toyota.prius,0.0,0.92305
0.31,toyota.prius,0.0,0.92305
0.41,toyota.prius,0.0,0.92305
0.51,toyota.prius,0.0,0.92275
0.61,toyota.prius,0.0,0.92265
0.71,toyota.prius,0.0,0.92265
0.81,toyota.prius,0.0,0.92265
0.92,toyota.prius,0.0,0.92265
1.02,toyota.prius,0.0,0.92253
1.12,toyota.prius,0.0,0.92253
1.22,toyota.prius,0.0,0.92255
1.32,toyota.prius,0.0,0.94046
1.42,toyota.prius,0.01,0.96337
1.52,toyota.prius,0.02,0.98248
1.63,toyota.prius,0.04,0.99488
1.73,toyota.prius,0.07,1.00439
1.83,toyota.prius,0.11,1.0045
1.93,toyota.prius,0.16,1.00308
2.03,toyota.prius,0.22,1.00086
2.13,toyota.prius,0.28,0.99943
2.24,toyota.prius,0.35,0.99758
2.34,toyota.prius,0.43,0.9973
2.44,toyota.prius,0.51,0.99664
2.54,toyota.prius,0.59,0.99639
2.64,toyota.prius,0.67,0.99662
2.74,toyota.prius,0.77,0.99918
2.84,toyota.prius,0.86,1.00005
2.95,toyota.prius,0.96,1.0003
3.05,toyota.prius,1.06,1.00059
3.15,toyota.prius,1.16,1.00076
3.25,toyota.prius,1.27,1.0026
3.35,toyota.prius,1.38,1.00283
3.45,toyota.prius,1.5,1.00297
3.55,toyota.prius,1.61,1.00344
3.66,toyota.prius,1.72,1.00211
3.76,toyota.prius,1.79,1.00489
3.86,toyota.prius,1.92,1.01081
3.96,toyota.prius,2.04,1.01358
4.06,toyota.prius,2.16,1.01814
4.16,toyota.prius,2.28,1.01984
4.26,toyota.prius,2.4,1.02389
4.37,toyota.prius,2.53,1.02876
4.47,toyota.prius,2.66,1.02937
4.57,toyota.prius,2.78,1.02922
4.67,toyota.prius,2.91,1.02548
4.77,toyota.prius,3.03,1.01695
4.87,toyota.prius,3.15,0.96802
4.97,toyota.prius,3.26,0.93185
5.08,toyota.prius,3.36,0.89949
5.18,toyota.prius,3.44,0.88506
5.28,toyota.prius,3.51,0.8876
5.38,toyota.prius,3.51,0.89772
5.48,toyota.prius,3.5,0.91348
5.58,toyota.prius,3.5,0.93117
5.68,toyota.prius,3.54,0.97441
5.79,toyota.prius,3.58,1.01396
5.89,toyota.prius,3.62,0.95611
5.99,toyota.prius,3.66,0.64159
6.09,toyota.prius,3.7,0.21923
6.19,toyota.prius,3.69,-0.23477
6.29,toyota.prius,3.69,-0.69357
6.39,toyota.prius,3.69,-1.14819
6.5,toyota.prius,3.7,-1.60739
6.6,toyota.prius,3.76,-2.28391
6.7,toyota.prius,3.81,-2.31685
6.8,toyota.prius,3.85,-2.27743
6.9,toyota.prius,3.89,-2.22003
7.0,toyota.prius,3.92,-2.16375
7.1,toyota.prius,3.89,-2.11627
7.21,toyota.prius,3.86,-2.07629
7.31,toyota.prius,3.84,-2.0451
7.41,toyota.prius,3.82,-2.01983
7.51,toyota.prius,3.8,-2.00314
7.61,toyota.prius,3.85,-1.9866
7.71,toyota.prius,3.89,-1.98675
7.81,toyota.prius,3.94,-1.99993
7.92,toyota.prius,3.98,-2.01974
8.02,toyota.prius,4.02,-2.0387
8.12,toyota.prius,3.99,-2.04619
8.22,toyota.prius,3.96,-2.04865
8.32,toyota.prius,3.93,-2.04614
8.42,toyota.prius,3.9,-2.04046
8.52,toyota.prius,3.88,-2.03018
8.62,toyota.prius,3.85,-2.01904
8.72,toyota.prius,3.83,-2.00641
8.83,toyota.prius,3.81,-1.99609
8.93,toyota.prius,3.79,-1.98672
9.03,toyota.prius,3.78,-1.98132
9.13,toyota.prius,3.83,-1.98913
9.23,toyota.prius,3.88,-2.00473
9.33,toyota.prius,3.93,-2.02219
9.43,toyota.prius,3.97,-2.03247
9.53,toyota.prius,4.0,-2.03772
9.64,toyota.prius,3.97,-2.03878
9.74,toyota.prius,3.94,-2.03747
9.84,toyota.prius,3.92,-2.0314
9.94,toyota.prius,3.89,-2.02365
10.04,toyota.prius,3.86,-2.01342
10.14,toyota.prius,3.84,-2.00494
10.25,toyota.prius,3.82,-1.92148
10.35,toyota.prius,3.81,-1.5086
10.45,toyota.prius,3.8,-1.22778
10.55,toyota.prius,3.79,-1.16705
10.65,toyota.prius,3.78,-1.22809
10.75,toyota.prius,3.78,-1.38126
10.86,toyota.prius,3.77,-1.49996
10.96,toyota.prius,3.76,-1.58237
11.06,toyota.prius,3.75,-1.89712
11.16,toyota.prius,3.74,-2.3591
11.26,toyota.prius,3.78,-2.68921
11.36,toyota.prius,3.82,-2.6318
11.47,toyota.prius,3.85,-2.50161
11.57,toyota.prius,3.88,-2.4115
11.67,toyota.prius,3.91,-2.34262
11.77,toyota.prius,3.88,-2.28048
11.87,toyota.prius,3.87,-2.26721
11.97,toyota.prius,3.85,-2.25073
12.07,toyota.prius,3.85,-2.19785
12.18,toyota.prius,3.84,-2.16736
12.28,toyota.prius,3.83,-2.15399
12.38,toyota.prius,3.82,-2.14249
12.48,toyota.prius,3.81,-2.11782
12.58,toyota.prius,3.79,-2.08511
12.68,toyota.prius,3.78,-2.04785
12.78,toyota.prius,3.76,-2.02789
12.89,toyota.prius,3.75,-2.01642
12.99,toyota.prius,3.73,-2.00488
13.09,toyota.prius,3.72,-1.99426
13.19,toyota.prius,3.71,-1.98614
13.29,toyota.prius,3.71,-1.9822
13.39,toyota.prius,3.7,-1.98028
13.49,toyota.prius,3.7,-1.98319
13.6,toyota.prius,3.7,-1.99112
13.7,toyota.prius,3.71,-2.00809
13.8,toyota.prius,3.71,-2.02859
13.9,toyota.prius,3.71,-2.04742
14.0,toyota.prius,3.7,-2.06164
14.1,toyota.prius,3.7,-2.07702
14.2,toyota.prius,3.69,-2.08914
14.31,toyota.prius,3.68,-2.10006
14.41,toyota.prius,3.67,-2.11172
14.51,toyota.prius,3.66,-2.12338
14.61,toyota.prius,3.65,-2.13354
14.71,toyota.prius,3.65,-2.1484
14.81,toyota.prius,3.59,-2.1484
14.91,toyota.prius,3.54,-2.16421
15.02,toyota.prius,3.5,-2.18576
15.12,toyota.prius,3.46,-2.21395
15.22,toyota.prius,3.42,-2.24985
15.32,toyota.prius,3.45,-2.28835
15.42,toyota.prius,3.47,-2.32465
15.52,toyota.prius,3.48,-2.35186
15.62,toyota.prius,3.49,-2.37466
15.72,toyota.prius,3.5,-2.3898
15.82,toyota.prius,3.5,-2.40121
15.93,toyota.prius,3.51,-2.4086
16.03,toyota.prius,3.51,-2.4144
16.13,toyota.prius,3.52,-2.42016
16.23,toyota.prius,3.52,-2.43106
16.33,toyota.prius,3.54,-2.44787
16.43,toyota.prius,3.55,-2.47659
16.53,toyota.prius,3.56,-2.51093
16.63,toyota.prius,3.58,-2.55367
16.73,toyota.prius,3.59,-2.60733
16.83,toyota.prius,3.6,-2.66562
16.94,toyota.prius,3.6,-2.71967
17.04,toyota.prius,3.6,-2.76745
17.14,toyota.prius,3.55,-2.76745
17.24,toyota.prius,3.5,-2.80325
17.34,toyota.prius,3.45,-2.83422
17.44,toyota.prius,3.4,-2.86156
17.54,toyota.prius,3.36,-2.89096
17.65,toyota.prius,3.38,-2.91062
17.75,toyota.prius,3.39,-2.92663
17.85,toyota.prius,3.41,-2.94925
17.95,toyota.prius,3.43,-2.98043
18.05,toyota.prius,3.45,-3.01642
18.15,toyota.prius,3.47,-3.06143
18.25,toyota.prius,3.49,-3.10595
18.36,toyota.prius,3.51,-3.14529
18.46,toyota.prius,3.52,-3.17423
18.56,toyota.prius,3.53,-3.19201
18.66,toyota.prius,3.53,-3.19586
18.76,toyota.prius,3.53,-3.19253
18.86,toyota.prius,3.54,-3.1821
18.96,toyota.prius,3.48,-3.1821
19.06,toyota.prius,3.44,-3.17109
19.17,toyota.prius,3.39,-3.16245
19.27,toyota.prius,3.36,-3.16303
19.37,toyota.prius,3.32,-3.16882
19.47,toyota.prius,3.35,-3.17782
19.57,toyota.prius,3.38,-3.19457
19.67,toyota.prius,3.4,-3.21201
19.78,toyota.prius,3.42,-3.22491
19.88,toyota.prius,3.44,-3.22838
19.98,toyota.prius,3.46,-3.22125
20.08,toyota.prius,3.47,-3.21264
20.18,toyota.prius,3.48,-3.18759
20.28,toyota.prius,3.44,-3.18759
20.38,toyota.prius,3.39,-3.18292
20.48,toyota.prius,3.35,-3.29516
20.59,toyota.prius,3.31,-3.47274
20.69,toyota.prius,3.28,-3.70999
20.79,toyota.prius,3.3,-4.0805
20.89,toyota.prius,3.33,-4.36758
20.99,toyota.prius,3.35,-4.55316
21.09,toyota.prius,3.37,-4.70858
21.2,toyota.prius,3.4,-4.71936
21.3,toyota.prius,3.42,-4.51089
21.4,toyota.prius,3.44,-4.14789
21.5,toyota.prius,3.41,-4.14789
21.6,toyota.prius,3.37,-3.66938
21.7,toyota.prius,3.33,-3.14368
21.8,toyota.prius,3.3,-2.77606
21.91,toyota.prius,3.27,-2.54992
22.01,toyota.prius,3.29,-2.34058
22.11,toyota.prius,3.31,-2.27914
22.21,toyota.prius,3.33,-2.3364
22.31,toyota.prius,3.35,-2.49126
22.41,toyota.prius,3.32,-2.49126
22.51,toyota.prius,3.29,-2.67706
22.62,toyota.prius,3.26,-2.81915
22.72,toyota.prius,3.24,-2.95636
22.82,toyota.prius,3.22,-3.09246
22.92,toyota.prius,3.26,-3.22009
23.02,toyota.prius,3.29,-3.31946
23.12,toyota.prius,3.27,-3.31946
23.22,toyota.prius,3.24,-3.39456
23.33,toyota.prius,3.22,-3.46868
23.43,toyota.prius,3.19,-3.53613
23.53,toyota.prius,3.16,-3.58642
23.63,toyota.prius,3.19,-3.62515
23.73,toyota.prius,3.21,-3.67901
23.83,toyota.prius,3.18,-3.67901
23.93,toyota.prius,3.16,-3.72704
24.03,toyota.prius,3.13,-3.76901
24.14,toyota.prius,3.11,-3.82926
24.24,toyota.prius,3.1,-3.89001
24.34,toyota.prius,3.14,-3.94171
24.44,toyota.prius,3.13,-3.94171
24.54,toyota.prius,3.12,-4.00696
24.64,toyota.prius,3.11,-4.06406
24.75,toyota.prius,3.1,-4.14013
24.85,toyota.prius,3.09,-4.22278
24.95,toyota.prius,3.14,-4.29251
25.05,toyota.prius,3.12,-4.29251
25.15,toyota.prius,3.1,-4.32217
25.25,toyota.prius,3.09,-4.3309
25.35,toyota.prius,3.07,-4.34548
25.46,toyota.prius,3.05,-4.34515
25.56,toyota.prius,3.09,-4.33939
25.66,toyota.prius,3.07,-4.33939
25.76,toyota.prius,3.05,-4.31152
25.86,toyota.prius,3.04,-4.26922
25.96,toyota.prius,3.03,-4.22901
26.06,toyota.prius,3.02,-4.22439
26.17,toyota.prius,3.07,-4.2338
26.27,toyota.prius,3.06,-4.2338
26.37,toyota.prius,3.06,-4.24747
26.47,toyota.prius,3.05,-4.28234
26.57,toyota.prius,3.05,-4.3129
26.67,toyota.prius,3.04,-4.34326
26.78,toyota.prius,3.09,-4.36947
26.88,toyota.prius,3.07,-4.36947
26.98,toyota.prius,3.06,-4.38831
27.08,toyota.prius,3.04,-4.39447
27.18,toyota.prius,3.03,-4.39401
27.28,toyota.prius,3.01,-4.38219
27.38,toyota.prius,3.06,-4.36065
27.49,toyota.prius,3.04,-4.36065
27.59,toyota.prius,3.03,-4.33285
27.69,toyota.prius,3.02,-4.29892
27.79,toyota.prius,3.01,-4.26196
27.89,toyota.prius,3.01,-4.23065
27.99,toyota.prius,3.0,-4.23065
28.09,toyota.prius,3.0,-4.2052
28.2,toyota.prius,3.0,-4.18567
28.3,toyota.prius,3.0,-4.16907
28.4,toyota.prius,2.99,-4.14975
28.5,toyota.prius,3.04,-4.1275
28.6,toyota.prius,3.03,-4.1275
28.7,toyota.prius,3.02,-4.10583
28.81,toyota.prius,3.01,-4.07617
28.91,toyota.prius,3.0,-4.04525
29.01,toyota.prius,2.99,-4.01111
29.11,toyota.prius,2.98,-4.01111
29.21,toyota.prius,2.97,-3.97473
29.31,toyota.prius,2.96,-3.93799
29.41,toyota.prius,2.96,-3.9045
29.52,toyota.prius,2.95,-3.87182
29.62,toyota.prius,2.95,-3.87182
29.72,toyota.prius,2.95,-3.8465
29.82,toyota.prius,2.95,-3.82443
29.92,toyota.prius,2.95,-3.81045
30.02,toyota.prius,2.96,-3.79864
30.12,toyota.prius,2.96,-3.79864
30.23,toyota.prius,2.96,-3.7843
30.33,toyota.prius,2.95,-3.76541
30.43,toyota.prius,2.95,-3.74267
30.53,toyota.prius,2.94,-3.7138
30.63,toyota.prius,2.94,-3.7138
30.73,toyota.prius,2.93,-3.68533
30.84,toyota.prius,2.93,-3.65042
30.94,toyota.prius,2.92,-3.6141
31.04,toyota.prius,2.86,-3.6141
31.14,toyota.prius,2.86,-3.57742
31.24,toyota.prius,2.86,-3.53967
31.34,toyota.prius,2.87,-3.5035
31.44,toyota.prius,2.87,-3.46982
31.55,toyota.prius,2.88,-3.46982
31.65,toyota.prius,2.88,-3.43887
31.75,toyota.prius,2.89,-3.41882
31.85,toyota.prius,2.84,-3.41882
31.95,toyota.prius,2.8,-3.40268
32.05,toyota.prius,2.81,-3.38855
32.16,toyota.prius,2.82,-3.37045
32.26,toyota.prius,2.83,-3.34732
32.36,toyota.prius,2.83,-3.34732
32.46,toyota.prius,2.83,-3.32083
32.56,toyota.prius,2.84,-3.29251
32.66,toyota.prius,2.84,-3.25784
32.77,toyota.prius,2.78,-3.25784
32.87,toyota.prius,2.79,-3.22305
32.97,toyota.prius,2.79,-3.18469
33.07,toyota.prius,2.8,-3.1466
33.17,toyota.prius,2.75,-3.1466
33.27,toyota.prius,2.76,-3.1106
33.38,toyota.prius,2.77,-3.07626
33.48,toyota.prius,2.79,-3.0462
33.58,toyota.prius,2.8,-3.02392
33.68,toyota.prius,2.81,-3.02392
33.78,toyota.prius,2.83,-3.005
33.88,toyota.prius,2.84,-2.99087
33.98,toyota.prius,2.85,-2.97198
34.09,toyota.prius,2.8,-2.97198
34.19,toyota.prius,2.81,-2.94971
34.29,toyota.prius,2.81,-2.92761
34.39,toyota.prius,2.81,-2.90235
34.49,toyota.prius,2.76,-2.90235
34.59,toyota.prius,2.77,-2.87179
34.7,toyota.prius,2.77,-2.84024
34.8,toyota.prius,2.78,-2.80155
34.9,toyota.prius,2.78,-2.7637
35.0,toyota.prius,2.78,-2.7637
35.1,toyota.prius,2.79,-2.72408
35.2,toyota.prius,2.79,-2.68558
35.3,toyota.prius,2.8,-2.65076
35.41,toyota.prius,2.76,-2.65076
35.51,toyota.prius,2.78,-2.61935
35.61,toyota.prius,2.79,-2.59268
35.71,toyota.prius,2.81,-2.57901
35.81,toyota.prius,2.82,-2.5678
35.91,toyota.prius,2.83,-2.5678
36.01,toyota.prius,2.84,-2.55813
36.12,toyota.prius,2.85,-2.54401
36.22,toyota.prius,2.85,-2.52029
36.32,toyota.prius,2.84,-2.49277
36.42,toyota.prius,2.84,-2.49277
36.52,toyota.prius,2.84,-2.46054
36.62,toyota.prius,2.83,-2.42188
36.73,toyota.prius,2.77,-2.42188
36.83,toyota.prius,2.72,-2.38418
36.93,toyota.prius,2.73,-2.34289
37.03,toyota.prius,2.68,-2.34289
37.13,toyota.prius,2.64,-2.30249
37.23,toyota.prius,2.65,-2.26364
37.33,toyota.prius,2.67,-2.22461
37.44,toyota.prius,2.64,-2.22461
37.54,toyota.prius,2.66,-2.18743
37.64,toyota.prius,2.68,-2.15695
37.74,toyota.prius,2.71,-2.12835
37.84,toyota.prius,2.68,-2.12835
37.94,toyota.prius,2.7,-2.11505
38.05,toyota.prius,2.73,-2.11172
38.15,toyota.prius,2.75,-2.11023
38.25,toyota.prius,2.71,-2.11023
38.35,toyota.prius,2.73,-2.10232
38.45,toyota.prius,2.74,-2.08356
38.55,toyota.prius,2.69,-2.08356
38.65,toyota.prius,2.65,-2.06011
38.75,toyota.prius,2.66,-2.02193
38.86,toyota.prius,2.67,-1.98227
38.96,toyota.prius,2.63,-1.98227
39.06,toyota.prius,2.64,-1.94116
39.16,toyota.prius,2.65,-1.90054
39.26,toyota.prius,2.67,-1.85776
39.36,toyota.prius,2.63,-1.85776
39.47,toyota.prius,2.65,-1.81567
39.57,toyota.prius,2.67,-1.77685
39.67,toyota.prius,2.63,-1.77685
39.77,toyota.prius,2.6,-1.74805
39.87,toyota.prius,2.63,-1.72973
39.97,toyota.prius,2.66,-1.728
40.08,toyota.prius,2.63,-1.728
40.18,toyota.prius,2.65,-1.73757
40.28,toyota.prius,2.68,-1.75304
40.38,toyota.prius,2.7,-1.76269
40.48,toyota.prius,2.66,-1.76269
40.58,toyota.prius,2.67,-1.76974
40.68,toyota.prius,2.69,-1.7753
40.79,toyota.prius,2.7,-1.77618
40.89,toyota.prius,2.65,-1.77618
40.99,toyota.prius,2.67,-1.7659
41.09,toyota.prius,2.68,-1.75292
41.19,toyota.prius,2.64,-1.75292
41.29,toyota.prius,2.6,-1.74071
41.4,toyota.prius,2.62,-1.73123
41.5,toyota.prius,2.64,-1.72324
41.6,toyota.prius,2.61,-1.72324
41.7,toyota.prius,2.63,-1.71917
41.8,toyota.prius,2.66,-1.71652
41.9,toyota.prius,2.68,-1.72262
42.01,toyota.prius,2.65,-1.72262
42.11,toyota.prius,2.67,-1.73453
42.21,toyota.prius,2.7,-1.74698
42.31,toyota.prius,2.71,-1.75644
42.41,toyota.prius,2.68,-1.75644
42.51,toyota.prius,2.69,-1.76053
42.61,toyota.prius,2.71,-1.75995
42.72,toyota.prius,2.67,-1.75995
42.82,toyota.prius,2.63,-1.75949
42.92,toyota.prius,2.64,-1.75152
43.02,toyota.prius,2.66,-1.74243
43.12,toyota.prius,2.62,-1.74243
43.22,toyota.prius,2.63,-1.73229
43.32,toyota.prius,2.65,-1.72216
43.43,toyota.prius,2.66,-1.71111
43.53,toyota.prius,2.63,-1.71111
43.63,toyota.prius,2.65,-1.70367
43.73,toyota.prius,2.67,-1.6976
43.83,toyota.prius,2.64,-1.6976
43.93,toyota.prius,2.61,-1.69836
44.03,toyota.prius,2.64,-1.70816
44.13,toyota.prius,2.61,-1.70816
44.24,toyota.prius,2.58,-1.72628
44.34,toyota.prius,2.61,-1.74685
44.44,toyota.prius,2.64,-1.76303
44.54,toyota.prius,2.6,-1.76303
44.64,toyota.prius,2.63,-1.76681
44.74,toyota.prius,2.64,-1.76464
44.85,toyota.prius,2.66,-1.75506
44.95,toyota.prius,2.61,-1.75506
45.05,toyota.prius,2.63,-1.74181
45.15,toyota.prius,2.64,-1.72561
45.25,toyota.prius,2.65,-1.71127
45.35,toyota.prius,2.61,-1.71127
45.45,toyota.prius,2.63,-1.69586
45.56,toyota.prius,2.65,-1.68512
45.66,toyota.prius,2.67,-1.67614
45.76,toyota.prius,2.63,-1.67614
45.86,toyota.prius,2.66,-1.67095
45.96,toyota.prius,2.68,-1.67075
46.06,toyota.prius,2.71,-1.67984
46.16,toyota.prius,2.67,-1.67984
46.27,toyota.prius,2.7,-1.69159
46.37,toyota.prius,2.72,-1.70199
46.47,toyota.prius,2.68,-1.70199
46.57,toyota.prius,2.64,-1.70196
46.67,toyota.prius,2.66,-1.69812
46.77,toyota.prius,2.68,-1.6885
46.88,toyota.prius,2.63,-1.6885
46.98,toyota.prius,2.65,-1.67694
47.08,toyota.prius,2.66,-1.66003
47.18,toyota.prius,2.67,-1.64001
47.28,toyota.prius,2.63,-1.64001
47.38,toyota.prius,2.65,-1.6167
47.48,toyota.prius,2.67,-1.47104
47.59,toyota.prius,2.68,-1.36249
47.69,toyota.prius,2.65,-1.36249
47.79,toyota.prius,2.67,-1.31646
47.89,toyota.prius,2.69,-1.29879
47.99,toyota.prius,2.72,-1.33365
48.09,toyota.prius,2.68,-1.33365
48.19,toyota.prius,2.71,-1.43652
48.3,toyota.prius,2.73,-1.52682
48.4,toyota.prius,2.74,-1.55756
48.5,toyota.prius,2.7,-1.55756
48.6,toyota.prius,2.71,-1.64248
48.7,toyota.prius,2.72,-1.66452
48.8,toyota.prius,2.73,-1.66071
48.91,toyota.prius,2.69,-1.66071
49.01,toyota.prius,2.7,-1.64358
49.11,toyota.prius,2.71,-1.6221
49.21,toyota.prius,2.72,-1.56509
49.31,toyota.prius,2.67,-1.56509
49.41,toyota.prius,2.69,-1.4866
49.51,toyota.prius,2.7,-1.44821
49.62,toyota.prius,2.72,-1.43252
49.72,toyota.prius,2.68,-1.43252
49.82,toyota.prius,2.7,-1.42736
49.92,toyota.prius,2.72,-1.43079
50.02,toyota.prius,2.74,-1.44131
50.12,toyota.prius,2.7,-1.44131
50.23,toyota.prius,2.72,-1.45468
50.33,toyota.prius,2.74,-1.46337
50.43,toyota.prius,2.75,-1.46786
50.53,toyota.prius,2.71,-1.46786
50.63,toyota.prius,2.72,-1.46704
50.73,toyota.prius,2.73,-1.46237
50.83,toyota.prius,2.69,-1.46237
50.94,toyota.prius,2.65,-1.45172
51.04,toyota.prius,2.66,-1.43799
51.14,toyota.prius,2.67,-1.42138
51.24,toyota.prius,2.63,-1.42138
51.34,toyota.prius,2.65,-1.40466
51.44,toyota.prius,2.66,-1.38707
51.55,toyota.prius,2.63,-1.38707
51.65,toyota.prius,2.59,-1.3724
51.75,toyota.prius,2.62,-1.35968
51.85,toyota.prius,2.64,-1.23169
51.95,toyota.prius,2.61,-1.23169
52.05,toyota.prius,2.64,-1.21383
52.15,toyota.prius,2.67,-1.31161
52.26,toyota.prius,2.64,-1.31161
52.36,toyota.prius,2.61,-1.3584
52.46,toyota.prius,2.63,-1.37756
52.56,toyota.prius,2.65,-1.38016
52.66,toyota.prius,2.61,-1.38016
52.76,toyota.prius,2.63,-1.37643
52.86,toyota.prius,2.65,-1.40112
52.97,toyota.prius,2.66,-1.52744
53.07,toyota.prius,2.62,-1.52744
53.17,toyota.prius,2.63,-1.44122
53.27,toyota.prius,2.65,-1.35162
53.37,toyota.prius,2.66,-1.30762
53.47,toyota.prius,2.62,-1.30762
53.57,toyota.prius,2.64,-1.28372
53.68,toyota.prius,2.66,-1.26675
53.78,toyota.prius,2.68,-1.26595
53.88,toyota.prius,2.65,-1.26595
53.98,toyota.prius,2.67,-1.26339
54.08,toyota.prius,2.7,-1.26602
54.18,toyota.prius,2.72,-1.26794
54.28,toyota.prius,2.68,-1.26794
54.39,toyota.prius,2.7,-1.27414
54.49,toyota.prius,2.72,-1.26777
54.59,toyota.prius,2.74,-1.2597
54.69,toyota.prius,2.69,-1.2597
54.79,toyota.prius,2.71,-1.25604
54.89,toyota.prius,2.72,-1.25256
54.99,toyota.prius,2.73,-1.24417
55.1,toyota.prius,2.68,-1.24417
55.2,toyota.prius,2.69,-1.23297
55.3,toyota.prius,2.7,-1.21762
55.4,toyota.prius,2.71,-1.20144
55.5,toyota.prius,2.67,-1.20144
55.6,toyota.prius,2.69,-1.18557
55.71,toyota.prius,2.7,-1.17313
55.81,toyota.prius,2.67,-1.17313
55.91,toyota.prius,2.63,-1.16302
56.01,toyota.prius,2.66,-1.15979
56.11,toyota.prius,2.68,-1.16003
56.21,toyota.prius,2.65,-1.16003
56.31,toyota.prius,2.68,-1.16449
56.42,toyota.prius,2.7,-1.1708
56.52,toyota.prius,2.72,-1.1752
56.62,toyota.prius,2.68,-1.1752
56.72,toyota.prius,2.69,-1.17474
56.82,toyota.prius,2.71,-1.17163
56.92,toyota.prius,2.72,-1.16412
57.03,toyota.prius,2.67,-1.16412
57.13,toyota.prius,2.68,-1.15445
57.23,toyota.prius,2.69,-1.13943
57.33,toyota.prius,2.7,-1.12304
57.43,toyota.prius,2.65,-1.12304
57.53,toyota.prius,2.66,-1.10485
57.63,toyota.prius,2.68,-1.08862
57.74,toyota.prius,2.69,-1.07217
57.84,toyota.prius,2.65,-1.07217
57.94,toyota.prius,2.67,-1.06009
58.04,toyota.prius,2.7,-1.05154
58.14,toyota.prius,2.72,-1.05078
58.24,toyota.prius,2.68,-1.05078
58.34,toyota.prius,2.71,-1.05796
58.45,toyota.prius,2.73,-1.07171
58.55,toyota.prius,2.75,-1.08914
58.65,toyota.prius,2.71,-1.08914
58.75,toyota.prius,2.73,-1.10349
58.85,toyota.prius,2.74,-1.11056
58.95,toyota.prius,2.75,-1.11391
59.05,toyota.prius,2.71,-1.11391
59.16,toyota.prius,2.72,-1.11172
59.26,toyota.prius,2.72,-1.10596
59.36,toyota.prius,2.73,-1.09551
59.46,toyota.prius,2.74,-1.08462
59.56,toyota.prius,2.74,-1.08462
59.66,toyota.prius,2.75,-1.07276
59.76,toyota.prius,2.76,-1.06384
59.86,toyota.prius,2.77,-1.05597
59.97,toyota.prius,2.73,-1.05597
60.07,toyota.prius,2.74,-1.05289
60.17,toyota.prius,2.76,-1.05408
60.27,toyota.prius,2.78,-1.06378
60.37,toyota.prius,2.8,-1.0787
60.47,toyota.prius,2.81,-1.0787
60.58,toyota.prius,2.82,-1.09377
60.68,toyota.prius,2.83,-1.10241
60.78,toyota.prius,2.83,-1.10751
60.88,toyota.prius,2.78,-1.10751
60.98,toyota.prius,2.79,-1.10873
61.08,toyota.prius,2.79,-1.10727
61.18,toyota.prius,2.8,-1.09997
61.29,toyota.prius,2.74,-1.09997
61.39,toyota.prius,2.75,-1.09146
61.49,toyota.prius,2.76,-1.0805
61.59,toyota.prius,2.77,-1.07043
61.69,toyota.prius,2.72,-1.07043
61.79,toyota.prius,2.73,-1.0603
61.89,toyota.prius,2.75,-1.05438
62.0,toyota.prius,2.76,-1.04987
62.1,toyota.prius,2.78,-1.0516
62.2,toyota.prius,2.79,-1.0516
62.3,toyota.prius,2.81,-1.06009
62.4,toyota.prius,2.82,-1.07291
62.5,toyota.prius,2.83,-1.08145
62.61,toyota.prius,2.78,-1.08145
62.71,toyota.prius,2.79,-1.08703
62.81,toyota.prius,2.8,-1.08868
62.91,toyota.prius,2.8,-1.08801
63.01,toyota.prius,2.81,-1.08196
63.11,toyota.prius,2.81,-1.08196
63.21,toyota.prius,2.81,-1.07324
63.32,toyota.prius,2.81,-1.06091
63.42,toyota.prius,2.81,-1.0491
63.52,toyota.prius,2.76,-1.0491
63.62,toyota.prius,2.77,-1.03632
63.72,toyota.prius,2.78,-1.0267
63.82,toyota.prius,2.79,-1.01907
63.92,toyota.prius,2.8,-1.01626
64.03,toyota.prius,2.81,-1.01626
64.13,toyota.prius,2.83,-1.01828
64.23,toyota.prius,2.84,-1.03015
64.33,toyota.prius,2.85,-1.04412
64.43,toyota.prius,2.8,-1.04412
64.53,toyota.prius,2.81,-1.05865
64.64,toyota.prius,2.82,-1.0686
64.74,toyota.prius,2.82,-1.07155
64.84,toyota.prius,2.82,-1.06867
64.94,toyota.prius,2.82,-1.06867
65.04,toyota.prius,2.82,-1.06253
65.14,toyota.prius,2.81,-1.05111
65.24,toyota.prius,2.81,-1.03839
65.35,toyota.prius,2.81,-0.94446
65.45,toyota.prius,2.8,-0.94446
65.55,toyota.prius,2.8,-0.90133
65.65,toyota.prius,2.81,-0.87946
65.75,toyota.prius,2.81,-0.86907
65.85,toyota.prius,2.76,-0.86907
65.95,toyota.prius,2.78,-0.86273
66.06,toyota.prius,2.79,-0.86038
66.16,toyota.prius,2.81,-0.86349
66.26,toyota.prius,2.83,-0.93839
66.36,toyota.prius,2.84,-0.93839
66.46,toyota.prius,2.85,-1.00525
66.56,toyota.prius,2.86,-1.0249
66.67,toyota.prius,2.87,-1.05038
66.77,toyota.prius,2.87,-1.05386
66.87,toyota.prius,2.87,-1.05386
66.97,toyota.prius,2.87,-1.04794
67.07,toyota.prius,2.86,-1.03665
67.17,toyota.prius,2.85,-1.08254
67.28,toyota.prius,2.85,-1.10839
67.38,toyota.prius,2.84,-1.10839
67.48,toyota.prius,2.84,-1.10577
67.58,toyota.prius,2.84,-1.09241
67.68,toyota.prius,2.84,-1.07687
67.78,toyota.prius,2.85,-1.06341
67.88,toyota.prius,2.85,-1.06341
67.99,toyota.prius,2.86,-1.05393
68.09,toyota.prius,2.87,-1.05194
68.19,toyota.prius,2.88,-1.06012
68.29,toyota.prius,2.89,-1.07556
68.39,toyota.prius,2.95,-1.08975
68.49,toyota.prius,3.0,-1.0975
68.6,toyota.prius,3.0,-1.0975
68.7,toyota.prius,2.99,-1.09997
68.8,toyota.prius,2.98,-1.09918
68.9,toyota.prius,2.97,-1.09353
69.0,toyota.prius,2.91,-1.09353
69.1,toyota.prius,2.9,-1.0841
69.21,toyota.prius,2.89,-1.07165
69.31,toyota.prius,2.89,-1.05811
69.41,toyota.prius,2.89,-1.04553
69.51,toyota.prius,2.88,-1.04553
69.61,toyota.prius,2.88,-1.0343
69.71,toyota.prius,2.89,-1.026
69.82,toyota.prius,2.89,-1.02204
69.92,toyota.prius,2.9,-1.02484
70.02,toyota.prius,2.9,-1.02484
70.12,toyota.prius,2.91,-1.03641
70.22,toyota.prius,2.92,-1.0509
70.32,toyota.prius,2.92,-1.06079
70.42,toyota.prius,2.92,-1.06613
70.53,toyota.prius,2.92,-1.06613
70.63,toyota.prius,2.91,-1.06686
70.73,toyota.prius,2.91,-1.0632
70.83,toyota.prius,2.9,-1.05636
70.93,toyota.prius,2.9,-1.0459
71.03,toyota.prius,2.89,-1.0459
71.14,toyota.prius,2.89,-0.99847
71.24,toyota.prius,2.88,-0.92718
71.34,toyota.prius,2.88,-0.89508
71.44,toyota.prius,2.89,-0.88165
71.54,toyota.prius,2.94,-0.8789
71.64,toyota.prius,2.94,-0.8789
71.74,toyota.prius,2.95,-0.88339
71.85,toyota.prius,2.95,-0.89581
71.95,toyota.prius,2.95,-0.91134
72.05,toyota.prius,2.95,-0.92318
72.15,toyota.prius,2.95,-0.92318
72.25,toyota.prius,2.95,-0.86944
72.35,toyota.prius,2.95,-0.89004
72.45,toyota.prius,2.94,-0.91647
72.56,toyota.prius,2.93,-0.84429
72.66,toyota.prius,2.93,-0.84429
72.76,toyota.prius,2.92,-0.87
72.86,toyota.prius,2.91,-0.89359
72.96,toyota.prius,2.91,-0.89493
73.06,toyota.prius,2.91,-0.92178
73.16,toyota.prius,2.96,-0.93649
73.26,toyota.prius,2.96,-0.93649
73.37,toyota.prius,2.95,-0.89249
73.47,toyota.prius,2.96,-0.87451
73.57,toyota.prius,2.96,-0.95208
73.67,toyota.prius,2.96,-0.91178
73.77,toyota.prius,2.96,-0.91178
73.87,toyota.prius,2.96,-0.90076
73.98,toyota.prius,2.96,-0.86383
74.08,toyota.prius,2.95,-0.80682
74.18,toyota.prius,2.95,-0.86411
74.28,toyota.prius,2.99,-0.88672
74.38,toyota.prius,2.98,-0.88672
74.48,toyota.prius,2.97,-0.88935
74.58,toyota.prius,2.96,-0.88348
74.69,toyota.prius,2.95,-0.87118
74.79,toyota.prius,2.94,-0.85849
74.89,toyota.prius,2.94,-0.85849
74.99,toyota.prius,2.93,-0.88174
75.09,toyota.prius,2.93,-0.9324
75.19,toyota.prius,2.93,-0.86899
75.3,toyota.prius,2.94,-0.84592
75.4,toyota.prius,2.94,-0.84592
75.5,toyota.prius,2.94,-0.81061
75.6,toyota.prius,2.95,-0.79876
75.7,toyota.prius,2.95,-0.78704
75.8,toyota.prius,2.94,-0.76947
75.9,toyota.prius,2.94,-0.76947
76.01,toyota.prius,2.94,-0.82651
76.11,toyota.prius,2.93,-0.87112
76.21,toyota.prius,2.93,-0.88461
76.31,toyota.prius,2.92,-0.8836
76.41,toyota.prius,2.96,-0.93451
76.51,toyota.prius,3.01,-0.93039
76.61,toyota.prius,2.99,-0.93039
76.72,toyota.prius,2.98,-0.93292
76.82,toyota.prius,2.97,-0.9466
76.92,toyota.prius,2.97,-0.86633
77.02,toyota.prius,2.97,-0.83362
77.12,toyota.prius,3.03,-0.82534
77.22,toyota.prius,3.02,-0.82534
77.32,toyota.prius,3.02,-0.83218
77.43,toyota.prius,3.02,-0.8497
77.53,toyota.prius,3.02,-0.86997
77.63,toyota.prius,3.01,-0.8822
77.73,toyota.prius,3.0,-0.8822
77.83,toyota.prius,2.99,-0.88922
77.93,toyota.prius,2.98,-0.89087
78.04,toyota.prius,2.97,-0.88818
78.14,toyota.prius,2.96,-0.8807
78.24,toyota.prius,3.0,-0.87155
78.34,toyota.prius,3.04,-0.85989
78.44,toyota.prius,3.02,-0.85989
78.54,toyota.prius,3.01,-0.84921
78.65,toyota.prius,2.99,-0.83871
78.75,toyota.prius,2.99,-0.83115
78.85,toyota.prius,2.98,-0.82672
78.95,toyota.prius,3.04,-0.828
79.05,toyota.prius,3.09,-0.83609
79.15,toyota.prius,3.14,-0.85349
79.26,toyota.prius,3.13,-0.85349
79.36,toyota.prius,3.12,-0.87161
79.46,toyota.prius,3.1,-0.88727
79.56,toyota.prius,3.09,-0.89856
79.66,toyota.prius,3.07,-0.90225
79.76,toyota.prius,3.1,-0.90133
79.86,toyota.prius,3.13,-0.89495
79.97,toyota.prius,3.1,-0.89495
80.07,toyota.prius,3.07,-0.88534
80.17,toyota.prius,3.05,-0.87171
80.27,toyota.prius,3.03,-0.86041
80.37,toyota.prius,3.01,-0.84763
80.47,toyota.prius,3.05,-0.83743
80.57,toyota.prius,3.08,-0.82776
80.68,toyota.prius,3.12,-0.82169
80.78,toyota.prius,3.16,-0.8172
80.88,toyota.prius,3.15,-0.8172
80.98,toyota.prius,3.13,-0.8186
81.08,toyota.prius,3.13,-0.82699
81.18,toyota.prius,3.12,-0.84631
81.28,toyota.prius,3.11,-0.87039
81.39,toyota.prius,3.16,-0.88928
81.49,toyota.prius,3.2,-0.89657
81.59,toyota.prius,3.23,-0.89831
81.69,toyota.prius,3.25,-0.89395
81.79,toyota.prius,3.27,-0.8868
81.89,toyota.prius,3.29,-0.87564
81.99,toyota.prius,3.31,-0.86465
82.1,toyota.prius,3.32,-0.854
82.2,toyota.prius,3.34,-0.84659
82.3,toyota.prius,3.36,-0.78042
82.4,toyota.prius,3.33,-0.78042
82.5,toyota.prius,3.3,-0.77277
82.6,toyota.prius,3.27,-0.8205
82.7,toyota.prius,3.25,-0.84967
82.81,toyota.prius,3.23,-0.87628
82.91,toyota.prius,3.27,-0.90356
83.01,toyota.prius,3.31,-0.92425
83.11,toyota.prius,3.33,-0.97216
83.21,toyota.prius,3.36,-1.03778
83.31,toyota.prius,3.32,-1.03778
83.41,toyota.prius,3.28,-1.00381
83.52,toyota.prius,3.25,-0.96701
83.62,toyota.prius,3.22,-0.9498
83.72,toyota.prius,3.18,-0.93847
83.82,toyota.prius,3.21,-0.93155
83.92,toyota.prius,3.23,-0.92554
84.02,toyota.prius,3.25,-0.92224
84.13,toyota.prius,3.28,-0.91904
84.23,toyota.prius,3.31,-0.91946
84.33,toyota.prius,3.33,-0.92447
84.43,toyota.prius,3.36,-0.93729
84.53,toyota.prius,3.39,-0.95837
84.63,toyota.prius,3.42,-0.98342
84.74,toyota.prius,3.44,-1.00437
84.84,toyota.prius,3.46,-1.02114
84.94,toyota.prius,3.47,-1.02935
85.04,toyota.prius,3.42,-1.02935
85.14,toyota.prius,3.38,-1.03378
85.24,toyota.prius,3.33,-1.03244
85.34,toyota.prius,3.29,-1.02893
85.45,toyota.prius,3.25,-1.0234
85.55,toyota.prius,3.27,-1.01834
85.65,toyota.prius,3.29,-1.01187
85.75,toyota.prius,3.31,-1.00876
85.85,toyota.prius,3.33,-1.00711
85.95,toyota.prius,3.35,-1.00863
86.06,toyota.prius,3.38,-1.01639
86.16,toyota.prius,3.41,-1.03375
86.26,toyota.prius,3.43,-1.05675
86.36,toyota.prius,3.45,-1.07983
86.46,toyota.prius,3.47,-1.09493
86.56,toyota.prius,3.49,-1.10489
86.67,toyota.prius,3.5,-1.11093
86.77,toyota.prius,3.5,-1.11246
86.87,toyota.prius,3.51,-1.10931
86.97,toyota.prius,3.51,-1.10278
87.07,toyota.prius,3.51,-1.09235
87.17,toyota.prius,3.52,-1.08322
87.27,toyota.prius,3.52,-1.0733
87.38,toyota.prius,3.53,-1.06592
87.48,toyota.prius,3.54,-1.06155
87.58,toyota.prius,3.55,-1.06192
87.68,toyota.prius,3.56,-1.06753
87.78,toyota.prius,3.57,-1.08127
87.88,toyota.prius,3.58,-1.09457
87.99,toyota.prius,3.59,-1.10693
88.09,toyota.prius,3.59,-1.11575
88.19,toyota.prius,3.65,-1.12958
88.29,toyota.prius,3.69,-1.13068
88.39,toyota.prius,3.73,-1.12717
88.49,toyota.prius,3.76,-1.12262
88.6,toyota.prius,3.79,-1.11527
88.7,toyota.prius,3.77,-1.10885
88.8,toyota.prius,3.75,-1.10083
88.9,toyota.prius,3.74,-1.09424
89.0,toyota.prius,3.73,-1.0884
89.1,toyota.prius,3.73,-1.08679
89.2,toyota.prius,3.73,-1.08966
89.31,toyota.prius,3.73,-1.09754
89.41,toyota.prius,3.73,-1.11444
89.51,toyota.prius,3.73,-1.13779
89.61,toyota.prius,3.73,-1.15374
89.71,toyota.prius,3.73,-1.16022
89.81,toyota.prius,3.71,-1.1596
89.92,toyota.prius,3.7,-1.15555
90.02,toyota.prius,3.69,-1.14413
90.12,toyota.prius,3.67,-1.12933
90.22,toyota.prius,3.66,-1.11325
90.32,toyota.prius,3.64,-1.09954
90.42,toyota.prius,3.64,-1.08624
90.52,toyota.prius,3.69,-1.06808
90.63,toyota.prius,3.74,-1.06436
90.73,toyota.prius,3.79,-1.069
90.83,toyota.prius,3.84,-1.09399
90.93,toyota.prius,3.89,-1.15186
91.03,toyota.prius,3.87,-1.21021
91.13,toyota.prius,3.86,-1.24169
91.23,toyota.prius,3.84,-1.18356
91.34,toyota.prius,3.82,-1.1011
91.44,toyota.prius,3.8,-1.1384
91.54,toyota.prius,3.78,-1.15164
91.64,toyota.prius,3.76,-1.1333
91.74,toyota.prius,3.74,-1.08304
91.84,toyota.prius,3.78,-0.94113
91.95,toyota.prius,3.82,-0.95931
92.05,toyota.prius,3.86,-1.04437
92.15,toyota.prius,3.91,-1.09155
92.25,toyota.prius,3.95,-1.11407
92.35,toyota.prius,3.93,-1.13513
92.45,toyota.prius,3.92,-1.16782
92.55,toyota.prius,3.9,-1.21835
92.66,toyota.prius,3.88,-1.23971
92.76,toyota.prius,3.86,-1.21066
92.86,toyota.prius,3.89,-1.15063
92.96,toyota.prius,3.91,-1.13413
93.06,toyota.prius,3.94,-1.12057
93.16,toyota.prius,3.96,-1.10727
93.26,toyota.prius,3.98,-1.09915
93.37,toyota.prius,3.96,-1.09325
93.47,toyota.prius,3.93,-1.08901
93.57,toyota.prius,3.92,-1.08923
93.67,toyota.prius,3.9,-1.10068
93.77,toyota.prius,3.89,-1.11804
93.87,toyota.prius,3.88,-1.13941
93.97,toyota.prius,3.86,-1.15555
94.07,toyota.prius,3.84,-1.16137
94.18,toyota.prius,3.87,-1.16248
94.28,toyota.prius,3.9,-1.15805
94.38,toyota.prius,3.92,-1.14904
94.48,toyota.prius,3.94,-1.13852
94.58,toyota.prius,3.96,-1.12598
94.68,toyota.prius,3.93,-1.11355
94.79,toyota.prius,3.91,-1.10495
94.89,toyota.prius,3.89,-1.09332
94.99,toyota.prius,3.87,-1.08332
95.09,toyota.prius,3.86,-1.07898
95.19,toyota.prius,3.85,-1.08569
95.29,toyota.prius,3.84,-1.09606
95.39,toyota.prius,3.83,-1.10491
95.5,toyota.prius,3.82,-1.10254
95.6,toyota.prius,3.8,-1.09842
95.7,toyota.prius,3.78,-1.09411
95.8,toyota.prius,3.76,-1.09506
95.9,toyota.prius,3.74,-1.09082
96.0,toyota.prius,3.73,-1.08444
96.11,toyota.prius,3.71,-1.07571
96.21,toyota.prius,3.75,-1.08966
96.31,toyota.prius,3.8,-1.10672
96.41,toyota.prius,3.85,-1.12258
96.51,toyota.prius,3.89,-1.14224
96.61,toyota.prius,3.94,-1.17377
96.71,toyota.prius,3.92,-1.21206
96.82,toyota.prius,3.91,-1.23944
96.92,toyota.prius,3.89,-1.25333
97.02,toyota.prius,3.87,-1.26147
97.12,toyota.prius,3.84,-1.26679
97.22,toyota.prius,3.82,-1.27051
97.32,toyota.prius,3.79,-1.27335
97.43,toyota.prius,3.77,-1.27343
97.53,toyota.prius,3.75,-1.27554
97.63,toyota.prius,3.74,-1.27774
97.73,toyota.prius,3.72,-1.28037
97.83,toyota.prius,3.71,-1.27963
97.93,toyota.prius,3.71,-1.28003
98.04,toyota.prius,3.71,-1.26996
98.14,toyota.prius,3.71,-1.26083
98.24,toyota.prius,3.72,-1.24832
98.34,toyota.prius,3.72,-1.22281
98.44,toyota.prius,3.77,-1.11045
98.54,toyota.prius,3.82,-1.02817
98.64,toyota.prius,3.86,-0.93298
98.75,toyota.prius,3.89,-0.82309
98.85,toyota.prius,3.91,-0.70614
98.95,toyota.prius,3.88,-0.57294
99.05,toyota.prius,3.84,-0.44134
99.15,toyota.prius,3.82,-0.30124
99.25,toyota.prius,3.79,-0.16684
99.35,toyota.prius,3.77,-0.03225
99.46,toyota.prius,3.75,0.09207
99.56,toyota.prius,3.74,0.20225
99.66,toyota.prius,3.74,0.30034
99.76,toyota.prius,3.73,0.37346
99.86,toyota.prius,3.74,0.42452
99.96,toyota.prius,3.74,0.44611
100.06,toyota.prius,3.74,0.45695
100.17,toyota.prius,3.74,0.47339
100.27,toyota.prius,3.78,0.51991
100.37,toyota.prius,3.82,0.55167
100.47,toyota.prius,3.85,0.59103
100.57,toyota.prius,3.88,0.63783
100.67,toyota.prius,3.91,0.66974
100.77,toyota.prius,3.88,0.71118
100.88,toyota.prius,3.86,0.77116
100.98,toyota.prius,3.84,0.82337
101.08,toyota.prius,3.82,0.87103
101.18,toyota.prius,3.81,0.90129
101.28,toyota.prius,3.8,0.92774
101.38,toyota.prius,3.79,0.95133
101.49,toyota.prius,3.79,0.96231
101.59,toyota.prius,3.78,0.97035
101.69,toyota.prius,3.82,0.97548
101.79,toyota.prius,3.86,0.98451
101.89,toyota.prius,3.88,0.98691
101.99,toyota.prius,3.91,0.98378
102.09,toyota.prius,3.93,1.03229
102.2,toyota.prius,3.9,1.20687
102.3,toyota.prius,3.87,1.46151
102.4,toyota.prius,3.85,1.72281
102.5,toyota.prius,3.83,1.84537
102.6,toyota.prius,3.81,1.8521
102.7,toyota.prius,3.8,1.80838
102.8,toyota.prius,3.8,1.72049
102.91,toyota.prius,3.79,1.54987
103.01,toyota.prius,3.84,0.94423
103.11,toyota.prius,3.88,0.64653
103.21,toyota.prius,3.91,0.44939
103.31,toyota.prius,3.94,0.35755
103.41,toyota.prius,3.96,0.29558
103.52,toyota.prius,3.93,0.24373
103.62,toyota.prius,3.9,0.2015
103.72,toyota.prius,3.87,0.1521
103.82,toyota.prius,3.84,0.09357
103.92,toyota.prius,3.82,0.03954
104.02,toyota.prius,3.81,0.01691
104.12,toyota.prius,3.79,0.0733
104.23,toyota.prius,3.79,0.21993
104.33,toyota.prius,3.78,0.34846
104.43,toyota.prius,3.83,0.55507
104.53,toyota.prius,3.87,0.71517
104.63,toyota.prius,3.91,0.95328
104.73,toyota.prius,3.94,1.22764
104.83,toyota.prius,3.96,1.47711
104.94,toyota.prius,3.93,1.62557
105.04,toyota.prius,3.85,0.93654
105.14,toyota.prius,3.73,0.73246
105.24,toyota.prius,3.58,0.75972
105.34,toyota.prius,3.4,0.93175
105.44,toyota.prius,3.19,1.18545
105.54,toyota.prius,2.98,1.40854
105.65,toyota.prius,2.8,1.62237
105.75,toyota.prius,2.62,1.73166
105.85,toyota.prius,2.46,1.78586
105.95,toyota.prius,2.32,2.00366
106.05,toyota.prius,2.19,2.07226
106.15,toyota.prius,2.08,2.59283
106.25,toyota.prius,1.99,2.84066
106.36,toyota.prius,1.92,2.97072
106.46,toyota.prius,1.87,3.10667
106.56,toyota.prius,1.83,3.28039
106.66,toyota.prius,1.81,3.41311
106.76,toyota.prius,1.78,3.51402
106.86,toyota.prius,1.76,3.60778
106.97,toyota.prius,1.76,3.64955
107.07,toyota.prius,1.76,3.67501
107.17,toyota.prius,1.77,3.71935
107.27,toyota.prius,1.79,3.78396
107.37,toyota.prius,1.82,3.86048
107.47,toyota.prius,1.85,3.79147
107.57,toyota.prius,1.88,3.56369
107.68,toyota.prius,1.92,2.10817
107.78,toyota.prius,1.96,1.05231
107.88,toyota.prius,1.99,0.56219
107.98,toyota.prius,2.03,0.31205
108.08,toyota.prius,2.07,0.16763
108.18,toyota.prius,2.12,0.29101
108.29,toyota.prius,2.17,0.79005
108.39,toyota.prius,2.22,1.16658
108.49,toyota.prius,2.33,1.44521
108.59,toyota.prius,2.45,1.5258
108.69,toyota.prius,2.56,1.57969
108.79,toyota.prius,2.67,1.55016
108.89,toyota.prius,2.78,1.52475
109.0,toyota.prius,2.85,1.49123
109.1,toyota.prius,2.91,1.50723
109.2,toyota.prius,2.98,1.5887
109.3,toyota.prius,3.05,1.60891
109.4,toyota.prius,3.11,1.59412
109.5,toyota.prius,3.17,1.56413
109.61,toyota.prius,3.22,1.53437
109.71,toyota.prius,3.26,1.51834
109.81,toyota.prius,3.28,1.51916
109.91,toyota.prius,3.3,1.52855
110.01,toyota.prius,3.32,1.54355
110.11,toyota.prius,3.33,1.5612
110.22,toyota.prius,3.33,1.58077
110.32,toyota.prius,3.34,1.54448
110.42,toyota.prius,3.35,1.43752
110.52,toyota.prius,3.36,1.27892
110.62,toyota.prius,3.38,1.11112
110.72,toyota.prius,3.39,1.06641
110.82,toyota.prius,3.41,1.10621
110.93,toyota.prius,3.43,1.17193
111.03,toyota.prius,3.45,1.24508
111.13,toyota.prius,3.48,1.37937
111.23,toyota.prius,3.5,1.56898
111.33,toyota.prius,3.51,1.80123
111.43,toyota.prius,3.52,1.96985
111.54,toyota.prius,3.53,2.0196
111.64,toyota.prius,3.53,2.02209
111.74,toyota.prius,3.53,2.00846
111.84,toyota.prius,3.53,1.98993
111.94,toyota.prius,3.52,1.96992
112.04,toyota.prius,3.52,1.95127
112.15,toyota.prius,3.52,1.92801
112.25,toyota.prius,3.52,1.90579
112.35,toyota.prius,3.53,1.87772
112.45,toyota.prius,3.48,1.87772
112.55,toyota.prius,3.44,1.84247
112.65,toyota.prius,3.4,1.80262
112.76,toyota.prius,3.37,1.7599
112.86,toyota.prius,3.34,1.70598
112.96,toyota.prius,3.37,1.64981
113.06,toyota.prius,3.4,1.59722
113.16,toyota.prius,3.41,1.55384
113.26,toyota.prius,3.43,1.51429
113.37,toyota.prius,3.44,1.48022
113.47,toyota.prius,3.44,1.45169
113.57,toyota.prius,3.45,1.42689
113.67,toyota.prius,3.45,1.3999
113.77,toyota.prius,3.46,1.37583
113.87,toyota.prius,3.46,1.42742
113.97,toyota.prius,3.47,1.42728
114.08,toyota.prius,3.49,1.39997
114.18,toyota.prius,3.5,1.35791
114.28,toyota.prius,3.52,1.30725
114.38,toyota.prius,3.53,1.25496
114.48,toyota.prius,3.55,1.20168
114.58,toyota.prius,3.56,1.08955
114.68,toyota.prius,3.57,0.99374
114.79,toyota.prius,3.57,0.9239
114.89,toyota.prius,3.57,0.87435
114.99,toyota.prius,3.57,0.83298
115.09,toyota.prius,3.56,0.76504
115.19,toyota.prius,3.55,0.67707
115.29,toyota.prius,3.54,0.62894
115.39,toyota.prius,3.53,0.59741
115.49,toyota.prius,3.53,0.6951
115.59,toyota.prius,3.52,0.68482
115.7,toyota.prius,3.47,0.68482
115.8,toyota.prius,3.42,0.65081
115.9,toyota.prius,3.38,0.70211
116.0,toyota.prius,3.34,0.70623
116.1,toyota.prius,3.31,0.69384
116.2,toyota.prius,3.34,0.66525
116.3,toyota.prius,3.37,0.58419
116.41,toyota.prius,3.4,0.44245
116.51,toyota.prius,3.43,0.42935
116.61,toyota.prius,3.45,0.39825
116.71,toyota.prius,3.47,0.3587
116.81,toyota.prius,3.48,0.3149
116.91,toyota.prius,3.44,0.3149
117.01,toyota.prius,3.39,0.2712
117.12,toyota.prius,3.35,0.23193
117.22,toyota.prius,3.31,0.19427
117.32,toyota.prius,3.27,0.16293
117.42,toyota.prius,3.29,0.1332
117.52,toyota.prius,3.31,0.10361
117.62,toyota.prius,3.32,0.08426
117.72,toyota.prius,3.35,0.06366
117.82,toyota.prius,3.37,0.04936
117.93,toyota.prius,3.39,0.03701
118.03,toyota.prius,3.36,0.03701
118.13,toyota.prius,3.34,0.00978
118.23,toyota.prius,3.31,-0.02639
118.33,toyota.prius,3.29,-0.06333
118.43,toyota.prius,3.26,-0.09546
118.53,toyota.prius,3.29,-0.10791
118.64,toyota.prius,3.31,-0.10883
118.74,toyota.prius,3.33,-0.12061
118.84,toyota.prius,3.34,-0.11612
118.94,toyota.prius,3.35,-0.08924
119.04,toyota.prius,3.36,-0.0556
119.14,toyota.prius,3.37,-0.01923
119.25,toyota.prius,3.33,-0.01923
119.35,toyota.prius,3.29,0.01309
119.45,toyota.prius,3.26,0.03259
119.55,toyota.prius,3.24,0.056
119.65,toyota.prius,3.22,0.0809
119.75,toyota.prius,3.26,0.08147
119.86,toyota.prius,3.29,0.06824
119.96,toyota.prius,3.33,0.04677
120.06,toyota.prius,3.35,0.02933
120.16,toyota.prius,3.37,0.02296
120.26,toyota.prius,3.39,0.02162
120.36,toyota.prius,3.4,0.02512
120.47,toyota.prius,3.35,0.02512
120.57,toyota.prius,3.31,0.0311
120.67,toyota.prius,3.27,0.06646
120.77,toyota.prius,3.23,0.13212
120.87,toyota.prius,3.19,0.21061
120.98,toyota.prius,3.21,0.29021
121.08,toyota.prius,3.23,0.35297
121.18,toyota.prius,3.25,0.38513
121.28,toyota.prius,3.28,0.40824
121.38,toyota.prius,3.3,0.42209
121.48,toyota.prius,3.28,0.42209
121.59,toyota.prius,3.25,0.55965
121.69,toyota.prius,3.24,0.56576
121.79,toyota.prius,3.22,0.51213
121.89,toyota.prius,3.2,0.44017
121.99,toyota.prius,3.24,0.40017
122.09,toyota.prius,3.28,0.26502
122.2,toyota.prius,3.3,0.17764
122.3,toyota.prius,3.27,0.17764
122.4,toyota.prius,3.24,0.08532
122.5,toyota.prius,3.21,-0.02615
122.6,toyota.prius,3.17,-0.04916
122.7,toyota.prius,3.15,-0.03464
122.81,toyota.prius,3.17,-0.00867
122.91,toyota.prius,3.2,0.01973
123.01,toyota.prius,3.23,0.16414
123.11,toyota.prius,3.2,0.16414
123.21,toyota.prius,3.18,0.2691
123.31,toyota.prius,3.16,0.30982
123.42,toyota.prius,3.15,0.32007
123.52,toyota.prius,3.14,0.31117
123.62,toyota.prius,3.18,0.29655
123.72,toyota.prius,3.22,0.28328
123.82,toyota.prius,3.2,0.28328
123.92,toyota.prius,3.18,0.2764
124.03,toyota.prius,3.16,0.27341
124.13,toyota.prius,3.13,0.2758
124.23,toyota.prius,3.11,0.28056
124.33,toyota.prius,3.14,0.29129
124.43,toyota.prius,3.17,0.30435
124.53,toyota.prius,3.2,0.39886
124.64,toyota.prius,3.17,0.39886
124.74,toyota.prius,3.15,0.44309
124.84,toyota.prius,3.13,0.46663
124.94,toyota.prius,3.11,0.4775
125.04,toyota.prius,3.1,0.48416
125.14,toyota.prius,3.14,0.48475
125.25,toyota.prius,3.18,0.40072
125.35,toyota.prius,3.22,0.29784
125.45,toyota.prius,3.2,0.29784
125.55,toyota.prius,3.19,0.23538
125.65,toyota.prius,3.17,0.21409
125.75,toyota.prius,3.15,0.21374
125.86,toyota.prius,3.12,0.2204
125.96,toyota.prius,3.16,0.23362
126.06,toyota.prius,3.18,0.28343
126.16,toyota.prius,3.21,0.35975
126.26,toyota.prius,3.18,0.35975
126.36,toyota.prius,3.15,0.39791
126.47,toyota.prius,3.13,0.41948
126.57,toyota.prius,3.11,0.4312
126.67,toyota.prius,3.09,0.43982
126.77,toyota.prius,3.14,0.44433
126.87,toyota.prius,3.18,0.44587
126.97,toyota.prius,3.16,0.44587
127.07,toyota.prius,3.15,0.43998
127.18,toyota.prius,3.14,0.43046
127.28,toyota.prius,3.12,0.42129
127.38,toyota.prius,3.11,0.4165
127.48,toyota.prius,3.15,0.41334
127.58,toyota.prius,3.13,0.41334
127.68,toyota.prius,3.11,0.41473
127.78,toyota.prius,3.09,0.41824
127.89,toyota.prius,3.07,0.42716
127.99,toyota.prius,3.05,0.43838
128.09,toyota.prius,3.09,0.45263
128.19,toyota.prius,3.12,0.46705
128.29,toyota.prius,3.1,0.46705
128.39,toyota.prius,3.08,0.48259
128.5,toyota.prius,3.07,0.49487
128.6,toyota.prius,3.06,0.5056
128.7,toyota.prius,3.05,0.51068
128.8,toyota.prius,3.1,0.51078
128.9,toyota.prius,3.15,0.50282
129.0,toyota.prius,3.13,0.50282
129.1,toyota.prius,3.12,0.49275
129.21,toyota.prius,3.11,0.48526
129.31,toyota.prius,3.09,0.48391
129.41,toyota.prius,3.08,0.48464
129.51,toyota.prius,3.11,0.49134
129.61,toyota.prius,3.15,0.50067
129.71,toyota.prius,3.12,0.50067
129.82,toyota.prius,3.1,0.51485
129.92,toyota.prius,3.08,0.52974
130.02,toyota.prius,3.06,0.54616
130.12,toyota.prius,3.05,0.56049
130.22,toyota.prius,3.09,0.5742
130.32,toyota.prius,3.13,0.58241
130.43,toyota.prius,3.17,0.58652
130.53,toyota.prius,3.15,0.58652
130.63,toyota.prius,3.14,0.58318
130.73,toyota.prius,3.13,0.57337
130.83,toyota.prius,3.12,0.56014
130.93,toyota.prius,3.1,0.55149
131.04,toyota.prius,3.14,0.54431
131.14,toyota.prius,3.18,0.54228
131.24,toyota.prius,3.15,0.54228
131.34,toyota.prius,3.13,0.54261
131.44,toyota.prius,3.11,0.54923
131.54,toyota.prius,3.08,0.55828
131.65,toyota.prius,3.06,0.57085
131.75,toyota.prius,3.1,0.58259
131.85,toyota.prius,3.13,0.59509
131.95,toyota.prius,3.17,0.66374
132.05,toyota.prius,3.15,0.66374
132.15,toyota.prius,3.13,0.71169
132.25,toyota.prius,3.12,0.72652
132.36,toyota.prius,3.11,0.72274
132.46,toyota.prius,3.1,0.70539
132.56,toyota.prius,3.15,0.68614
132.66,toyota.prius,3.13,0.68614
132.76,toyota.prius,3.12,0.60977
132.86,toyota.prius,3.1,0.55861
132.97,toyota.prius,3.08,0.4604
133.07,toyota.prius,3.07,0.42965
133.17,toyota.prius,3.1,0.42795
133.27,toyota.prius,3.13,0.44052
133.37,toyota.prius,3.16,0.4563
133.47,toyota.prius,3.14,0.4563
133.58,toyota.prius,3.11,0.47318
133.68,toyota.prius,3.09,0.54628
133.78,toyota.prius,3.08,0.59936
133.88,toyota.prius,3.07,0.73938
133.98,toyota.prius,3.12,0.79145
134.08,toyota.prius,3.16,0.67026
134.18,toyota.prius,3.2,0.60771
134.29,toyota.prius,3.19,0.60771
134.39,toyota.prius,3.17,0.57426
134.49,toyota.prius,3.15,0.55847
134.59,toyota.prius,3.13,0.54969
134.69,toyota.prius,3.12,0.54667
134.79,toyota.prius,3.15,0.38817
134.9,toyota.prius,3.18,0.42777
135.0,toyota.prius,3.15,0.42777
135.1,toyota.prius,3.13,0.51976
135.2,toyota.prius,3.1,0.56543
135.3,toyota.prius,3.08,0.58807
135.4,toyota.prius,3.07,0.60109
135.51,toyota.prius,3.1,0.60793
135.61,toyota.prius,3.14,0.61218
135.71,toyota.prius,3.13,0.61218
135.81,toyota.prius,3.11,0.61156
135.91,toyota.prius,3.1,0.60706
136.01,toyota.prius,3.09,0.59381
136.11,toyota.prius,3.09,0.57824
136.22,toyota.prius,3.13,0.5637
136.32,toyota.prius,3.12,0.5637
136.42,toyota.prius,3.11,0.55559
136.52,toyota.prius,3.09,0.55049
136.62,toyota.prius,3.07,0.54982
136.72,toyota.prius,3.05,0.55135
136.82,toyota.prius,3.09,0.55732
136.93,toyota.prius,3.07,0.55732
137.03,toyota.prius,3.05,0.56562
137.13,toyota.prius,3.03,0.579
137.23,toyota.prius,3.02,0.59191
137.33,toyota.prius,3.01,0.60746
137.43,toyota.prius,3.06,0.62465
137.54,toyota.prius,3.05,0.62465
137.64,toyota.prius,3.04,0.64155
137.74,toyota.prius,3.04,0.65535
137.84,toyota.prius,3.03,0.66393
137.94,toyota.prius,3.03,0.66575
138.04,toyota.prius,3.03,0.66575
138.15,toyota.prius,3.02,0.67424
138.25,toyota.prius,3.01,0.68932
138.35,toyota.prius,3.0,0.70604
138.45,toyota.prius,2.99,0.72636
138.55,toyota.prius,3.03,0.75249
138.65,toyota.prius,3.02,0.75249
138.76,toyota.prius,3.0,0.77952
138.86,toyota.prius,2.99,0.81207
138.96,toyota.prius,2.97,0.84341
139.06,toyota.prius,2.96,0.87486
139.16,toyota.prius,3.01,0.90546
139.26,toyota.prius,3.0,0.90546
139.36,toyota.prius,2.99,0.93427
139.47,toyota.prius,2.98,0.96157
139.57,toyota.prius,2.98,0.98547
139.67,toyota.prius,2.99,0.99887
139.77,toyota.prius,3.04,1.00467
139.87,toyota.prius,3.04,1.00467
139.97,toyota.prius,3.04,1.0053
140.08,toyota.prius,3.03,1.00929
140.18,toyota.prius,3.02,1.0188
140.28,toyota.prius,3.01,1.03509
140.38,toyota.prius,3.0,1.03509
140.48,toyota.prius,2.98,1.05549
140.58,toyota.prius,2.96,1.08284
140.68,toyota.prius,2.95,1.11032
140.79,toyota.prius,2.93,1.14239
140.89,toyota.prius,2.97,1.17452
140.99,toyota.prius,2.96,1.17452
141.09,toyota.prius,2.94,1.20625
141.19,toyota.prius,2.93,1.23685
141.29,toyota.prius,2.93,1.26774
141.4,toyota.prius,2.92,1.29435
141.5,toyota.prius,2.92,1.29435
141.6,toyota.prius,2.92,1.32134
141.7,toyota.prius,2.92,1.34285
141.8,toyota.prius,2.93,1.3609
141.91,toyota.prius,2.94,1.37351
142.01,toyota.prius,3.0,1.37475
142.11,toyota.prius,3.0,1.37475
142.21,toyota.prius,3.0,1.36862
142.31,toyota.prius,2.99,1.36473
142.41,toyota.prius,2.98,1.36971
142.52,toyota.prius,2.97,1.38713
142.62,toyota.prius,2.95,1.38713
142.72,toyota.prius,2.93,1.41085
142.82,toyota.prius,2.91,1.43868
142.92,toyota.prius,2.89,1.46983
143.03,toyota.prius,2.87,1.50454
143.13,toyota.prius,2.86,1.50454
143.23,toyota.prius,2.84,1.5364
143.33,toyota.prius,2.83,1.57019
143.43,toyota.prius,2.82,1.60031
143.53,toyota.prius,2.81,1.62902
143.64,toyota.prius,2.86,1.6553
143.74,toyota.prius,2.85,1.6553
143.84,toyota.prius,2.85,1.6796
143.94,toyota.prius,2.85,1.69873
144.04,toyota.prius,2.85,1.71607
144.14,toyota.prius,2.86,1.72625
144.24,toyota.prius,2.87,1.72625
144.35,toyota.prius,2.88,1.73281
144.45,toyota.prius,2.89,1.72911
144.55,toyota.prius,2.91,1.71388
144.65,toyota.prius,2.91,1.69633
144.75,toyota.prius,2.97,1.68872
144.85,toyota.prius,2.97,1.68872
144.96,toyota.prius,2.96,1.69038
145.06,toyota.prius,2.95,1.70279
145.16,toyota.prius,2.93,1.71682
145.26,toyota.prius,2.91,1.73232
145.36,toyota.prius,2.9,1.73232
145.46,toyota.prius,2.88,1.74807
145.57,toyota.prius,2.87,1.76485
145.67,toyota.prius,2.85,1.77338
145.77,toyota.prius,2.84,1.76473
145.87,toyota.prius,2.83,1.76473
145.97,toyota.prius,2.82,1.74546
146.07,toyota.prius,2.82,1.68169
146.18,toyota.prius,2.82,1.63048
146.28,toyota.prius,2.82,1.56409
146.38,toyota.prius,2.82,1.56409
146.48,toyota.prius,2.83,1.49162
146.58,toyota.prius,2.84,1.40142
146.68,toyota.prius,2.85,1.35352
146.79,toyota.prius,2.86,1.32827
146.89,toyota.prius,2.87,1.32827
146.99,toyota.prius,2.89,1.32988
147.09,toyota.prius,2.9,1.34068
147.19,toyota.prius,2.9,1.3642
147.29,toyota.prius,2.9,1.38792
147.4,toyota.prius,2.95,1.39561
147.5,toyota.prius,2.94,1.39561
147.6,toyota.prius,2.93,1.26839
147.7,toyota.prius,2.92,1.05836
147.8,toyota.prius,2.91,0.87687
147.9,toyota.prius,2.9,0.64316
148.0,toyota.prius,2.95,0.3373
148.11,toyota.prius,2.94,0.3373
148.21,toyota.prius,2.93,0.07154
148.31,toyota.prius,2.93,-0.18887
148.41,toyota.prius,2.93,-0.41181
148.51,toyota.prius,2.93,-0.48343
148.61,toyota.prius,2.99,-0.51226
148.71,toyota.prius,3.04,-0.53024
148.81,toyota.prius,3.04,-0.53024
148.92,toyota.prius,3.04,-0.43527
149.02,toyota.prius,3.03,-0.27304
149.12,toyota.prius,3.02,-0.13287
149.22,toyota.prius,3.01,0.03311
149.32,toyota.prius,3.06,0.21504
149.42,toyota.prius,3.04,0.21504
149.52,toyota.prius,3.03,0.36989
149.63,toyota.prius,3.01,0.49528
149.73,toyota.prius,3.0,0.58671
149.83,toyota.prius,2.98,0.64247
149.93,toyota.prius,2.97,0.64247
150.03,toyota.prius,2.96,0.65627
150.13,toyota.prius,2.96,0.65073
150.24,toyota.prius,2.96,0.64124
150.34,toyota.prius,2.96,0.62929
150.44,toyota.prius,3.01,0.6069
150.54,toyota.prius,3.01,0.6069
150.64,toyota.prius,3.01,0.52993
150.74,toyota.prius,3.0,0.40745
150.85,toyota.prius,3.0,0.27509
150.95,toyota.prius,2.99,0.1482
151.05,toyota.prius,3.04,0.02791
151.15,toyota.prius,3.03,0.02791
151.25,toyota.prius,3.01,-0.08316
151.35,toyota.prius,3.0,-0.18725
151.45,toyota.prius,2.99,-0.26922
151.56,toyota.prius,2.97,-0.28775
151.66,toyota.prius,3.02,-0.25707
151.76,toyota.prius,3.0,-0.25707
151.86,toyota.prius,2.99,-0.19467
151.96,toyota.prius,2.99,-0.0837
152.06,toyota.prius,2.98,0.07353
152.16,toyota.prius,2.98,0.25209
152.27,toyota.prius,3.03,0.42776
152.37,toyota.prius,3.09,0.59582
152.47,toyota.prius,3.08,0.59582
152.57,toyota.prius,3.07,0.74556
152.67,toyota.prius,3.06,0.87815
152.77,toyota.prius,3.05,1.02591
152.88,toyota.prius,3.04,1.16587
152.98,toyota.prius,3.08,1.31827
153.08,toyota.prius,3.06,1.31827
153.18,toyota.prius,3.04,1.52351
153.28,toyota.prius,3.02,1.75007
153.38,toyota.prius,3.0,1.98636
153.48,toyota.prius,2.99,2.14665
153.59,toyota.prius,3.02,2.12473
153.69,toyota.prius,3.06,1.96618
153.79,toyota.prius,3.04,1.96618
153.89,toyota.prius,3.03,1.74063
153.99,toyota.prius,3.01,1.44152
154.09,toyota.prius,3.01,1.09254
154.2,toyota.prius,3.0,0.86928
154.3,toyota.prius,3.0,0.86928
154.4,toyota.prius,3.0,0.72311
154.5,toyota.prius,2.99,0.81156
154.6,toyota.prius,2.99,1.073
154.7,toyota.prius,2.99,1.39093
154.81,toyota.prius,3.04,1.70706
154.91,toyota.prius,3.08,1.98824
155.01,toyota.prius,3.07,1.98824
155.11,toyota.prius,3.05,2.13867
155.21,toyota.prius,3.03,2.1349
155.31,toyota.prius,3.01,2.0844
155.41,toyota.prius,3.0,1.97495
155.51,toyota.prius,3.04,1.84351
155.62,toyota.prius,3.07,1.71446
155.72,toyota.prius,3.06,1.71446
155.82,toyota.prius,3.04,1.62358
155.92,toyota.prius,3.03,1.52124
156.02,toyota.prius,3.02,1.48906
156.12,toyota.prius,3.02,1.49172
156.22,toyota.prius,3.07,1.50557
156.32,toyota.prius,3.12,1.51447
156.43,toyota.prius,3.11,1.51447
156.53,toyota.prius,3.1,1.52173
156.63,toyota.prius,3.09,1.55228
156.73,toyota.prius,3.08,1.6283
156.83,toyota.prius,3.06,1.72901
156.93,toyota.prius,3.1,1.89993
157.03,toyota.prius,3.13,2.11261
157.14,toyota.prius,3.1,2.11261
157.24,toyota.prius,3.08,2.34191
157.34,toyota.prius,3.06,2.58155
157.44,toyota.prius,3.04,2.83247
157.54,toyota.prius,3.03,3.0677
157.64,toyota.prius,3.07,3.26304
157.74,toyota.prius,3.11,3.40206
157.85,toyota.prius,3.1,3.40206
157.95,toyota.prius,3.08,3.432
158.05,toyota.prius,3.08,3.39287
158.15,toyota.prius,3.07,3.32647
158.25,toyota.prius,3.07,3.23583
158.35,toyota.prius,3.12,3.07843
158.45,toyota.prius,3.11,3.07843
158.56,toyota.prius,3.09,2.87812
158.66,toyota.prius,3.08,2.67631
158.76,toyota.prius,3.06,2.50412
158.86,toyota.prius,3.03,2.34051
158.96,toyota.prius,3.06,2.17875
159.06,toyota.prius,3.09,2.01693
159.16,toyota.prius,3.06,2.01693
159.26,toyota.prius,3.03,1.85933
159.37,toyota.prius,3.0,1.73925
159.47,toyota.prius,2.98,1.65448
159.57,toyota.prius,2.96,1.58319
159.67,toyota.prius,3.0,1.51251
159.77,toyota.prius,3.04,1.45922
159.87,toyota.prius,3.02,1.45922
159.97,toyota.prius,3.01,1.42389
160.08,toyota.prius,3.0,1.40114
160.18,toyota.prius,3.0,1.3795
160.28,toyota.prius,3.0,1.35934
160.38,toyota.prius,3.06,1.32023
160.48,toyota.prius,3.11,1.26868
160.58,toyota.prius,3.11,1.26868
160.68,toyota.prius,3.1,1.22384
160.79,toyota.prius,3.09,1.20914
160.89,toyota.prius,3.07,1.21329
160.99,toyota.prius,3.05,1.22748
161.09,toyota.prius,3.09,1.24197
161.19,toyota.prius,3.12,1.26539
161.29,toyota.prius,3.14,1.29903
161.4,toyota.prius,3.12,1.29903
161.5,toyota.prius,3.09,1.33371
161.6,toyota.prius,3.07,1.35752
161.7,toyota.prius,3.05,1.37522
161.8,toyota.prius,3.04,1.3793
161.9,toyota.prius,3.09,1.37389
162.0,toyota.prius,3.13,1.3624
162.11,toyota.prius,3.12,1.3624
162.21,toyota.prius,3.11,1.33476
162.31,toyota.prius,3.1,1.28877
162.41,toyota.prius,3.09,1.22874
162.51,toyota.prius,3.08,1.16723
162.61,toyota.prius,3.12,1.1171
162.71,toyota.prius,3.16,1.06981
162.82,toyota.prius,3.19,1.04075
162.92,toyota.prius,3.17,1.04075
163.02,toyota.prius,3.14,1.03352
163.12,toyota.prius,3.12,1.12275
163.22,toyota.prius,3.09,1.25301
163.32,toyota.prius,3.07,1.31839
163.42,toyota.prius,3.11,1.34067
163.52,toyota.prius,3.14,1.36906
163.63,toyota.prius,3.18,1.41754
163.73,toyota.prius,3.16,1.41754
163.83,toyota.prius,3.14,1.47328
163.93,toyota.prius,3.13,1.45923
164.03,toyota.prius,3.12,1.42677
164.13,toyota.prius,3.11,1.4721
164.23,toyota.prius,3.16,1.60061
164.34,toyota.prius,3.2,1.76519
164.44,toyota.prius,3.23,1.9451
164.54,toyota.prius,3.21,1.9451
164.64,toyota.prius,3.18,2.13426
164.74,toyota.prius,3.15,2.318
164.84,toyota.prius,3.13,2.5037
164.94,toyota.prius,3.1,2.69619
165.05,toyota.prius,3.13,2.88016
165.15,toyota.prius,3.16,3.06891
165.25,toyota.prius,3.14,3.06891
165.35,toyota.prius,3.11,3.26413
165.45,toyota.prius,3.1,3.45822
165.55,toyota.prius,3.08,3.65118
165.65,toyota.prius,3.07,3.8436
165.75,toyota.prius,3.12,4.02381
165.86,toyota.prius,3.17,4.20025
165.96,toyota.prius,3.15,4.20025
166.06,toyota.prius,3.14,4.35528
166.16,toyota.prius,3.13,4.5065
166.26,toyota.prius,3.12,4.64096
166.36,toyota.prius,3.1,4.75051
166.46,toyota.prius,3.14,4.85143
166.56,toyota.prius,3.17,4.93313
166.67,toyota.prius,3.14,4.93313
166.77,toyota.prius,3.12,4.99334
166.87,toyota.prius,3.09,5.04694
166.97,toyota.prius,3.07,5.07266
167.07,toyota.prius,3.05,5.08014
167.17,toyota.prius,3.08,5.08065
167.27,toyota.prius,3.06,5.08065
167.38,toyota.prius,3.05,5.07985
167.48,toyota.prius,3.03,5.07619
167.58,toyota.prius,3.02,5.07232
167.68,toyota.prius,3.02,5.06483
167.78,toyota.prius,3.07,5.05717
167.88,toyota.prius,3.06,5.05717
167.98,toyota.prius,3.06,5.04748
168.09,toyota.prius,3.05,5.03684
168.19,toyota.prius,3.05,5.02457
168.29,toyota.prius,3.04,5.01535
168.39,toyota.prius,3.08,5.00757
168.49,toyota.prius,3.12,5.00616
168.59,toyota.prius,3.1,5.00616
168.69,toyota.prius,3.08,5.00839
168.79,toyota.prius,3.06,5.01339
168.9,toyota.prius,3.04,5.01804
169.0,toyota.prius,3.02,5.02179
169.1,toyota.prius,3.05,5.02724
169.2,toyota.prius,3.09,5.03859
169.3,toyota.prius,3.07,5.03859
169.4,toyota.prius,3.05,5.05334
169.5,toyota.prius,3.04,5.06582
169.61,toyota.prius,3.03,5.07344
169.71,toyota.prius,3.02,5.0626
169.81,toyota.prius,3.07,5.03427
169.91,toyota.prius,3.06,5.03427
170.01,toyota.prius,3.06,4.9822
170.11,toyota.prius,3.05,4.90863
170.22,toyota.prius,3.05,4.8122
170.32,toyota.prius,3.04,4.68222
170.42,toyota.prius,3.09,4.53568
170.52,toyota.prius,3.12,4.37648
170.62,toyota.prius,3.15,4.22268
170.72,toyota.prius,3.13,4.22268
170.83,toyota.prius,3.1,4.07821
170.93,toyota.prius,3.07,3.95973
171.03,toyota.prius,3.05,3.8507
171.13,toyota.prius,3.02,3.7548
171.23,toyota.prius,3.05,3.67254
171.34,toyota.prius,3.08,3.60353
171.44,toyota.prius,3.06,3.60353
171.54,toyota.prius,3.04,3.54996
171.64,toyota.prius,3.02,3.50291
171.74,toyota.prius,3.01,3.45535
171.84,toyota.prius,3.01,3.41375
171.94,toyota.prius,3.06,3.36302
172.05,toyota.prius,3.11,3.306
172.15,toyota.prius,3.1,3.306
172.25,toyota.prius,3.09,3.23987
172.35,toyota.prius,3.08,3.17051
172.45,toyota.prius,3.07,3.10384
172.55,toyota.prius,3.06,3.03946
172.66,toyota.prius,3.1,2.94018
172.76,toyota.prius,3.13,2.81521
172.86,toyota.prius,3.16,2.6893
172.96,toyota.prius,3.13,2.6893
173.06,toyota.prius,3.11,2.57094
173.16,toyota.prius,3.08,2.45396
173.27,toyota.prius,3.06,2.35709
173.37,toyota.prius,3.04,2.28766
173.47,toyota.prius,3.08,2.25348
173.57,toyota.prius,3.11,2.27738
173.67,toyota.prius,3.15,2.32619
173.77,toyota.prius,3.13,2.32619
173.88,toyota.prius,3.12,2.38507
173.98,toyota.prius,3.11,2.45232
174.08,toyota.prius,3.1,2.5152
174.18,toyota.prius,3.09,2.57508
174.28,toyota.prius,3.14,2.61894
174.38,toyota.prius,3.18,2.65985
174.49,toyota.prius,3.21,2.702
174.59,toyota.prius,3.24,2.75024
174.69,toyota.prius,3.21,2.75024
174.79,toyota.prius,3.18,2.79894
174.89,toyota.prius,3.15,2.84268
174.99,toyota.prius,3.12,2.8638
175.1,toyota.prius,3.1,2.87172
175.2,toyota.prius,3.13,2.87459
175.3,toyota.prius,3.16,2.86793
175.4,toyota.prius,3.2,2.85358
175.5,toyota.prius,3.23,2.83588
175.6,toyota.prius,3.21,2.83588
175.7,toyota.prius,3.19,2.80517
175.81,toyota.prius,3.17,2.78276
175.91,toyota.prius,3.16,2.76308
176.01,toyota.prius,3.15,2.74703
176.11,toyota.prius,3.19,2.7366
176.21,toyota.prius,3.22,2.73025
176.31,toyota.prius,3.25,2.72453
176.42,toyota.prius,3.27,2.72266
176.52,toyota.prius,3.34,2.69778
176.62,toyota.prius,3.39,2.67236
176.72,toyota.prius,3.46,2.61367
176.82,toyota.prius,3.51,2.56743
176.92,toyota.prius,3.56,2.47467
177.03,toyota.prius,3.52,2.43965
177.13,toyota.prius,3.46,2.39503
177.23,toyota.prius,3.33,2.38364
177.33,toyota.prius,3.18,2.44118
177.43,toyota.prius,2.99,2.53931
177.53,toyota.prius,2.79,2.57663
177.64,toyota.prius,2.58,2.62333
177.74,toyota.prius,2.39,2.63625
177.84,toyota.prius,2.21,2.63625
177.94,toyota.prius,2.05,2.63625
178.04,toyota.prius,1.89,2.63625
178.15,toyota.prius,1.75,2.63625
178.25,toyota.prius,1.62,2.63625
178.35,toyota.prius,1.5,2.63625
178.45,toyota.prius,1.39,2.63625
178.55,toyota.prius,1.28,2.63625
178.65,toyota.prius,1.19,2.63625
178.76,toyota.prius,1.1,2.63625
178.86,toyota.prius,1.01,2.63625
178.96,toyota.prius,0.94,2.63625
179.06,toyota.prius,0.87,2.63625
179.16,toyota.prius,0.8,2.63625
179.26,toyota.prius,0.74,2.63625
179.37,toyota.prius,0.69,2.63625
179.47,toyota.prius,0.64,2.63625
179.57,toyota.prius,0.59,2.63625
179.67,toyota.prius,0.54,2.63625
179.77,toyota.prius,0.5,2.63625
179.87,toyota.prius,0.47,2.63625
179.98,toyota.prius,0.43,2.63625
180.08,toyota.prius,0.4,2.63625
180.18,toyota.prius,0.37,2.63625
180.28,toyota.prius,0.34,2.63625
180.38,toyota.prius,0.32,2.63625
180.48,toyota.prius,0.29,2.63625
180.58,toyota.prius,0.27,2.63625
180.69,toyota.prius,0.25,2.63625
180.79,toyota.prius,0.23,2.63625
180.89,toyota.prius,0.21,2.63625
180.99,toyota.prius,0.2,2.63625
181.09,toyota.prius,0.18,2.63625
181.19,toyota.prius,0.17,2.63625
181.29,toyota.prius,0.16,2.63625
181.4,toyota.prius,0.14,2.63625
181.5,toyota.prius,0.13,2.63625
181.6,toyota.prius,0.12,2.63625
181.7,toyota.prius,0.11,2.63625
181.8,toyota.prius,0.11,2.63625
181.9,toyota.prius,0.1,2.63625
182.0,toyota.prius,0.09,2.63625
182.11,toyota.prius,0.08,2.63625
182.21,toyota.prius,0.08,2.63625
182.31,toyota.prius,0.07,2.63625
182.41,toyota.prius,0.07,2.63625
182.51,toyota.prius,0.06,2.63625
182.61,toyota.prius,0.06,2.63625
182.71,toyota.prius,0.05,2.63625
182.82,toyota.prius,0.05,2.63625
182.92,toyota.prius,0.04,2.63625
183.02,toyota.prius,0.04,2.63625
183.12,toyota.prius,0.04,2.63625
183.22,toyota.prius,0.04,2.63625
183.33,toyota.prius,0.03,2.63625
183.43,toyota.prius,0.03,2.63625
183.53,toyota.prius,0.03,2.63625
183.63,toyota.prius,0.03,2.63625
183.73,toyota.prius,0.02,2.63625
183.83,toyota.prius,0.02,2.63625
183.94,toyota.prius,0.02,2.63625
184.04,toyota.prius,0.02,2.63625
184.14,toyota.prius,0.02,2.63625
184.24,toyota.prius,0.02,2.63625
184.34,toyota.prius,0.02,2.63625
184.44,toyota.prius,0.01,2.63625
184.55,toyota.prius,0.01,2.63625
184.65,toyota.prius,0.01,2.63625
184.75,toyota.prius,0.01,2.63625
184.85,toyota.prius,0.01,2.63625
184.95,toyota.prius,0.01,2.63625
185.05,toyota.prius,0.01,2.63625
185.16,toyota.prius,0.01,2.63625
185.26,toyota.prius,0.01,2.63625
185.36,toyota.prius,0.01,2.63625
185.46,toyota.prius,0.01,2.63625
185.56,toyota.prius,0.01,2.63625
185.66,toyota.prius,0.01,2.63625
185.77,toyota.prius,0.01,2.63625
185.87,toyota.prius,0.0,2.63625
185.97,toyota.prius,0.0,2.63625
186.07,toyota.prius,0.0,2.63625
186.17,toyota.prius,0.0,2.63625
186.27,toyota.prius,0.0,2.63625
186.37,toyota.prius,0.0,2.63625
186.48,toyota.prius,0.0,2.63625
186.58,toyota.prius,0.0,2.63625
186.68,toyota.prius,0.0,2.63625
186.78,toyota.prius,0.0,2.63625
186.88,toyota.prius,0.0,2.63625
186.98,toyota.prius,0.0,2.63625
187.09,toyota.prius,0.0,2.63625
187.19,toyota.prius,0.0,2.63625
187.29,toyota.prius,0.0,2.63625
187.39,toyota.prius,0.0,2.63625
187.49,toyota.prius,0.0,2.63625
187.59,toyota.prius,0.0,2.63625
187.7,toyota.prius,0.0,2.63625
187.8,toyota.prius,0.0,2.63625
187.9,toyota.prius,0.0,2.63625
188.0,toyota.prius,0.0,2.63625
188.1,toyota.prius,0.0,2.63625
188.2,toyota.prius,0.0,2.63625
188.31,toyota.prius,0.0,2.63625
188.41,toyota.prius,0.0,2.63625
188.51,toyota.prius,0.0,2.63625
188.61,toyota.prius,0.0,2.63625
188.71,toyota.prius,0.0,2.63625
188.81,toyota.prius,0.0,2.63625
188.92,toyota.prius,0.0,2.63625
189.02,toyota.prius,0.0,2.63625
189.12,toyota.prius,0.0,2.63625
189.22,toyota.prius,0.0,2.63625
189.32,toyota.prius,0.0,2.63625
189.42,toyota.prius,0.0,2.63625
189.53,toyota.prius,0.0,2.63625
189.63,toyota.prius,0.0,2.63625
189.73,toyota.prius,0.0,2.63625
189.83,toyota.prius,0.0,2.63625
189.93,toyota.prius,0.0,2.63625
190.03,toyota.prius,0.0,2.63625
190.14,toyota.prius,0.0,2.63625
190.24,toyota.prius,0.0,2.63625
190.34,toyota.prius,0.0,2.63625
190.44,toyota.prius,0.0,2.63625
190.54,toyota.prius,0.0,2.63625
190.64,toyota.prius,0.0,2.63625
190.75,toyota.prius,0.0,2.63625
190.85,toyota.prius,0.0,2.63625
190.95,toyota.prius,0.0,2.63625
191.05,toyota.prius,0.0,2.63625
191.15,toyota.prius,0.0,2.63625
191.25,toyota.prius,0.0,2.63625
191.36,toyota.prius,0.0,2.63625
