Time,VehicleType,VehicleSpeed,Grade
0.0,vehicle.nissan.micra,0.0,0.0
0.14,vehicle.nissan.micra,0.0,0.0
0.2,vehicle.nissan.micra,0.0,0.0
0.3,vehicle.nissan.micra,0.0,0.0
0.4,vehicle.nissan.micra,0.0,0.0
0.8,vehicle.nissan.micra,0.0,0.0
0.8,vehicle.nissan.micra,0.0,0.0
0.8,vehicle.nissan.micra,0.0,0.0
0.81,vehicle.nissan.micra,0.0,0.0
0.9,vehicle.nissan.micra,0.0,0.0
1.0,vehicle.nissan.micra,0.0,0.0
1.1,vehicle.nissan.micra,0.0,0.0
1.2,vehicle.nissan.micra,0.0,0.0
1.3,vehicle.nissan.micra,0.0,0.0
1.61,vehicle.nissan.micra,0.0,0.0
1.61,vehicle.nissan.micra,0.0,0.0
1.61,vehicle.nissan.micra,0.0,0.0
1.71,vehicle.nissan.micra,0.0,0.0
1.8,vehicle.nissan.micra,0.0,0.0
1.95,vehicle.nissan.micra,0.0,0.0
2.08,vehicle.nissan.micra,0.0,0.0
2.1,vehicle.nissan.micra,0.0,0.0
2.2,vehicle.nissan.micra,0.0,0.0
2.34,vehicle.nissan.micra,0.0,0.0
2.46,vehicle.nissan.micra,0.0,0.0
2.54,vehicle.nissan.micra,0.0,0.0
2.64,vehicle.nissan.micra,0.0,0.0
2.73,vehicle.nissan.micra,0.0,0.0
2.85,vehicle.nissan.micra,0.0,0.0
2.94,vehicle.nissan.micra,0.0,0.0
3.0,vehicle.nissan.micra,0.0,0.0
3.1,vehicle.nissan.micra,0.0,0.0
3.26,vehicle.nissan.micra,0.0,0.0
3.38,vehicle.nissan.micra,0.0,0.0
3.4,vehicle.nissan.micra,0.0,0.0
3.5,vehicle.nissan.micra,0.0,0.0
3.64,vehicle.nissan.micra,0.0,0.0
3.74,vehicle.nissan.micra,0.0,0.0
3.8,vehicle.nissan.micra,0.0,0.0
3.9,vehicle.nissan.micra,0.0,0.0
4.0,vehicle.nissan.micra,0.0,0.0
4.1,vehicle.nissan.micra,0.0,0.0
4.24,vehicle.nissan.micra,0.0,0.0
4.35,vehicle.nissan.micra,0.0,0.0
4.4,vehicle.nissan.micra,0.0,0.0
4.5,vehicle.nissan.micra,0.0,0.0
4.6,vehicle.nissan.micra,0.0,0.0
4.7,vehicle.nissan.micra,0.0,0.0
4.85,vehicle.nissan.micra,0.0,0.0
4.97,vehicle.nissan.micra,0.0,0.0
5.06,vehicle.nissan.micra,0.0,0.0
5.16,vehicle.nissan.micra,0.0,0.0
5.27,vehicle.nissan.micra,0.0,0.0
5.34,vehicle.nissan.micra,0.0,0.0
5.41,vehicle.nissan.micra,0.0,0.0
5.53,vehicle.nissan.micra,0.0,0.0
5.65,vehicle.nissan.micra,0.0,0.0
5.75,vehicle.nissan.micra,0.0,0.0
5.86,vehicle.nissan.micra,0.0,0.0
5.92,vehicle.nissan.micra,0.0,0.0
6.0,vehicle.nissan.micra,0.0,0.0
6.13,vehicle.nissan.micra,0.0,0.0
6.23,vehicle.nissan.micra,0.0,0.0
6.35,vehicle.nissan.micra,0.0,0.0
6.4,vehicle.nissan.micra,0.0,0.0
6.53,vehicle.nissan.micra,0.0,0.0
6.65,vehicle.nissan.micra,0.0,0.0
6.7,vehicle.nissan.micra,0.0,0.0
6.8,vehicle.nissan.micra,0.0,0.0
6.95,vehicle.nissan.micra,0.0,0.0
7.05,vehicle.nissan.micra,0.0,0.0
7.16,vehicle.nissan.micra,0.0,0.0
7.26,vehicle.nissan.micra,0.0,0.0
7.38,vehicle.nissan.micra,0.0,0.0
7.43,vehicle.nissan.micra,0.0,0.0
7.5,vehicle.nissan.micra,0.0,0.0
7.67,vehicle.nissan.micra,0.0,0.0
7.76,vehicle.nissan.micra,0.0,0.0
7.8,vehicle.nissan.micra,0.0,0.0
7.9,vehicle.nissan.micra,0.0,0.0
8.08,vehicle.nissan.micra,0.0,0.0
8.13,vehicle.nissan.micra,0.0,0.0
8.3,vehicle.nissan.micra,0.0,0.0
8.3,vehicle.nissan.micra,0.0,0.0
8.4,vehicle.nissan.micra,0.0,0.0
8.54,vehicle.nissan.micra,0.0,0.0
8.63,vehicle.nissan.micra,0.0,0.0
8.7,vehicle.nissan.micra,0.0,0.0
8.84,vehicle.nissan.micra,0.0,0.0
8.9,vehicle.nissan.micra,0.0,0.0
9.05,vehicle.nissan.micra,0.0,0.0
9.1,vehicle.nissan.micra,0.0,0.0
9.2,vehicle.nissan.micra,0.0,0.0
9.3,vehicle.nissan.micra,0.0,0.0
9.45,vehicle.nissan.micra,0.0,0.0
9.5,vehicle.nissan.micra,0.0,0.0
9.69,vehicle.nissan.micra,0.0,0.0
9.75,vehicle.nissan.micra,0.0,0.0
9.88,vehicle.nissan.micra,0.0,0.0
9.95,vehicle.nissan.micra,0.0,0.0
10.03,vehicle.nissan.micra,0.0,0.0
10.1,vehicle.nissan.micra,0.0,0.0
10.33,vehicle.nissan.micra,0.0,0.0
10.37,vehicle.nissan.micra,0.0,0.0
10.47,vehicle.nissan.micra,0.0,0.0
10.54,vehicle.nissan.micra,0.0,0.0
10.63,vehicle.nissan.micra,0.0,0.0
10.7,vehicle.nissan.micra,0.0,0.0
10.8,vehicle.nissan.micra,0.0,0.0
10.96,vehicle.nissan.micra,0.0,0.0
11.05,vehicle.nissan.micra,0.0,0.0
11.16,vehicle.nissan.micra,0.0,0.0
11.2,vehicle.nissan.micra,0.0,0.0
11.37,vehicle.nissan.micra,0.0,0.0
11.46,vehicle.nissan.micra,0.0,0.0
11.5,vehicle.nissan.micra,0.0,0.0
11.65,vehicle.nissan.micra,0.0,0.0
11.78,vehicle.nissan.micra,0.0,0.0
11.87,vehicle.nissan.micra,0.0,0.0
11.9,vehicle.nissan.micra,0.0,0.0
12.07,vehicle.nissan.micra,0.0,0.0
12.14,vehicle.nissan.micra,0.0,0.0
12.2,vehicle.nissan.micra,0.0,0.0
12.38,vehicle.nissan.micra,0.0,0.0
12.42,vehicle.nissan.micra,0.0,0.0
12.55,vehicle.nissan.micra,0.0,0.0
12.67,vehicle.nissan.micra,0.0,0.0
12.73,vehicle.nissan.micra,0.0,0.0
12.88,vehicle.nissan.micra,0.0,0.0
12.95,vehicle.nissan.micra,0.0,0.0
13.09,vehicle.nissan.micra,0.0,0.0
13.1,vehicle.nissan.micra,0.0,0.0
13.26,vehicle.nissan.micra,0.0,0.0
13.3,vehicle.nissan.micra,0.0,0.0
13.41,vehicle.nissan.micra,0.0,0.0
13.52,vehicle.nissan.micra,0.0,0.0
13.66,vehicle.nissan.micra,0.0,0.0
13.7,vehicle.nissan.micra,0.0,0.0
13.8,vehicle.nissan.micra,0.0,0.0
13.9,vehicle.nissan.micra,0.0,0.0
14.06,vehicle.nissan.micra,0.0,0.0
14.15,vehicle.nissan.micra,0.0,0.0
14.28,vehicle.nissan.micra,0.0,0.0
14.39,vehicle.nissan.micra,0.0,0.0
14.43,vehicle.nissan.micra,0.0,0.0
14.55,vehicle.nissan.micra,0.0,0.0
14.68,vehicle.nissan.micra,0.0,0.0
14.73,vehicle.nissan.micra,0.0,0.0
14.8,vehicle.nissan.micra,0.0,0.0
14.9,vehicle.nissan.micra,0.0,0.0
15.02,vehicle.nissan.micra,0.0,0.0
15.1,vehicle.nissan.micra,0.0,0.0
15.2,vehicle.nissan.micra,0.0,0.0
15.44,vehicle.nissan.micra,0.0,0.0
15.44,vehicle.nissan.micra,0.0,0.0
15.55,vehicle.nissan.micra,0.0,0.0
15.6,vehicle.nissan.micra,0.0,0.0
15.79,vehicle.nissan.micra,0.0,0.0
15.85,vehicle.nissan.micra,0.0,0.0
15.91,vehicle.nissan.micra,0.0,0.0
16.0,vehicle.nissan.micra,0.0,0.0
16.19,vehicle.nissan.micra,0.0,0.0
16.25,vehicle.nissan.micra,0.0,0.0
16.32,vehicle.nissan.micra,0.0,0.0
16.46,vehicle.nissan.micra,0.0,0.0
16.58,vehicle.nissan.micra,0.0,0.0
16.65,vehicle.nissan.micra,0.0,0.0
16.76,vehicle.nissan.micra,0.0,0.0
16.85,vehicle.nissan.micra,0.0,0.0
16.95,vehicle.nissan.micra,0.0,0.0
17.05,vehicle.nissan.micra,0.0,0.0
17.19,vehicle.nissan.micra,0.0,0.0
17.24,vehicle.nissan.micra,0.0,0.0
17.33,vehicle.nissan.micra,0.0,0.0
17.43,vehicle.nissan.micra,0.0,0.0
17.55,vehicle.nissan.micra,0.0,0.0
17.6,vehicle.nissan.micra,0.0,0.0
17.74,vehicle.nissan.micra,0.0,0.0
17.8,vehicle.nissan.micra,0.0,0.0
17.96,vehicle.nissan.micra,0.0,0.0
18.05,vehicle.nissan.micra,0.0,0.0
18.1,vehicle.nissan.micra,0.0,0.0
18.25,vehicle.nissan.micra,0.0,0.0
18.3,vehicle.nissan.micra,0.0,0.0
18.44,vehicle.nissan.micra,0.0,0.0
18.54,vehicle.nissan.micra,0.0,0.0
18.6,vehicle.nissan.micra,0.0,0.0
18.74,vehicle.nissan.micra,0.0,0.0
18.86,vehicle.nissan.micra,0.0,0.0
18.99,vehicle.nissan.micra,0.0,0.0
19.09,vehicle.nissan.micra,0.0,0.0
19.14,vehicle.nissan.micra,0.0,0.0
19.2,vehicle.nissan.micra,0.0,0.0
19.37,vehicle.nissan.micra,0.0,0.0
19.41,vehicle.nissan.micra,0.0,0.0
19.62,vehicle.nissan.micra,0.0,0.0
19.67,vehicle.nissan.micra,0.0,0.0
19.7,vehicle.nissan.micra,0.0,0.0
19.87,vehicle.nissan.micra,0.0,0.0
19.9,vehicle.nissan.micra,0.0,0.0
20.0,vehicle.nissan.micra,0.0,0.0
20.43,vehicle.nissan.micra,0.0,0.0
20.43,vehicle.nissan.micra,0.0,0.0
20.43,vehicle.nissan.micra,0.0,0.0
20.43,vehicle.nissan.micra,0.0,0.0
20.5,vehicle.nissan.micra,0.0,0.0
20.69,vehicle.nissan.micra,0.0,0.0
20.75,vehicle.nissan.micra,0.0,0.0
20.8,vehicle.nissan.micra,0.0,0.0
20.95,vehicle.nissan.micra,0.0,0.0
21.05,vehicle.nissan.micra,0.0,0.0
21.1,vehicle.nissan.micra,0.0,0.0
21.2,vehicle.nissan.micra,0.0,0.0
21.35,vehicle.nissan.micra,0.0,0.0
21.45,vehicle.nissan.micra,0.0,0.0
21.54,vehicle.nissan.micra,0.0,0.0
21.66,vehicle.nissan.micra,0.0,0.0
21.7,vehicle.nissan.micra,0.0,0.0
21.89,vehicle.nissan.micra,0.0,0.0
21.94,vehicle.nissan.micra,0.0,0.0
22.0,vehicle.nissan.micra,0.0,0.0
22.1,vehicle.nissan.micra,0.0,0.0
22.22,vehicle.nissan.micra,0.0,0.0
22.39,vehicle.nissan.micra,0.0,0.0
22.4,vehicle.nissan.micra,0.0,0.0
22.56,vehicle.nissan.micra,0.0,0.0
22.61,vehicle.nissan.micra,0.0,0.0
22.74,vehicle.nissan.micra,0.0,0.0
22.88,vehicle.nissan.micra,0.0,0.0
22.98,vehicle.nissan.micra,0.0,0.0
23.04,vehicle.nissan.micra,0.0,0.0
23.14,vehicle.nissan.micra,0.0,0.0
23.2,vehicle.nissan.micra,0.0,0.0
23.38,vehicle.nissan.micra,0.0,0.0
23.49,vehicle.nissan.micra,0.0,0.0
23.59,vehicle.nissan.micra,0.0,0.0
23.6,vehicle.nissan.micra,0.0,0.0
23.7,vehicle.nissan.micra,0.0,0.0
23.84,vehicle.nissan.micra,0.0,0.0
23.98,vehicle.nissan.micra,0.0,0.0
24.04,vehicle.nissan.micra,0.0,0.0
24.19,vehicle.nissan.micra,0.0,0.0
24.2,vehicle.nissan.micra,0.0,0.0
24.34,vehicle.nissan.micra,0.0,0.0
24.44,vehicle.nissan.micra,0.0,0.0
24.5,vehicle.nissan.micra,0.0,0.0
24.6,vehicle.nissan.micra,0.0,0.0
24.77,vehicle.nissan.micra,0.0,0.0
24.86,vehicle.nissan.micra,0.0,0.0
24.95,vehicle.nissan.micra,0.0,0.0
25.04,vehicle.nissan.micra,0.0,0.0
25.14,vehicle.nissan.micra,0.0,0.0
25.24,vehicle.nissan.micra,0.0,0.0
25.38,vehicle.nissan.micra,0.0,0.0
25.47,vehicle.nissan.micra,0.0,0.0
25.5,vehicle.nissan.micra,0.0,0.0
25.65,vehicle.nissan.micra,0.0,0.0
25.71,vehicle.nissan.micra,0.0,0.0
25.89,vehicle.nissan.micra,0.0,0.0
25.9,vehicle.nissan.micra,0.0,0.0
26.0,vehicle.nissan.micra,0.0,0.0
26.1,vehicle.nissan.micra,0.0,0.0
26.22,vehicle.nissan.micra,0.0,0.0
26.34,vehicle.nissan.micra,0.0,0.0
26.49,vehicle.nissan.micra,0.0,0.0
26.54,vehicle.nissan.micra,0.0,0.0
26.64,vehicle.nissan.micra,0.0,0.0
26.78,vehicle.nissan.micra,0.0,0.0
26.89,vehicle.nissan.micra,0.0,0.0
26.94,vehicle.nissan.micra,0.0,0.0
27.04,vehicle.nissan.micra,0.0,0.0
27.17,vehicle.nissan.micra,0.0,0.0
27.26,vehicle.nissan.micra,0.0,0.0
27.34,vehicle.nissan.micra,0.0,0.0
27.48,vehicle.nissan.micra,0.0,0.0
27.5,vehicle.nissan.micra,0.0,0.0
27.64,vehicle.nissan.micra,0.0,0.0
27.74,vehicle.nissan.micra,0.0,0.0
27.82,vehicle.nissan.micra,0.0,0.0
27.94,vehicle.nissan.micra,0.0,0.0
28.67,vehicle.nissan.micra,0.0,0.0
28.67,vehicle.nissan.micra,0.0,0.0
28.72,vehicle.nissan.micra,0.0,0.0
28.76,vehicle.nissan.micra,0.0,0.0
28.81,vehicle.nissan.micra,0.0,0.0
28.81,vehicle.nissan.micra,0.0,0.0
28.81,vehicle.nissan.micra,0.0,0.0
28.81,vehicle.nissan.micra,0.0,0.0
28.81,vehicle.nissan.micra,0.0,0.0
28.92,vehicle.nissan.micra,0.0,0.0
29.09,vehicle.nissan.micra,0.0,0.0
29.2,vehicle.nissan.micra,0.0,0.0
29.2,vehicle.nissan.micra,0.0,0.0
29.3,vehicle.nissan.micra,0.0,0.0
29.44,vehicle.nissan.micra,0.0,0.0
29.62,vehicle.nissan.micra,0.0,0.0
29.67,vehicle.nissan.micra,0.0,0.0
29.7,vehicle.nissan.micra,0.0,0.0
29.89,vehicle.nissan.micra,0.0,0.0
29.94,vehicle.nissan.micra,0.0,0.0
30.05,vehicle.nissan.micra,0.0,0.0
30.15,vehicle.nissan.micra,0.0,0.0
30.27,vehicle.nissan.micra,0.0,0.0
30.3,vehicle.nissan.micra,0.0,0.0
30.46,vehicle.nissan.micra,0.0,0.0
30.5,vehicle.nissan.micra,0.0,0.0
30.67,vehicle.nissan.micra,0.0,0.0
30.76,vehicle.nissan.micra,0.0,0.0
30.8,vehicle.nissan.micra,0.0,0.0
30.97,vehicle.nissan.micra,0.0,0.0
31.01,vehicle.nissan.micra,0.0,0.0
31.1,vehicle.nissan.micra,0.0,0.0
31.32,vehicle.nissan.micra,0.0,0.0
31.32,vehicle.nissan.micra,0.0,0.0
31.43,vehicle.nissan.micra,0.0,0.0
31.52,vehicle.nissan.micra,0.0,0.0
31.65,vehicle.nissan.micra,0.0,0.0
31.75,vehicle.nissan.micra,0.0,0.0
31.87,vehicle.nissan.micra,0.0,0.0
31.99,vehicle.nissan.micra,0.0,0.0
32.04,vehicle.nissan.micra,0.0,0.0
32.19,vehicle.nissan.micra,0.0,0.0
32.29,vehicle.nissan.micra,0.0,0.0
32.37,vehicle.nissan.micra,0.0,0.0
32.49,vehicle.nissan.micra,0.0,0.0
32.5,vehicle.nissan.micra,0.0,0.0
32.65,vehicle.nissan.micra,0.0,0.0
32.81,vehicle.nissan.micra,0.0,0.0
32.81,vehicle.nissan.micra,0.0,0.0
33.0,vehicle.nissan.micra,0.0,0.0
33.09,vehicle.nissan.micra,0.0,0.0
33.1,vehicle.nissan.micra,0.0,0.0
33.27,vehicle.nissan.micra,0.0,0.0
33.32,vehicle.nissan.micra,0.0,0.0
33.44,vehicle.nissan.micra,0.0,0.0
33.5,vehicle.nissan.micra,0.0,0.0
33.63,vehicle.nissan.micra,0.0,0.0
33.7,vehicle.nissan.micra,0.0,0.0
33.84,vehicle.nissan.micra,0.0,0.0
33.9,vehicle.nissan.micra,0.0,0.0
34.08,vehicle.nissan.micra,0.0,0.0
34.17,vehicle.nissan.micra,0.0,0.0
34.22,vehicle.nissan.micra,0.0,0.0
34.36,vehicle.nissan.micra,0.0,0.0
34.47,vehicle.nissan.micra,0.0,0.0
34.54,vehicle.nissan.micra,0.0,0.0
34.6,vehicle.nissan.micra,0.0,0.0
34.73,vehicle.nissan.micra,0.0,0.0
34.8,vehicle.nissan.micra,0.0,0.0
34.97,vehicle.nissan.micra,0.0,0.0
35.0,vehicle.nissan.micra,0.0,0.0
35.15,vehicle.nissan.micra,0.0,0.0
35.2,vehicle.nissan.micra,0.0,0.0
35.3,vehicle.nissan.micra,0.0,0.0
35.45,vehicle.nissan.micra,0.0,0.0
35.56,vehicle.nissan.micra,0.0,0.0
35.6,vehicle.nissan.micra,0.0,0.0
35.78,vehicle.nissan.micra,0.0,0.0
35.84,vehicle.nissan.micra,0.0,0.0
35.9,vehicle.nissan.micra,0.0,0.0
36.05,vehicle.nissan.micra,0.0,0.0
36.19,vehicle.nissan.micra,0.0,0.0
36.2,vehicle.nissan.micra,0.0,0.0
36.31,vehicle.nissan.micra,0.0,0.0
36.4,vehicle.nissan.micra,0.0,0.0
36.58,vehicle.nissan.micra,0.0,0.0
36.6,vehicle.nissan.micra,0.0,0.0
36.72,vehicle.nissan.micra,0.0,0.0
36.87,vehicle.nissan.micra,0.0,0.0
36.99,vehicle.nissan.micra,0.0,0.0
37.05,vehicle.nissan.micra,0.0,0.0
37.14,vehicle.nissan.micra,0.0,0.0
37.24,vehicle.nissan.micra,0.0,0.0
37.35,vehicle.nissan.micra,0.0,0.0
37.4,vehicle.nissan.micra,0.0,0.0
37.58,vehicle.nissan.micra,0.0,0.0
37.6,vehicle.nissan.micra,0.0,0.0
37.7,vehicle.nissan.micra,0.0,0.0
37.8,vehicle.nissan.micra,0.0,0.0
38.0,vehicle.nissan.micra,0.0,0.0
38.04,vehicle.nissan.micra,0.0,0.0
38.19,vehicle.nissan.micra,0.0,0.0
38.25,vehicle.nissan.micra,0.0,0.0
38.39,vehicle.nissan.micra,0.0,0.0
38.45,vehicle.nissan.micra,0.0,0.0
38.55,vehicle.nissan.micra,0.0,0.0
38.66,vehicle.nissan.micra,0.0,0.0
38.7,vehicle.nissan.micra,0.0,0.0
38.89,vehicle.nissan.micra,0.0,0.0
38.95,vehicle.nissan.micra,0.0,0.0
39.0,vehicle.nissan.micra,0.0,0.0
39.15,vehicle.nissan.micra,0.0,0.0
39.28,vehicle.nissan.micra,0.0,0.0
39.3,vehicle.nissan.micra,0.0,0.0
39.45,vehicle.nissan.micra,0.0,0.0
39.54,vehicle.nissan.micra,0.0,0.0
39.64,vehicle.nissan.micra,0.0,0.0
39.74,vehicle.nissan.micra,0.0,0.0
39.84,vehicle.nissan.micra,0.0,0.0
39.94,vehicle.nissan.micra,0.0,0.0
40.01,vehicle.nissan.micra,0.0,0.0
40.1,vehicle.nissan.micra,0.0,0.0
40.25,vehicle.nissan.micra,0.0,0.0
40.3,vehicle.nissan.micra,0.0,0.0
40.45,vehicle.nissan.micra,0.0,0.0
40.53,vehicle.nissan.micra,0.0,0.0
40.6,vehicle.nissan.micra,0.0,0.0
40.76,vehicle.nissan.micra,0.0,0.0
40.8,vehicle.nissan.micra,0.0,0.0
40.94,vehicle.nissan.micra,0.0,0.0
41.06,vehicle.nissan.micra,0.0,0.0
41.1,vehicle.nissan.micra,0.0,0.0
41.25,vehicle.nissan.micra,0.0,0.0
41.3,vehicle.nissan.micra,0.0,0.0
41.46,vehicle.nissan.micra,0.0,0.0
41.5,vehicle.nissan.micra,0.0,0.0
41.69,vehicle.nissan.micra,0.0,0.0
41.79,vehicle.nissan.micra,0.0,0.0
41.84,vehicle.nissan.micra,0.0,0.0
41.93,vehicle.nissan.micra,0.0,0.0
42.13,vehicle.nissan.micra,0.0,0.0
42.18,vehicle.nissan.micra,0.0,0.0
42.25,vehicle.nissan.micra,0.0,0.0
42.3,vehicle.nissan.micra,0.0,0.0
42.5,vehicle.nissan.micra,0.0,0.0
42.54,vehicle.nissan.micra,0.0,0.0
42.7,vehicle.nissan.micra,0.0,0.0
42.74,vehicle.nissan.micra,0.0,0.0
42.85,vehicle.nissan.micra,0.0,0.0
42.98,vehicle.nissan.micra,0.0,0.0
43.0,vehicle.nissan.micra,0.0,0.0
43.14,vehicle.nissan.micra,0.0,0.0
43.24,vehicle.nissan.micra,0.0,0.0
43.3,vehicle.nissan.micra,0.0,0.0
43.4,vehicle.nissan.micra,0.0,0.0
43.57,vehicle.nissan.micra,0.0,0.0
43.6,vehicle.nissan.micra,0.0,0.0
43.75,vehicle.nissan.micra,0.0,0.0
43.87,vehicle.nissan.micra,0.0,0.0
43.95,vehicle.nissan.micra,0.0,0.0
44.06,vehicle.nissan.micra,0.0,0.0
44.12,vehicle.nissan.micra,0.0,0.0
44.32,vehicle.nissan.micra,0.0,0.0
44.32,vehicle.nissan.micra,0.0,0.0
44.49,vehicle.nissan.micra,0.0,0.0
44.55,vehicle.nissan.micra,0.0,0.0
44.65,vehicle.nissan.micra,0.0,0.0
44.7,vehicle.nissan.micra,0.0,0.0
44.88,vehicle.nissan.micra,0.0,0.0
44.97,vehicle.nissan.micra,0.0,0.0
45.1,vehicle.nissan.micra,0.0,0.0
45.1,vehicle.nissan.micra,0.0,0.0
45.2,vehicle.nissan.micra,0.0,0.0
45.34,vehicle.nissan.micra,0.0,0.0
45.48,vehicle.nissan.micra,0.0,0.0
45.5,vehicle.nissan.micra,0.0,0.0
45.62,vehicle.nissan.micra,0.0,0.0
45.82,vehicle.nissan.micra,0.0,0.0
45.83,vehicle.nissan.micra,0.0,0.0
45.9,vehicle.nissan.micra,0.0,0.0
46.08,vehicle.nissan.micra,0.0,0.0
46.18,vehicle.nissan.micra,0.0,0.0
46.2,vehicle.nissan.micra,0.0,0.0
46.3,vehicle.nissan.micra,0.0,0.0
46.44,vehicle.nissan.micra,0.0,0.0
46.54,vehicle.nissan.micra,0.0,0.0
46.69,vehicle.nissan.micra,0.0,0.0
46.74,vehicle.nissan.micra,0.0,0.0
46.83,vehicle.nissan.micra,0.0,0.0
46.94,vehicle.nissan.micra,0.0,0.0
47.01,vehicle.nissan.micra,0.0,0.0
47.1,vehicle.nissan.micra,0.0,0.0
47.23,vehicle.nissan.micra,0.0,0.0
47.38,vehicle.nissan.micra,0.0,0.0
47.4,vehicle.nissan.micra,0.0,0.0
47.61,vehicle.nissan.micra,0.0,0.0
47.61,vehicle.nissan.micra,0.0,0.0
47.71,vehicle.nissan.micra,0.0,0.0
47.8,vehicle.nissan.micra,0.0,0.0
47.99,vehicle.nissan.micra,0.0,0.0
48.04,vehicle.nissan.micra,0.0,0.0
48.19,vehicle.nissan.micra,0.0,0.0
48.24,vehicle.nissan.micra,0.0,0.0
48.3,vehicle.nissan.micra,0.0,0.0
48.4,vehicle.nissan.micra,0.0,0.0
48.5,vehicle.nissan.micra,0.0,0.0
48.64,vehicle.nissan.micra,0.0,0.0
48.75,vehicle.nissan.micra,0.0,0.0
48.8,vehicle.nissan.micra,0.0,0.0
48.95,vehicle.nissan.micra,0.0,0.0
49.09,vehicle.nissan.micra,0.0,0.0
49.14,vehicle.nissan.micra,0.0,0.0
49.25,vehicle.nissan.micra,0.0,0.0
49.38,vehicle.nissan.micra,0.0,0.0
49.4,vehicle.nissan.micra,0.0,0.0
49.56,vehicle.nissan.micra,0.0,0.0
49.61,vehicle.nissan.micra,0.0,0.0
49.79,vehicle.nissan.micra,0.0,0.0
49.84,vehicle.nissan.micra,0.0,0.0
49.9,vehicle.nissan.micra,0.0,0.0
50.05,vehicle.nissan.micra,0.0,0.0
50.1,vehicle.nissan.micra,0.0,0.0
50.28,vehicle.nissan.micra,0.0,0.0
50.34,vehicle.nissan.micra,0.0,0.0
50.46,vehicle.nissan.micra,0.0,0.0
50.5,vehicle.nissan.micra,0.0,0.0
50.64,vehicle.nissan.micra,0.0,0.0
50.7,vehicle.nissan.micra,0.0,0.0
50.8,vehicle.nissan.micra,0.0,0.0
50.94,vehicle.nissan.micra,0.0,0.0
51.0,vehicle.nissan.micra,0.0,0.0
51.1,vehicle.nissan.micra,0.0,0.0
51.25,vehicle.nissan.micra,0.0,0.0
51.38,vehicle.nissan.micra,0.0,0.0
51.47,vehicle.nissan.micra,0.0,0.0
51.54,vehicle.nissan.micra,0.0,0.0
51.6,vehicle.nissan.micra,0.0,0.0
51.75,vehicle.nissan.micra,0.0,0.0
51.85,vehicle.nissan.micra,0.0,0.0
51.99,vehicle.nissan.micra,0.0,0.0
52.0,vehicle.nissan.micra,0.0,0.0
52.17,vehicle.nissan.micra,0.0,0.0
52.2,vehicle.nissan.micra,0.0,0.0
52.35,vehicle.nissan.micra,0.0,0.0
52.45,vehicle.nissan.micra,0.0,0.0
52.5,vehicle.nissan.micra,0.0,0.0
52.62,vehicle.nissan.micra,0.0,0.0
52.75,vehicle.nissan.micra,0.0,0.0
52.82,vehicle.nissan.micra,0.0,0.0
52.95,vehicle.nissan.micra,0.0,0.0
53.08,vehicle.nissan.micra,0.0,0.0
53.23,vehicle.nissan.micra,0.0,0.0
53.23,vehicle.nissan.micra,0.0,0.0
53.32,vehicle.nissan.micra,0.0,0.0
53.45,vehicle.nissan.micra,0.0,0.0
53.6,vehicle.nissan.micra,0.0,0.0
53.65,vehicle.nissan.micra,0.0,0.0
53.74,vehicle.nissan.micra,0.0,0.0
53.84,vehicle.nissan.micra,0.0,0.0
53.97,vehicle.nissan.micra,0.0,0.0
54.02,vehicle.nissan.micra,0.0,0.0
54.1,vehicle.nissan.micra,0.0,0.0
54.24,vehicle.nissan.micra,0.0,0.0
54.37,vehicle.nissan.micra,0.0,0.0
54.42,vehicle.nissan.micra,0.0,0.0
54.55,vehicle.nissan.micra,0.0,0.0
54.64,vehicle.nissan.micra,0.0,0.0
54.78,vehicle.nissan.micra,0.0,0.0
54.83,vehicle.nissan.micra,0.0,0.0
54.91,vehicle.nissan.micra,0.0,0.0
55.05,vehicle.nissan.micra,0.0,0.0
55.1,vehicle.nissan.micra,0.0,0.0
55.29,vehicle.nissan.micra,0.0,0.0
55.34,vehicle.nissan.micra,0.0,0.0
55.44,vehicle.nissan.micra,0.0,0.0
55.55,vehicle.nissan.micra,0.0,0.0
55.69,vehicle.nissan.micra,0.0,0.0
55.79,vehicle.nissan.micra,0.0,0.0
55.85,vehicle.nissan.micra,0.0,0.0
55.98,vehicle.nissan.micra,0.0,0.0
56.0,vehicle.nissan.micra,0.0,0.0
56.18,vehicle.nissan.micra,0.0,0.0
56.25,vehicle.nissan.micra,0.0,0.0
56.38,vehicle.nissan.micra,0.0,0.0
56.42,vehicle.nissan.micra,0.0,0.0
56.5,vehicle.nissan.micra,0.0,0.0
56.71,vehicle.nissan.micra,0.0,0.0
56.8,vehicle.nissan.micra,0.0,0.0
56.85,vehicle.nissan.micra,0.0,0.0
56.92,vehicle.nissan.micra,0.0,0.0
57.09,vehicle.nissan.micra,0.0,0.0
57.14,vehicle.nissan.micra,0.0,0.0
57.24,vehicle.nissan.micra,0.0,0.0
57.3,vehicle.nissan.micra,0.0,0.0
57.45,vehicle.nissan.micra,0.0,0.0
57.5,vehicle.nissan.micra,0.0,0.0
57.61,vehicle.nissan.micra,0.0,0.0
57.72,vehicle.nissan.micra,0.0,0.0
57.81,vehicle.nissan.micra,0.0,0.0
57.99,vehicle.nissan.micra,0.0,0.0
58.04,vehicle.nissan.micra,0.0,0.0
58.14,vehicle.nissan.micra,0.005601671855675869,0.0
58.2,vehicle.nissan.micra,0.0020191719476633954,0.0
58.39,vehicle.nissan.micra,0.0029873103299746222,0.0
58.44,vehicle.nissan.micra,0.003251794417185118,0.0
58.57,vehicle.nissan.micra,0.0,0.0
58.61,vehicle.nissan.micra,0.0,0.0
58.77,vehicle.nissan.micra,0.0,0.0
58.88,vehicle.nissan.micra,0.0,0.0
58.93,vehicle.nissan.micra,0.005334765731668088,0.0
59.03,vehicle.nissan.micra,0.0007910268074886248,0.0
59.22,vehicle.nissan.micra,0.0007485206946765198,0.0
59.22,vehicle.nissan.micra,0.0007485206946765198,0.0
59.35,vehicle.nissan.micra,0.0004054205679526074,0.0
59.44,vehicle.nissan.micra,0.004244307506924637,0.0
59.54,vehicle.nissan.micra,0.0008492111792455544,0.0
59.64,vehicle.nissan.micra,0.0024922299910875878,0.0
59.73,vehicle.nissan.micra,7.797395513075318e-05,0.0
59.81,vehicle.nissan.micra,0.00042027270064905566,0.0
59.92,vehicle.nissan.micra,0.00010088670107420816,0.0
60.06,vehicle.nissan.micra,0.0006872852845238372,0.0
60.15,vehicle.nissan.micra,0.00010307244567271388,0.0
60.22,vehicle.nissan.micra,0.0012308999591555609,0.0
60.35,vehicle.nissan.micra,0.0024313624043791286,0.0
60.49,vehicle.nissan.micra,1.1429051582352407,0.0
60.59,vehicle.nissan.micra,1.8351274965577937,0.0
60.64,vehicle.nissan.micra,2.059335765544335,0.0
60.73,vehicle.nissan.micra,2.5569730779888973,0.0
60.84,vehicle.nissan.micra,3.1499575530718182,0.0
60.9,vehicle.nissan.micra,3.3466124249594453,0.0
61.11,vehicle.nissan.micra,4.4175965117419285,0.0
61.12,vehicle.nissan.micra,4.4175965117419285,0.0
61.25,vehicle.nissan.micra,5.020285481611839,0.0
61.3,vehicle.nissan.micra,5.209772414143991,0.0
61.47,vehicle.nissan.micra,6.1206830595923,0.0
61.55,vehicle.nissan.micra,6.576289610114639,0.0
61.65,vehicle.nissan.micra,6.967734803684048,0.0
61.74,vehicle.nissan.micra,7.410018588359721,0.0
61.84,vehicle.nissan.micra,7.8115701955486045,0.0
61.98,vehicle.nissan.micra,7.896102162144843,0.0
62.0,vehicle.nissan.micra,7.896102162144843,0.0
62.15,vehicle.nissan.micra,7.817674299646452,0.0
62.24,vehicle.nissan.micra,7.765315612754375,0.0
62.3,vehicle.nissan.micra,7.736539038402966,0.0
62.45,vehicle.nissan.micra,8.283394234808117,0.0
62.56,vehicle.nissan.micra,8.927657418570899,0.0
62.64,vehicle.nissan.micra,9.526887469727084,0.0
62.7,vehicle.nissan.micra,9.78879801887784,0.0
62.89,vehicle.nissan.micra,10.855370640652275,0.0
62.94,vehicle.nissan.micra,10.855370640652275,0.0
63.07,vehicle.nissan.micra,11.627487092035441,0.0
63.17,vehicle.nissan.micra,11.980795950021328,0.0
63.26,vehicle.nissan.micra,12.337626200741159,0.0
63.34,vehicle.nissan.micra,12.809067897992831,0.0
63.49,vehicle.nissan.micra,13.751561867085723,0.0
63.5,vehicle.nissan.micra,13.751561867085723,0.0
63.66,vehicle.nissan.micra,14.384408795932341,0.0
63.75,vehicle.nissan.micra,14.82770153686107,0.0
63.8,vehicle.nissan.micra,15.024947895537377,0.0
63.95,vehicle.nissan.micra,15.521239159901265,0.0
64.01,vehicle.nissan.micra,15.49223523222847,0.0
64.15,vehicle.nissan.micra,15.309746912734084,0.0
64.24,vehicle.nissan.micra,15.146116650854843,0.0
64.3,vehicle.nissan.micra,15.054561654229632,0.0
64.49,vehicle.nissan.micra,14.955616971089455,0.0
64.55,vehicle.nissan.micra,14.93469371676713,0.0
64.72,vehicle.nissan.micra,14.24750110148136,0.0
64.77,vehicle.nissan.micra,14.15635039142845,0.0
64.85,vehicle.nissan.micra,13.854222033345758,0.0
64.93,vehicle.nissan.micra,13.107994070727832,0.0
65.07,vehicle.nissan.micra,11.22273390609325,0.0
65.17,vehicle.nissan.micra,9.888977944979695,0.0
65.2,vehicle.nissan.micra,9.888977944979695,0.0
65.35,vehicle.nissan.micra,6.964880884918698,0.0
65.44,vehicle.nissan.micra,5.42744974119914,0.0
65.5,vehicle.nissan.micra,4.656603188256661,0.0
65.67,vehicle.nissan.micra,3.895675837801364,0.0
65.71,vehicle.nissan.micra,3.8322149294158705,0.0
65.86,vehicle.nissan.micra,3.6481939367477896,0.0
65.96,vehicle.nissan.micra,3.527024696807756,0.0
66.04,vehicle.nissan.micra,3.498272693086002,0.0
66.14,vehicle.nissan.micra,3.4875752472066606,0.0
66.29,vehicle.nissan.micra,3.451661216129325,0.0
66.39,vehicle.nissan.micra,3.385148439267455,0.0
66.4,vehicle.nissan.micra,3.385148439267455,0.0
66.54,vehicle.nissan.micra,2.967346503511538,0.0
66.6,vehicle.nissan.micra,2.904114107057043,0.0
66.79,vehicle.nissan.micra,2.985868344280158,0.0
66.84,vehicle.nissan.micra,3.054426978634588,0.0
66.97,vehicle.nissan.micra,3.243057695506114,0.0
67.04,vehicle.nissan.micra,3.4159169200947717,0.0
67.18,vehicle.nissan.micra,3.865991476703331,0.0
67.25,vehicle.nissan.micra,4.0814067886677075,0.0
67.34,vehicle.nissan.micra,4.418552070145607,0.0
67.47,vehicle.nissan.micra,4.94343955555069,0.0
67.56,vehicle.nissan.micra,5.346945369829,0.0
67.61,vehicle.nissan.micra,5.5214075574100026,0.0
67.76,vehicle.nissan.micra,6.095919783238435,0.0
67.85,vehicle.nissan.micra,6.072877516451172,0.0
67.9,vehicle.nissan.micra,5.994341000311777,0.0
68.12,vehicle.nissan.micra,5.950014977510958,0.0
68.21,vehicle.nissan.micra,5.946091150696695,0.0
68.21,vehicle.nissan.micra,5.946091150696695,0.0
68.3,vehicle.nissan.micra,5.896551570931547,0.0
68.44,vehicle.nissan.micra,5.884177974233331,0.0
68.59,vehicle.nissan.micra,4.874143302417654,0.0
68.68,vehicle.nissan.micra,4.151077057370263,0.0
68.7,vehicle.nissan.micra,4.151077057370263,0.0
68.8,vehicle.nissan.micra,3.74067558489386,0.0
68.99,vehicle.nissan.micra,3.42764059390574,0.0
69.05,vehicle.nissan.micra,3.418202341819729,0.0
69.13,vehicle.nissan.micra,3.3114957278712978,0.0
69.27,vehicle.nissan.micra,3.0203992589026787,0.0
69.36,vehicle.nissan.micra,2.789472881333101,0.0
69.51,vehicle.nissan.micra,2.4235036160313257,0.0
69.55,vehicle.nissan.micra,2.37381741112974,0.0
69.69,vehicle.nissan.micra,2.213747273858416,0.0
69.73,vehicle.nissan.micra,2.149762338596182,0.0
69.83,vehicle.nissan.micra,2.1302238627559347,0.0
69.96,vehicle.nissan.micra,2.1497458234758957,0.0
70.0,vehicle.nissan.micra,2.176169916270075,0.0
70.19,vehicle.nissan.micra,2.3702421295886635,0.0
70.2,vehicle.nissan.micra,2.3702421295886635,0.0
70.39,vehicle.nissan.micra,2.724024844095413,0.0
70.44,vehicle.nissan.micra,2.922165206186431,0.0
70.55,vehicle.nissan.micra,3.0995474650324377,0.0
70.6,vehicle.nissan.micra,3.3141948755530324,0.0
70.71,vehicle.nissan.micra,3.687505130303885,0.0
70.93,vehicle.nissan.micra,3.978887660161326,0.0
70.99,vehicle.nissan.micra,3.966709534699235,0.0
71.08,vehicle.nissan.micra,3.9551154983544663,0.0
71.18,vehicle.nissan.micra,3.936735488898781,0.0
71.23,vehicle.nissan.micra,3.936735488898781,0.0
71.32,vehicle.nissan.micra,3.982758810499455,0.0
71.41,vehicle.nissan.micra,4.4879583542938795,0.0
71.51,vehicle.nissan.micra,5.215473959675723,0.0
71.65,vehicle.nissan.micra,5.95889627785356,0.0
71.79,vehicle.nissan.micra,6.8242012280731945,0.0
71.88,vehicle.nissan.micra,7.33190476156616,0.0
71.92,vehicle.nissan.micra,7.496601957630861,0.0
72.11,vehicle.nissan.micra,8.43639157902261,0.0
72.21,vehicle.nissan.micra,8.470623346251951,0.0
72.21,vehicle.nissan.micra,8.470623346251951,0.0
72.39,vehicle.nissan.micra,7.974351372806015,0.0
72.44,vehicle.nissan.micra,7.868710947582903,0.0
72.58,vehicle.nissan.micra,7.222364945112781,0.0
72.63,vehicle.nissan.micra,7.106098767465661,0.0
72.77,vehicle.nissan.micra,6.485926785531232,0.0
72.82,vehicle.nissan.micra,6.311846128032111,0.0
73.01,vehicle.nissan.micra,4.418784383433142,0.0
73.06,vehicle.nissan.micra,4.401598453515435,0.0
73.15,vehicle.nissan.micra,4.388771879161206,0.0
73.24,vehicle.nissan.micra,4.374375715368967,0.0
73.34,vehicle.nissan.micra,4.125079063415347,0.0
73.47,vehicle.nissan.micra,3.3884233088119853,0.0
73.5,vehicle.nissan.micra,3.187753186538873,0.0
73.6,vehicle.nissan.micra,2.8257222890044718,0.0
73.74,vehicle.nissan.micra,2.2826489512327837,0.0
73.88,vehicle.nissan.micra,1.9583095242773612,0.0
73.97,vehicle.nissan.micra,1.6845979555198227,0.0
74.08,vehicle.nissan.micra,1.4619114591006281,0.0
74.1,vehicle.nissan.micra,1.4619114591006281,0.0
74.25,vehicle.nissan.micra,1.3960136852852136,0.0
74.34,vehicle.nissan.micra,1.1772245376283623,0.0
74.45,vehicle.nissan.micra,1.0380181590757458,0.0
74.54,vehicle.nissan.micra,0.9365878679074553,0.0
74.61,vehicle.nissan.micra,0.8510489542946309,0.0
74.7,vehicle.nissan.micra,0.698056159860646,0.0
74.89,vehicle.nissan.micra,0.2457031967969718,0.0
74.99,vehicle.nissan.micra,0.1265504359765394,0.0
75.01,vehicle.nissan.micra,0.1265504359765394,0.0
75.16,vehicle.nissan.micra,0.3193502198114223,0.0
75.21,vehicle.nissan.micra,0.34197476804485694,0.0
75.37,vehicle.nissan.micra,0.31409218183992793,0.0
75.47,vehicle.nissan.micra,0.2004315699223246,0.0
75.61,vehicle.nissan.micra,0.08735698501145144,0.0
75.61,vehicle.nissan.micra,0.08735698501145144,0.0
75.71,vehicle.nissan.micra,0.10464175663557056,0.0
75.84,vehicle.nissan.micra,0.21809456618401568,0.0
75.97,vehicle.nissan.micra,0.24762325719499304,0.0
76.05,vehicle.nissan.micra,0.2415173594963765,0.0
76.14,vehicle.nissan.micra,0.2262448186558752,0.0
76.23,vehicle.nissan.micra,0.21217042388288365,0.0
76.37,vehicle.nissan.micra,0.17625886798417084,0.0
76.42,vehicle.nissan.micra,0.16783777164396516,0.0
76.56,vehicle.nissan.micra,0.0732240964169788,0.0
76.65,vehicle.nissan.micra,0.057735459898239534,0.0
76.74,vehicle.nissan.micra,0.05890379224517063,0.0
76.87,vehicle.nissan.micra,0.04907124925951553,0.0
76.92,vehicle.nissan.micra,0.04539496276683899,0.0
77.01,vehicle.nissan.micra,0.03526151553705349,0.0
77.2,vehicle.nissan.micra,0.041694763917814515,0.0
77.29,vehicle.nissan.micra,0.6202146507134585,0.0
77.34,vehicle.nissan.micra,0.7354608421950084,0.0
77.45,vehicle.nissan.micra,0.9842561182594458,0.0
77.58,vehicle.nissan.micra,1.3807378976635805,0.0
77.63,vehicle.nissan.micra,1.4402851493569802,0.0
77.76,vehicle.nissan.micra,1.7916180620980755,0.0
77.81,vehicle.nissan.micra,1.793422491609854,0.0
77.98,vehicle.nissan.micra,1.5935317136570468,0.0
78.04,vehicle.nissan.micra,1.481138704139587,0.0
78.18,vehicle.nissan.micra,0.0018441657339373682,0.0
78.28,vehicle.nissan.micra,0.002049631806250696,0.0
78.32,vehicle.nissan.micra,0.0049962375121373435,0.0
78.41,vehicle.nissan.micra,0.0017612545740960646,0.0
78.5,vehicle.nissan.micra,0.0006693436367476813,0.0
78.65,vehicle.nissan.micra,0.0,0.0
78.73,vehicle.nissan.micra,0.0,0.0
78.83,vehicle.nissan.micra,0.0,0.0
78.95,vehicle.nissan.micra,0.0,0.0
79.09,vehicle.nissan.micra,0.0,0.0
79.15,vehicle.nissan.micra,0.0,0.0
79.28,vehicle.nissan.micra,0.0,0.0
79.33,vehicle.nissan.micra,0.0,0.0
79.41,vehicle.nissan.micra,0.0,0.0
79.56,vehicle.nissan.micra,0.0,0.0
79.65,vehicle.nissan.micra,0.0,0.0
79.77,vehicle.nissan.micra,0.0,0.0
79.81,vehicle.nissan.micra,0.0,0.0
79.9,vehicle.nissan.micra,0.0,0.0
80.05,vehicle.nissan.micra,0.0,0.0
80.13,vehicle.nissan.micra,0.0,0.0
80.28,vehicle.nissan.micra,0.0,0.0
80.34,vehicle.nissan.micra,0.0,0.0
80.47,vehicle.nissan.micra,0.0,0.0
80.56,vehicle.nissan.micra,0.0,0.0
80.61,vehicle.nissan.micra,0.0,0.0
80.7,vehicle.nissan.micra,0.0,0.0
80.87,vehicle.nissan.micra,0.0,0.0
80.95,vehicle.nissan.micra,0.0,0.0
81.05,vehicle.nissan.micra,0.0,0.0
81.14,vehicle.nissan.micra,0.0,0.0
81.26,vehicle.nissan.micra,0.0,0.0
81.35,vehicle.nissan.micra,0.0,0.0
81.45,vehicle.nissan.micra,0.0,0.0
81.5,vehicle.nissan.micra,0.0,0.0
81.68,vehicle.nissan.micra,0.0,0.0
81.73,vehicle.nissan.micra,0.0,0.0
81.84,vehicle.nissan.micra,0.0,0.0
81.94,vehicle.nissan.micra,0.0,0.0
82.04,vehicle.nissan.micra,0.0,0.0
82.16,vehicle.nissan.micra,0.0,0.0
82.25,vehicle.nissan.micra,0.0,0.0
82.37,vehicle.nissan.micra,0.0,0.0
82.4,vehicle.nissan.micra,0.0,0.0
82.57,vehicle.nissan.micra,0.0,0.0
82.67,vehicle.nissan.micra,0.0,0.0
82.78,vehicle.nissan.micra,0.0,0.0
82.87,vehicle.nissan.micra,0.0,0.0
82.96,vehicle.nissan.micra,0.0,0.0
83.07,vehicle.nissan.micra,0.0,0.0
83.12,vehicle.nissan.micra,0.0,0.0
83.26,vehicle.nissan.micra,0.0,0.0
83.35,vehicle.nissan.micra,0.0,0.0
83.48,vehicle.nissan.micra,0.0,0.0
83.54,vehicle.nissan.micra,0.0,0.0
83.63,vehicle.nissan.micra,0.0,0.0
83.74,vehicle.nissan.micra,0.0,0.0
83.85,vehicle.nissan.micra,0.0,0.0
83.96,vehicle.nissan.micra,0.0,0.0
84.05,vehicle.nissan.micra,0.0,0.0
84.18,vehicle.nissan.micra,0.0,0.0
84.27,vehicle.nissan.micra,0.0,0.0
84.36,vehicle.nissan.micra,0.0,0.0
84.46,vehicle.nissan.micra,0.0,0.0
84.51,vehicle.nissan.micra,0.0,0.0
84.65,vehicle.nissan.micra,0.0,0.0
84.74,vehicle.nissan.micra,0.0,0.0
84.84,vehicle.nissan.micra,0.0,0.0
84.93,vehicle.nissan.micra,0.0,0.0
85.07,vehicle.nissan.micra,0.0,0.0
85.16,vehicle.nissan.micra,0.0,0.0
85.28,vehicle.nissan.micra,0.0,0.0
85.32,vehicle.nissan.micra,0.0,0.0
85.41,vehicle.nissan.micra,0.0,0.0
85.6,vehicle.nissan.micra,0.0,0.0
85.64,vehicle.nissan.micra,0.0,0.0
85.74,vehicle.nissan.micra,0.0,0.0
85.84,vehicle.nissan.micra,0.0,0.0
85.93,vehicle.nissan.micra,0.0,0.0
86.07,vehicle.nissan.micra,0.0,0.0
86.16,vehicle.nissan.micra,0.0,0.0
86.2,vehicle.nissan.micra,0.0,0.0
86.36,vehicle.nissan.micra,0.0,0.0
86.45,vehicle.nissan.micra,0.0,0.0
86.54,vehicle.nissan.micra,0.0,0.0
86.6,vehicle.nissan.micra,0.0,0.0
86.7,vehicle.nissan.micra,0.0,0.0
86.8,vehicle.nissan.micra,0.0,0.0
86.98,vehicle.nissan.micra,0.0,0.0
87.03,vehicle.nissan.micra,0.0,0.0
87.1,vehicle.nissan.micra,0.0,0.0
87.2,vehicle.nissan.micra,0.0,0.0
87.36,vehicle.nissan.micra,0.0,0.0
87.46,vehicle.nissan.micra,0.0,0.0
87.55,vehicle.nissan.micra,0.0,0.0
87.64,vehicle.nissan.micra,0.0,0.0
87.76,vehicle.nissan.micra,0.0,0.0
87.85,vehicle.nissan.micra,0.0,0.0
87.95,vehicle.nissan.micra,0.0,0.0
88.0,vehicle.nissan.micra,0.0,0.0
88.18,vehicle.nissan.micra,0.0,0.0
88.2,vehicle.nissan.micra,0.0,0.0
88.35,vehicle.nissan.micra,0.0,0.0
88.48,vehicle.nissan.micra,0.0,0.0
88.54,vehicle.nissan.micra,0.0,0.0
88.68,vehicle.nissan.micra,0.0,0.0
88.75,vehicle.nissan.micra,0.0,0.0
88.88,vehicle.nissan.micra,0.0,0.0
88.98,vehicle.nissan.micra,0.0,0.0
89.07,vehicle.nissan.micra,0.0,0.0
89.11,vehicle.nissan.micra,0.0,0.0
89.26,vehicle.nissan.micra,0.0,0.0
89.35,vehicle.nissan.micra,0.0,0.0
89.44,vehicle.nissan.micra,0.0,0.0
89.58,vehicle.nissan.micra,0.0,0.0
89.67,vehicle.nissan.micra,0.0,0.0
89.75,vehicle.nissan.micra,0.0,0.0
89.88,vehicle.nissan.micra,0.0,0.0
89.97,vehicle.nissan.micra,0.0,0.0
90.06,vehicle.nissan.micra,0.0,0.0
90.15,vehicle.nissan.micra,0.0,0.0
90.24,vehicle.nissan.micra,0.0,0.0
90.34,vehicle.nissan.micra,0.0,0.0
90.43,vehicle.nissan.micra,0.0,0.0
90.56,vehicle.nissan.micra,0.0,0.0
90.64,vehicle.nissan.micra,0.0,0.0
90.73,vehicle.nissan.micra,0.0,0.0
90.88,vehicle.nissan.micra,0.0,0.0
90.97,vehicle.nissan.micra,0.0,0.0
91.06,vehicle.nissan.micra,0.0,0.0
91.17,vehicle.nissan.micra,0.0,0.0
91.25,vehicle.nissan.micra,0.0,0.0
91.34,vehicle.nissan.micra,0.0,0.0
91.5,vehicle.nissan.micra,0.0,0.0
91.5,vehicle.nissan.micra,0.0,0.0
91.64,vehicle.nissan.micra,0.0,0.0
91.8,vehicle.nissan.micra,0.0,0.0
91.85,vehicle.nissan.micra,0.0,0.0
91.99,vehicle.nissan.micra,0.0,0.0
92.04,vehicle.nissan.micra,0.0,0.0
92.18,vehicle.nissan.micra,0.0,0.0
92.25,vehicle.nissan.micra,0.0,0.0
92.39,vehicle.nissan.micra,0.0,0.0
92.43,vehicle.nissan.micra,0.0,0.0
92.54,vehicle.nissan.micra,0.0,0.0
92.63,vehicle.nissan.micra,0.0,0.0
92.78,vehicle.nissan.micra,0.0,0.0
92.83,vehicle.nissan.micra,0.0,0.0
92.91,vehicle.nissan.micra,0.0,0.0
93.01,vehicle.nissan.micra,0.0,0.0
93.14,vehicle.nissan.micra,0.0,0.0
93.28,vehicle.nissan.micra,0.0,0.0
93.39,vehicle.nissan.micra,0.0,0.0
93.43,vehicle.nissan.micra,0.0,0.0
93.52,vehicle.nissan.micra,0.0,0.0
93.65,vehicle.nissan.micra,0.0,0.0
93.76,vehicle.nissan.micra,0.0,0.0
93.85,vehicle.nissan.micra,0.0,0.0
93.95,vehicle.nissan.micra,0.0,0.0
94.05,vehicle.nissan.micra,0.0,0.0
94.14,vehicle.nissan.micra,0.0,0.0
94.24,vehicle.nissan.micra,0.0,0.0
94.3,vehicle.nissan.micra,0.0,0.0
94.46,vehicle.nissan.micra,0.0,0.0
94.55,vehicle.nissan.micra,0.0,0.0
94.64,vehicle.nissan.micra,0.0,0.0
94.77,vehicle.nissan.micra,0.0,0.0
94.84,vehicle.nissan.micra,0.0,0.0
95.02,vehicle.nissan.micra,0.0,0.0
95.07,vehicle.nissan.micra,0.0,0.0
95.1,vehicle.nissan.micra,0.0,0.0
95.21,vehicle.nissan.micra,0.0,0.0
95.37,vehicle.nissan.micra,0.0,0.0
95.41,vehicle.nissan.micra,0.0,0.0
95.59,vehicle.nissan.micra,0.0,0.0
95.64,vehicle.nissan.micra,0.0,0.0
95.78,vehicle.nissan.micra,0.0,0.0
95.87,vehicle.nissan.micra,0.0,0.0
95.91,vehicle.nissan.micra,0.0,0.0
96.05,vehicle.nissan.micra,0.0,0.0
96.19,vehicle.nissan.micra,0.0,0.0
96.23,vehicle.nissan.micra,0.0,0.0
96.32,vehicle.nissan.micra,0.0,0.0
96.52,vehicle.nissan.micra,0.0,0.0
96.57,vehicle.nissan.micra,0.0,0.0
96.65,vehicle.nissan.micra,0.0,0.0
96.75,vehicle.nissan.micra,0.0,0.0
96.84,vehicle.nissan.micra,0.0,0.0
96.93,vehicle.nissan.micra,0.0,0.0
97.02,vehicle.nissan.micra,0.0,0.0
97.1,vehicle.nissan.micra,0.0,0.0
97.23,vehicle.nissan.micra,0.0,0.0
97.34,vehicle.nissan.micra,0.0,0.0
97.44,vehicle.nissan.micra,0.0,0.0
97.55,vehicle.nissan.micra,0.0,0.0
97.66,vehicle.nissan.micra,0.0,0.0
97.75,vehicle.nissan.micra,0.0,0.0
97.89,vehicle.nissan.micra,0.0,0.0
97.94,vehicle.nissan.micra,0.0,0.0
98.08,vehicle.nissan.micra,0.0,0.0
98.17,vehicle.nissan.micra,0.0,0.0
98.25,vehicle.nissan.micra,0.0,0.0
98.36,vehicle.nissan.micra,0.0,0.0
98.45,vehicle.nissan.micra,0.0,0.0
98.59,vehicle.nissan.micra,0.0,0.0
98.63,vehicle.nissan.micra,0.0,0.0
98.7,vehicle.nissan.micra,0.0,0.0
98.88,vehicle.nissan.micra,0.0,0.0
98.93,vehicle.nissan.micra,0.0,0.0
99.04,vehicle.nissan.micra,0.0,0.0
99.14,vehicle.nissan.micra,0.0,0.0
99.32,vehicle.nissan.micra,0.0,0.0
99.32,vehicle.nissan.micra,0.0,0.0
99.4,vehicle.nissan.micra,0.0,0.0
99.61,vehicle.nissan.micra,0.0,0.0
99.65,vehicle.nissan.micra,0.0,0.0
99.75,vehicle.nissan.micra,0.0,0.0
99.85,vehicle.nissan.micra,0.0,0.0
99.95,vehicle.nissan.micra,0.0,0.0
100.07,vehicle.nissan.micra,0.0,0.0
100.15,vehicle.nissan.micra,0.0,0.0
100.24,vehicle.nissan.micra,0.0,0.0
100.36,vehicle.nissan.micra,0.0,0.0
100.45,vehicle.nissan.micra,0.0,0.0
100.55,vehicle.nissan.micra,0.0,0.0
100.63,vehicle.nissan.micra,0.0,0.0
100.72,vehicle.nissan.micra,0.0,0.0
100.85,vehicle.nissan.micra,0.0,0.0
100.94,vehicle.nissan.micra,0.0,0.0
101.04,vehicle.nissan.micra,0.0,0.0
101.13,vehicle.nissan.micra,0.0,0.0
101.27,vehicle.nissan.micra,0.0,0.0
101.32,vehicle.nissan.micra,0.0,0.0
101.41,vehicle.nissan.micra,0.0,0.0
101.5,vehicle.nissan.micra,0.0,0.0
101.69,vehicle.nissan.micra,0.0,0.0
101.77,vehicle.nissan.micra,0.0,0.0
101.82,vehicle.nissan.micra,0.0,0.0
101.97,vehicle.nissan.micra,0.0,0.0
102.06,vehicle.nissan.micra,0.0,0.0
102.15,vehicle.nissan.micra,0.0,0.0
102.24,vehicle.nissan.micra,0.0,0.0
102.36,vehicle.nissan.micra,0.0,0.0
102.45,vehicle.nissan.micra,0.0,0.0
102.56,vehicle.nissan.micra,0.0,0.0
102.65,vehicle.nissan.micra,0.0,0.0
102.78,vehicle.nissan.micra,0.0,0.0
102.88,vehicle.nissan.micra,0.0,0.0
102.93,vehicle.nissan.micra,0.0,0.0
103.01,vehicle.nissan.micra,0.0,0.0
103.15,vehicle.nissan.micra,0.0,0.0
103.24,vehicle.nissan.micra,0.0,0.0
103.33,vehicle.nissan.micra,0.0,0.0
103.45,vehicle.nissan.micra,0.0,0.0
103.53,vehicle.nissan.micra,0.0,0.0
103.64,vehicle.nissan.micra,0.0,0.0
103.74,vehicle.nissan.micra,0.0,0.0
103.84,vehicle.nissan.micra,0.0,0.0
103.98,vehicle.nissan.micra,0.0,0.0
104.02,vehicle.nissan.micra,0.0,0.0
104.15,vehicle.nissan.micra,0.0,0.0
104.24,vehicle.nissan.micra,0.0,0.0
104.33,vehicle.nissan.micra,0.0,0.0
104.4,vehicle.nissan.micra,0.0,0.0
104.55,vehicle.nissan.micra,0.0,0.0
104.69,vehicle.nissan.micra,0.0,0.0
104.7,vehicle.nissan.micra,0.0,0.0
104.87,vehicle.nissan.micra,0.0,0.0
104.96,vehicle.nissan.micra,0.0,0.0
105.0,vehicle.nissan.micra,0.0,0.0
105.14,vehicle.nissan.micra,0.0,0.0
105.25,vehicle.nissan.micra,0.0,0.0
105.37,vehicle.nissan.micra,0.0,0.0
105.46,vehicle.nissan.micra,0.0,0.0
105.5,vehicle.nissan.micra,0.0,0.0
105.68,vehicle.nissan.micra,0.0,0.0
105.77,vehicle.nissan.micra,0.0,0.0
105.88,vehicle.nissan.micra,0.0,0.0
105.94,vehicle.nissan.micra,0.0,0.0
106.06,vehicle.nissan.micra,0.0,0.0
106.11,vehicle.nissan.micra,0.0,0.0
106.25,vehicle.nissan.micra,0.0,0.0
106.34,vehicle.nissan.micra,0.0,0.0
106.47,vehicle.nissan.micra,0.0,0.0
106.56,vehicle.nissan.micra,0.0,0.0
106.66,vehicle.nissan.micra,0.0,0.0
106.75,vehicle.nissan.micra,0.0,0.0
106.88,vehicle.nissan.micra,0.0,0.0
106.93,vehicle.nissan.micra,0.0,0.0
107.07,vehicle.nissan.micra,0.0,0.0
107.16,vehicle.nissan.micra,0.0,0.0
107.25,vehicle.nissan.micra,0.0,0.0
107.39,vehicle.nissan.micra,0.0,0.0
107.44,vehicle.nissan.micra,0.0,0.0
107.57,vehicle.nissan.micra,0.0,0.0
107.66,vehicle.nissan.micra,0.0,0.0
107.73,vehicle.nissan.micra,0.0,0.0
107.84,vehicle.nissan.micra,0.0,0.0
107.95,vehicle.nissan.micra,0.0,0.0
108.08,vehicle.nissan.micra,0.0,0.0
108.13,vehicle.nissan.micra,0.0,0.0
108.29,vehicle.nissan.micra,0.0,0.0
108.33,vehicle.nissan.micra,0.0,0.0
108.42,vehicle.nissan.micra,0.0,0.0
108.58,vehicle.nissan.micra,0.0,0.0
108.67,vehicle.nissan.micra,0.0,0.0
108.83,vehicle.nissan.micra,0.0,0.0
108.87,vehicle.nissan.micra,0.0,0.0
108.96,vehicle.nissan.micra,0.0,0.0
109.01,vehicle.nissan.micra,0.0,0.0
109.16,vehicle.nissan.micra,0.0,0.0
109.26,vehicle.nissan.micra,0.0,0.0
109.36,vehicle.nissan.micra,0.0,0.0
109.45,vehicle.nissan.micra,0.0,0.0
109.55,vehicle.nissan.micra,0.0,0.0
109.64,vehicle.nissan.micra,0.0,0.0
109.78,vehicle.nissan.micra,0.0,0.0
109.83,vehicle.nissan.micra,0.0,0.0
109.97,vehicle.nissan.micra,0.0,0.0
110.06,vehicle.nissan.micra,0.0,0.0
110.15,vehicle.nissan.micra,0.0,0.0
110.2,vehicle.nissan.micra,0.0,0.0
110.34,vehicle.nissan.micra,0.0,0.0
110.43,vehicle.nissan.micra,0.0,0.0
110.58,vehicle.nissan.micra,0.0,0.0
110.67,vehicle.nissan.micra,0.0,0.0
110.76,vehicle.nissan.micra,0.0,0.0
110.85,vehicle.nissan.micra,0.0,0.0
110.94,vehicle.nissan.micra,0.0,0.0
111.03,vehicle.nissan.micra,0.0,0.0
111.17,vehicle.nissan.micra,0.0,0.0
111.25,vehicle.nissan.micra,0.0,0.0
111.38,vehicle.nissan.micra,0.0,0.0
111.44,vehicle.nissan.micra,0.0,0.0
111.54,vehicle.nissan.micra,0.0,0.0
111.64,vehicle.nissan.micra,0.0,0.0
111.75,vehicle.nissan.micra,0.0,0.0
111.84,vehicle.nissan.micra,0.0,0.0
111.9,vehicle.nissan.micra,0.0,0.0
112.05,vehicle.nissan.micra,0.0,0.0
112.15,vehicle.nissan.micra,0.0,0.0
112.28,vehicle.nissan.micra,0.0,0.0
112.38,vehicle.nissan.micra,0.0,0.0
112.47,vehicle.nissan.micra,0.0,0.0
112.51,vehicle.nissan.micra,0.0,0.0
112.62,vehicle.nissan.micra,0.0,0.0
112.75,vehicle.nissan.micra,0.0,0.0
112.86,vehicle.nissan.micra,0.0,0.0
112.91,vehicle.nissan.micra,0.0,0.0
113.08,vehicle.nissan.micra,0.0,0.0
113.13,vehicle.nissan.micra,0.0,0.0
113.33,vehicle.nissan.micra,0.0,0.0
113.37,vehicle.nissan.micra,0.0,0.0
113.42,vehicle.nissan.micra,0.0,0.0
113.59,vehicle.nissan.micra,0.0,0.0
113.63,vehicle.nissan.micra,0.0,0.0
113.7,vehicle.nissan.micra,0.0,0.0
113.94,vehicle.nissan.micra,0.0,0.0
113.99,vehicle.nissan.micra,0.0,0.0
114.04,vehicle.nissan.micra,0.0,0.0
114.1,vehicle.nissan.micra,0.0,0.0
114.28,vehicle.nissan.micra,0.0,0.0
114.33,vehicle.nissan.micra,0.0,0.0
114.45,vehicle.nissan.micra,0.0,0.0
114.58,vehicle.nissan.micra,0.0,0.0
114.68,vehicle.nissan.micra,0.0,0.0
114.77,vehicle.nissan.micra,0.0,0.0
114.87,vehicle.nissan.micra,0.0,0.0
114.94,vehicle.nissan.micra,0.0,0.0
115.09,vehicle.nissan.micra,0.0,0.0
115.21,vehicle.nissan.micra,0.0,0.0
115.21,vehicle.nissan.micra,0.0,0.0
115.31,vehicle.nissan.micra,0.0,0.0
115.42,vehicle.nissan.micra,0.0,0.0
115.53,vehicle.nissan.micra,0.0,0.0
115.6,vehicle.nissan.micra,0.0,0.0
115.78,vehicle.nissan.micra,0.0,0.0
115.8,vehicle.nissan.micra,0.0,0.0
115.97,vehicle.nissan.micra,0.0,0.0
116.0,vehicle.nissan.micra,0.0,0.0
116.23,vehicle.nissan.micra,0.0,0.0
116.27,vehicle.nissan.micra,0.0,0.0
116.39,vehicle.nissan.micra,0.0,0.0
116.43,vehicle.nissan.micra,0.0,0.0
116.52,vehicle.nissan.micra,0.0,0.0
116.62,vehicle.nissan.micra,0.0,0.0
116.75,vehicle.nissan.micra,0.0,0.0
116.85,vehicle.nissan.micra,0.0,0.0
116.94,vehicle.nissan.micra,0.0,0.0
117.05,vehicle.nissan.micra,0.0,0.0
117.15,vehicle.nissan.micra,0.0,0.0
117.29,vehicle.nissan.micra,0.0,0.0
117.34,vehicle.nissan.micra,0.0,0.0
117.48,vehicle.nissan.micra,0.0,0.0
117.54,vehicle.nissan.micra,0.0,0.0
117.63,vehicle.nissan.micra,0.0,0.0
117.76,vehicle.nissan.micra,0.0,0.0
117.86,vehicle.nissan.micra,0.0,0.0
117.94,vehicle.nissan.micra,0.0,0.0
118.08,vehicle.nissan.micra,0.0,0.0
118.13,vehicle.nissan.micra,0.0,0.0
118.29,vehicle.nissan.micra,0.0,0.0
118.33,vehicle.nissan.micra,0.0,0.0
118.47,vehicle.nissan.micra,0.0,0.0
118.58,vehicle.nissan.micra,0.0,0.0
118.63,vehicle.nissan.micra,0.0,0.0
118.76,vehicle.nissan.micra,0.0,0.0
118.81,vehicle.nissan.micra,0.0,0.0
118.94,vehicle.nissan.micra,0.0,0.0
119.03,vehicle.nissan.micra,0.0,0.0
119.1,vehicle.nissan.micra,0.0,0.0
119.26,vehicle.nissan.micra,0.0,0.0
119.3,vehicle.nissan.micra,0.0,0.0
119.48,vehicle.nissan.micra,0.0,0.0
119.57,vehicle.nissan.micra,0.0,0.0
119.68,vehicle.nissan.micra,0.0,0.0
119.7,vehicle.nissan.micra,0.0,0.0
119.91,vehicle.nissan.micra,0.0,0.0
120.0,vehicle.nissan.micra,0.0,0.0
120.05,vehicle.nissan.micra,0.0,0.0
120.13,vehicle.nissan.micra,0.0,0.0
120.2,vehicle.nissan.micra,0.0,0.0
120.36,vehicle.nissan.micra,0.0,0.0
120.45,vehicle.nissan.micra,0.0,0.0
120.54,vehicle.nissan.micra,0.0,0.0
120.67,vehicle.nissan.micra,0.0,0.0
120.71,vehicle.nissan.micra,0.0,0.0
120.85,vehicle.nissan.micra,0.0,0.0
120.94,vehicle.nissan.micra,0.0,0.0
121.0,vehicle.nissan.micra,0.0,0.0
121.18,vehicle.nissan.micra,0.0,0.0
121.28,vehicle.nissan.micra,0.0,0.0
121.37,vehicle.nissan.micra,0.0,0.0
121.54,vehicle.nissan.micra,0.0,0.0
121.58,vehicle.nissan.micra,0.0,0.0
121.7,vehicle.nissan.micra,0.0,0.0
121.75,vehicle.nissan.micra,0.0,0.0
121.88,vehicle.nissan.micra,0.0,0.0
121.93,vehicle.nissan.micra,0.0,0.0
122.04,vehicle.nissan.micra,0.0,0.0
122.14,vehicle.nissan.micra,0.0,0.0
122.2,vehicle.nissan.micra,0.0,0.0
122.35,vehicle.nissan.micra,0.0,0.0
122.48,vehicle.nissan.micra,0.0,0.0
122.59,vehicle.nissan.micra,0.0,0.0
122.67,vehicle.nissan.micra,0.0,0.0
122.74,vehicle.nissan.micra,0.0,0.0
122.85,vehicle.nissan.micra,0.0,0.0
122.94,vehicle.nissan.micra,0.0,0.0
123.03,vehicle.nissan.micra,0.0,0.0
123.14,vehicle.nissan.micra,0.0,0.0
123.24,vehicle.nissan.micra,0.0,0.0
123.34,vehicle.nissan.micra,0.0,0.0
123.48,vehicle.nissan.micra,0.0,0.0
123.53,vehicle.nissan.micra,0.0,0.0
123.62,vehicle.nissan.micra,0.0,0.0
123.75,vehicle.nissan.micra,0.0,0.0
123.89,vehicle.nissan.micra,0.0,0.0
123.94,vehicle.nissan.micra,0.0,0.0
124.0,vehicle.nissan.micra,0.0,0.0
124.15,vehicle.nissan.micra,0.0,0.0
124.25,vehicle.nissan.micra,0.0,0.0
124.39,vehicle.nissan.micra,0.0,0.0
124.43,vehicle.nissan.micra,0.0,0.0
124.55,vehicle.nissan.micra,0.0,0.0
124.64,vehicle.nissan.micra,0.0,0.0
124.74,vehicle.nissan.micra,0.0,0.0
124.89,vehicle.nissan.micra,0.0,0.0
124.99,vehicle.nissan.micra,0.0,0.0
125.03,vehicle.nissan.micra,0.0,0.0
125.23,vehicle.nissan.micra,0.0,0.0
125.27,vehicle.nissan.micra,0.0,0.0
125.32,vehicle.nissan.micra,0.0,0.0
125.47,vehicle.nissan.micra,0.0,0.0
125.59,vehicle.nissan.micra,0.0,0.0
125.67,vehicle.nissan.micra,0.0,0.0
125.77,vehicle.nissan.micra,0.0,0.0
125.87,vehicle.nissan.micra,0.0,0.0
125.91,vehicle.nissan.micra,0.0,0.0
126.04,vehicle.nissan.micra,0.0,0.0
126.14,vehicle.nissan.micra,0.0,0.0
126.23,vehicle.nissan.micra,0.0,0.0
126.38,vehicle.nissan.micra,0.0,0.0
126.47,vehicle.nissan.micra,0.0,0.0
126.56,vehicle.nissan.micra,0.0,0.0
126.65,vehicle.nissan.micra,0.0,0.0
126.75,vehicle.nissan.micra,0.0,0.0
126.88,vehicle.nissan.micra,0.0,0.0
126.92,vehicle.nissan.micra,0.0,0.0
127.07,vehicle.nissan.micra,0.0,0.0
127.15,vehicle.nissan.micra,0.0,0.0
127.25,vehicle.nissan.micra,0.0,0.0
127.34,vehicle.nissan.micra,0.0,0.0
127.47,vehicle.nissan.micra,0.0,0.0
127.56,vehicle.nissan.micra,0.0,0.0
127.69,vehicle.nissan.micra,0.008442825497436933,0.0
127.74,vehicle.nissan.micra,0.00445316384374951,0.0
127.84,vehicle.nissan.micra,0.003964588432544935,0.0
127.94,vehicle.nissan.micra,0.003821429853018198,0.0
128.04,vehicle.nissan.micra,0.0032140252991985172,0.0
128.17,vehicle.nissan.micra,0.00758279217064864,0.0
128.26,vehicle.nissan.micra,0.016206697088323667,0.0
128.34,vehicle.nissan.micra,0.03255299672952235,0.0
128.45,vehicle.nissan.micra,0.27869673092422315,0.0
128.59,vehicle.nissan.micra,0.9294865899296093,0.0
128.64,vehicle.nissan.micra,0.9671662127188113,0.0
128.74,vehicle.nissan.micra,1.3773725743209149,0.0
128.88,vehicle.nissan.micra,1.7861912751921132,0.0
128.98,vehicle.nissan.micra,2.070050207717258,0.0
129.07,vehicle.nissan.micra,2.424561435119838,0.0
129.15,vehicle.nissan.micra,2.812976424781545,0.0
129.24,vehicle.nissan.micra,3.0167151101900296,0.0
129.33,vehicle.nissan.micra,3.4620426463110325,0.0
129.43,vehicle.nissan.micra,3.736200441252482,0.0
129.56,vehicle.nissan.micra,3.7203387409188786,0.0
129.61,vehicle.nissan.micra,3.7007960194135587,0.0
129.74,vehicle.nissan.micra,3.6737429003305553,0.0
129.88,vehicle.nissan.micra,3.6712181439089973,0.0
129.94,vehicle.nissan.micra,3.961440485444018,0.0
130.03,vehicle.nissan.micra,4.659463830759107,0.0
130.22,vehicle.nissan.micra,5.521186938648335,0.0
130.27,vehicle.nissan.micra,5.801331366476581,0.0
130.36,vehicle.nissan.micra,6.215292462947352,0.0
130.41,vehicle.nissan.micra,6.643366672216757,0.0
130.54,vehicle.nissan.micra,6.975728813609592,0.0
130.68,vehicle.nissan.micra,7.719994238908535,0.0
130.73,vehicle.nissan.micra,7.992479823318451,0.0
130.89,vehicle.nissan.micra,8.820527824067204,0.0
130.93,vehicle.nissan.micra,9.107173689841936,0.0
131.07,vehicle.nissan.micra,9.940924433318854,0.0
131.12,vehicle.nissan.micra,9.940924433318854,0.0
131.26,vehicle.nissan.micra,10.755631714106567,0.0
131.35,vehicle.nissan.micra,11.31003091484042,0.0
131.44,vehicle.nissan.micra,11.769050884782764,0.0
131.53,vehicle.nissan.micra,11.734915575150039,0.0
131.63,vehicle.nissan.micra,11.70564349589224,0.0
131.72,vehicle.nissan.micra,11.651037433007987,0.0
131.87,vehicle.nissan.micra,11.62294675732337,0.0
131.91,vehicle.nissan.micra,11.60822437667398,0.0
132.04,vehicle.nissan.micra,12.194510048331608,0.0
132.14,vehicle.nissan.micra,12.345016697714732,0.0
132.25,vehicle.nissan.micra,12.227431551965743,0.0
132.33,vehicle.nissan.micra,12.128444983355175,0.0
132.45,vehicle.nissan.micra,11.652581386954049,0.0
132.54,vehicle.nissan.micra,11.479444455251882,0.0
132.64,vehicle.nissan.micra,11.112376713889688,0.0
132.74,vehicle.nissan.micra,10.59402087886226,0.0
132.83,vehicle.nissan.micra,10.43122816122131,0.0
132.96,vehicle.nissan.micra,9.956623006365431,0.0
133.01,vehicle.nissan.micra,9.835702845724482,0.0
133.19,vehicle.nissan.micra,9.414771506828936,0.0
133.23,vehicle.nissan.micra,9.301622012728824,0.0
133.35,vehicle.nissan.micra,8.99072107800697,0.0
133.44,vehicle.nissan.micra,8.919145679936747,0.0
133.53,vehicle.nissan.micra,8.71001484284583,0.0
133.6,vehicle.nissan.micra,8.65873600212901,0.0
133.76,vehicle.nissan.micra,8.646117495645646,0.0
133.8,vehicle.nissan.micra,8.668184756832979,0.0
133.98,vehicle.nissan.micra,8.583465374059367,0.0
134.03,vehicle.nissan.micra,8.572048069518948,0.0
134.18,vehicle.nissan.micra,8.541022893541665,0.0
134.28,vehicle.nissan.micra,8.5030603146119,0.0
134.37,vehicle.nissan.micra,8.475021323547432,0.0
134.47,vehicle.nissan.micra,8.094394442826413,0.0
134.53,vehicle.nissan.micra,7.631516881851585,0.0
134.6,vehicle.nissan.micra,7.448189128213048,0.0
134.7,vehicle.nissan.micra,6.876040553614056,0.0
134.91,vehicle.nissan.micra,6.480133164763269,0.0
134.95,vehicle.nissan.micra,6.334318278950553,0.0
135.08,vehicle.nissan.micra,6.173740904249714,0.0
135.14,vehicle.nissan.micra,6.141416838184366,0.0
135.27,vehicle.nissan.micra,6.140573989553481,0.0
135.35,vehicle.nissan.micra,6.17237996195526,0.0
135.44,vehicle.nissan.micra,6.2577905836735335,0.0
135.58,vehicle.nissan.micra,6.488569601768576,0.0
135.64,vehicle.nissan.micra,6.575472408255366,0.0
135.73,vehicle.nissan.micra,6.799697052660611,0.0
135.87,vehicle.nissan.micra,7.0751323439102105,0.0
135.96,vehicle.nissan.micra,7.158302938657081,0.0
136.05,vehicle.nissan.micra,7.1048135037700355,0.0
136.14,vehicle.nissan.micra,7.024969643158929,0.0
136.23,vehicle.nissan.micra,6.982207605418334,0.0
136.37,vehicle.nissan.micra,6.840493487752368,0.0
136.49,vehicle.nissan.micra,7.208039399175904,0.0
136.5,vehicle.nissan.micra,7.208039399175904,0.0
136.6,vehicle.nissan.micra,7.690161174222168,0.0
136.7,vehicle.nissan.micra,8.173795336106819,0.0
136.86,vehicle.nissan.micra,8.969033793751256,0.0
136.95,vehicle.nissan.micra,9.438708812297092,0.0
137.04,vehicle.nissan.micra,9.929993006880816,0.0
137.16,vehicle.nissan.micra,10.436578329251159,0.0
137.25,vehicle.nissan.micra,10.921717846629218,0.0
137.34,vehicle.nissan.micra,11.239571220368406,0.0
137.46,vehicle.nissan.micra,12.024692434638235,0.0
137.55,vehicle.nissan.micra,12.49780191186817,0.0
137.65,vehicle.nissan.micra,12.889040872280555,0.0
137.74,vehicle.nissan.micra,13.128634668971127,0.0
137.83,vehicle.nissan.micra,13.610131974221627,0.0
137.97,vehicle.nissan.micra,14.060095949707238,0.0
138.05,vehicle.nissan.micra,13.979273037329985,0.0
138.15,vehicle.nissan.micra,13.920274476444236,0.0
138.26,vehicle.nissan.micra,13.854662329166517,0.0
138.35,vehicle.nissan.micra,13.743948332089433,0.0
138.44,vehicle.nissan.micra,13.811473866166484,0.0
138.53,vehicle.nissan.micra,14.053315348650253,0.0
138.65,vehicle.nissan.micra,13.997901882194723,0.0
138.75,vehicle.nissan.micra,13.726320210215768,0.0
138.87,vehicle.nissan.micra,13.342160664636408,0.0
138.99,vehicle.nissan.micra,12.666944437513736,0.0
139.05,vehicle.nissan.micra,12.466872826359939,0.0
139.14,vehicle.nissan.micra,12.175303403613974,0.0
139.24,vehicle.nissan.micra,11.542537924280927,0.0
139.33,vehicle.nissan.micra,10.935437317099346,0.0
139.46,vehicle.nissan.micra,9.939422514771534,0.0
139.55,vehicle.nissan.micra,9.687992444736203,0.0
139.64,vehicle.nissan.micra,8.98874709798328,0.0
139.78,vehicle.nissan.micra,8.494894794010529,0.0
139.8,vehicle.nissan.micra,8.494894794010529,0.0
139.94,vehicle.nissan.micra,8.20196632665902,0.0
140.04,vehicle.nissan.micra,8.208606123877198,0.0
140.17,vehicle.nissan.micra,7.973823279913393,0.0
140.27,vehicle.nissan.micra,7.961165388492052,0.0
140.38,vehicle.nissan.micra,7.95371277236863,0.0
140.47,vehicle.nissan.micra,7.623365956320254,0.0
140.51,vehicle.nissan.micra,7.623365956320254,0.0
140.65,vehicle.nissan.micra,7.20684630398139,0.0
140.78,vehicle.nissan.micra,7.087151985188178,0.0
140.82,vehicle.nissan.micra,7.031551742683579,0.0
140.96,vehicle.nissan.micra,6.915288310621373,0.0
141.01,vehicle.nissan.micra,6.946333443908709,0.0
141.11,vehicle.nissan.micra,6.990947118608965,0.0
141.27,vehicle.nissan.micra,7.163335661910889,0.0
141.32,vehicle.nissan.micra,7.277130818007308,0.0
141.44,vehicle.nissan.micra,7.542331833267858,0.0
141.54,vehicle.nissan.micra,7.849031811382096,0.0
141.63,vehicle.nissan.micra,7.997904087009772,0.0
141.74,vehicle.nissan.micra,8.623084743245965,0.0
141.84,vehicle.nissan.micra,8.839514134340646,0.0
141.98,vehicle.nissan.micra,9.480685585457518,0.0
142.03,vehicle.nissan.micra,9.466970995942017,0.0
142.19,vehicle.nissan.micra,9.384307131023466,0.0
142.23,vehicle.nissan.micra,9.36155076117476,0.0
142.37,vehicle.nissan.micra,9.274485926380995,0.0
142.42,vehicle.nissan.micra,9.212594091688567,0.0
142.55,vehicle.nissan.micra,9.572938274370483,0.0
142.64,vehicle.nissan.micra,9.820994214487756,0.0
142.73,vehicle.nissan.micra,10.38757878842977,0.0
142.86,vehicle.nissan.micra,10.843294791914971,0.0
142.95,vehicle.nissan.micra,11.381593179328208,0.0
143.04,vehicle.nissan.micra,11.855903172455855,0.0
143.19,vehicle.nissan.micra,12.585487114528343,0.0
143.23,vehicle.nissan.micra,12.810751291236045,0.0
143.38,vehicle.nissan.micra,13.29269839480256,0.0
143.47,vehicle.nissan.micra,13.681502082458504,0.0
143.56,vehicle.nissan.micra,14.03245885006197,0.0
143.6,vehicle.nissan.micra,14.03245885006197,0.0
143.7,vehicle.nissan.micra,14.407783875280849,0.0
143.84,vehicle.nissan.micra,15.141752860253934,0.0
143.94,vehicle.nissan.micra,15.630899944479843,0.0
144.03,vehicle.nissan.micra,15.737146682119045,0.0
144.12,vehicle.nissan.micra,15.706771777369116,0.0
144.24,vehicle.nissan.micra,15.674095614980045,0.0
144.37,vehicle.nissan.micra,15.639097909912085,0.0
144.46,vehicle.nissan.micra,15.628535114904386,0.0
144.57,vehicle.nissan.micra,15.931483352085937,0.0
144.62,vehicle.nissan.micra,16.135498061960778,0.0
144.79,vehicle.nissan.micra,16.723649529264648,0.0
144.85,vehicle.nissan.micra,16.915860807083742,0.0
144.98,vehicle.nissan.micra,17.512206987850895,0.0
145.08,vehicle.nissan.micra,17.904985887652987,0.0
145.17,vehicle.nissan.micra,18.074231522892774,0.0
145.27,vehicle.nissan.micra,18.492153643904004,0.0
145.36,vehicle.nissan.micra,18.82363442419158,0.0
145.45,vehicle.nissan.micra,19.010218305403704,0.0
145.54,vehicle.nissan.micra,19.357842779926077,0.0
145.63,vehicle.nissan.micra,19.676217218466796,0.0
145.76,vehicle.nissan.micra,20.031859622671846,0.0
145.86,vehicle.nissan.micra,20.40945181851647,0.0
145.95,vehicle.nissan.micra,20.744753330350754,0.0
146.04,vehicle.nissan.micra,20.914854770403917,0.0
146.14,vehicle.nissan.micra,21.223704882482362,0.0
146.24,vehicle.nissan.micra,21.26485577699397,0.0
146.34,vehicle.nissan.micra,21.120343333231943,0.0
146.44,vehicle.nissan.micra,20.881665617728032,0.0
146.53,vehicle.nissan.micra,20.602564195779372,0.0
146.6,vehicle.nissan.micra,20.466393713108886,0.0
146.78,vehicle.nissan.micra,20.052946675127405,0.0
146.87,vehicle.nissan.micra,19.81025546652565,0.0
146.98,vehicle.nissan.micra,19.60688434660688,0.0
147.03,vehicle.nissan.micra,19.51301542905062,0.0
147.19,vehicle.nissan.micra,19.190938160248248,0.0
147.23,vehicle.nissan.micra,19.06050313842179,0.0
147.35,vehicle.nissan.micra,18.79272707215863,0.0
147.45,vehicle.nissan.micra,18.589699360003916,0.0
147.54,vehicle.nissan.micra,18.714910273320914,0.0
147.66,vehicle.nissan.micra,18.193513938188026,0.0
147.7,vehicle.nissan.micra,18.018391076436615,0.0
147.84,vehicle.nissan.micra,17.59608755771906,0.0
147.94,vehicle.nissan.micra,17.413603400254175,0.0
148.04,vehicle.nissan.micra,17.147673779339033,0.0
148.15,vehicle.nissan.micra,17.109666478706004,0.0
148.2,vehicle.nissan.micra,17.101866309615538,0.0
148.35,vehicle.nissan.micra,17.083183207069183,0.0
148.44,vehicle.nissan.micra,17.04854903929365,0.0
148.53,vehicle.nissan.micra,16.895368404739948,0.0
148.65,vehicle.nissan.micra,16.432377301620534,0.0
148.7,vehicle.nissan.micra,16.233939516455653,0.0
148.85,vehicle.nissan.micra,15.670516116247489,0.0
148.99,vehicle.nissan.micra,15.326478322841535,0.0
149.03,vehicle.nissan.micra,15.162759255577775,0.0
149.14,vehicle.nissan.micra,14.84094603109841,0.0
149.28,vehicle.nissan.micra,14.32144373342175,0.0
149.37,vehicle.nissan.micra,14.036108172154705,0.0
149.47,vehicle.nissan.micra,13.73807494690295,0.0
149.57,vehicle.nissan.micra,13.457370867587688,0.0
149.61,vehicle.nissan.micra,13.457370867587688,0.0
149.7,vehicle.nissan.micra,13.159772434694858,0.0
149.84,vehicle.nissan.micra,12.730432177967275,0.0
149.94,vehicle.nissan.micra,12.462249923915907,0.0
150.04,vehicle.nissan.micra,12.2427982650421,0.0
150.18,vehicle.nissan.micra,12.233701654188875,0.0
150.33,vehicle.nissan.micra,12.173239921094604,0.0
150.38,vehicle.nissan.micra,12.126867928517909,0.0
150.43,vehicle.nissan.micra,12.069455638927643,0.0
150.57,vehicle.nissan.micra,11.73516485071894,0.0
150.67,vehicle.nissan.micra,11.084245127829849,0.0
150.71,vehicle.nissan.micra,10.805527796186315,0.0
150.81,vehicle.nissan.micra,10.579055367527738,0.0
150.95,vehicle.nissan.micra,9.995658934387826,0.0
151.08,vehicle.nissan.micra,9.648632737646622,0.0
151.17,vehicle.nissan.micra,9.641413009117766,0.0
151.22,vehicle.nissan.micra,9.386891597201368,0.0
151.34,vehicle.nissan.micra,8.890178958360424,0.0
151.48,vehicle.nissan.micra,8.628622737467571,0.0
151.54,vehicle.nissan.micra,8.56797381999636,0.0
151.68,vehicle.nissan.micra,8.475669551761726,0.0
151.72,vehicle.nissan.micra,8.448479777820895,0.0
151.82,vehicle.nissan.micra,8.427843743422589,0.0
151.91,vehicle.nissan.micra,8.452632389359572,0.0
152.04,vehicle.nissan.micra,8.525744018753338,0.0
152.14,vehicle.nissan.micra,8.639875437110849,0.0
152.23,vehicle.nissan.micra,8.79262915109176,0.0
152.32,vehicle.nissan.micra,9.003886653128369,0.0
152.48,vehicle.nissan.micra,9.39085625685117,0.0
152.57,vehicle.nissan.micra,9.716012714099557,0.0
152.62,vehicle.nissan.micra,9.716012714099557,0.0
152.82,vehicle.nissan.micra,10.17851337484116,0.0
152.87,vehicle.nissan.micra,10.184707637537997,0.0
152.98,vehicle.nissan.micra,10.198978183268359,0.0
153.02,vehicle.nissan.micra,10.185231391678876,0.0
153.11,vehicle.nissan.micra,10.174587680167294,0.0
153.21,vehicle.nissan.micra,10.179574228343863,0.0
153.3,vehicle.nissan.micra,10.549428535545635,0.0
153.49,vehicle.nissan.micra,11.227111552903395,0.0
153.53,vehicle.nissan.micra,11.458132609807379,0.0
153.64,vehicle.nissan.micra,11.880543747677056,0.0
153.74,vehicle.nissan.micra,12.425225759588413,0.0
153.85,vehicle.nissan.micra,12.898794999238959,0.0
153.98,vehicle.nissan.micra,13.527253846589641,0.0
154.03,vehicle.nissan.micra,13.74483635325521,0.0
154.17,vehicle.nissan.micra,14.357789879133955,0.0
154.25,vehicle.nissan.micra,14.561027125609826,0.0
154.35,vehicle.nissan.micra,15.026946588006291,0.0
154.49,vehicle.nissan.micra,15.695413563042901,0.0
154.55,vehicle.nissan.micra,15.906200505930734,0.0
154.69,vehicle.nissan.micra,16.50242213209482,0.0
154.7,vehicle.nissan.micra,16.50242213209482,0.0
154.82,vehicle.nissan.micra,16.821431306430878,0.0
154.94,vehicle.nissan.micra,16.808908792948262,0.0
155.0,vehicle.nissan.micra,16.806291848202754,0.0
155.17,vehicle.nissan.micra,16.711221512654554,0.0
155.26,vehicle.nissan.micra,16.641076471005675,0.0
155.35,vehicle.nissan.micra,16.875664497338466,0.0
155.44,vehicle.nissan.micra,16.910992952004396,0.0
155.6,vehicle.nissan.micra,16.657391461677577,0.0
155.65,vehicle.nissan.micra,16.536413339641253,0.0
155.79,vehicle.nissan.micra,16.07698908406361,0.0
155.84,vehicle.nissan.micra,15.982009394732748,0.0
155.9,vehicle.nissan.micra,15.874482668434837,0.0
156.09,vehicle.nissan.micra,15.503283839389878,0.0
156.1,vehicle.nissan.micra,15.503283839389878,0.0
156.29,vehicle.nissan.micra,14.964859386606594,0.0
156.34,vehicle.nissan.micra,14.816487416577168,0.0
156.49,vehicle.nissan.micra,14.28698639834122,0.0
156.58,vehicle.nissan.micra,13.862286807680377,0.0
156.68,vehicle.nissan.micra,13.40021762434262,0.0
156.74,vehicle.nissan.micra,13.07433640807857,0.0
156.85,vehicle.nissan.micra,12.511960259851465,0.0
156.93,vehicle.nissan.micra,11.968123152793241,0.0
157.1,vehicle.nissan.micra,11.054334414620659,0.0
157.1,vehicle.nissan.micra,11.054334414620659,0.0
157.26,vehicle.nissan.micra,9.947709858760733,0.0
157.35,vehicle.nissan.micra,16.338908810034216,0.0
157.51,vehicle.nissan.micra,14.336139135699366,0.0
157.51,vehicle.nissan.micra,14.336139135699366,0.0
157.69,vehicle.nissan.micra,12.799491231540847,0.0
157.79,vehicle.nissan.micra,11.897340016090986,0.0
157.8,vehicle.nissan.micra,11.40358159535069,0.0
157.98,vehicle.nissan.micra,10.07911593606227,0.0
158.07,vehicle.nissan.micra,9.205207902631338,0.0
158.17,vehicle.nissan.micra,8.73746942096125,0.0
158.22,vehicle.nissan.micra,8.309244860462977,0.0
158.31,vehicle.nissan.micra,7.482985166816649,0.0
158.46,vehicle.nissan.micra,6.4235328611793285,0.0
158.56,vehicle.nissan.micra,5.806789644682114,0.0
158.65,vehicle.nissan.micra,5.37642566189667,0.0
158.7,vehicle.nissan.micra,5.248610239009732,0.0
158.84,vehicle.nissan.micra,5.01464906259043,0.0
158.9,vehicle.nissan.micra,5.039962488176992,0.0
159.05,vehicle.nissan.micra,5.259404904557474,0.0
159.15,vehicle.nissan.micra,5.6454361980015095,0.0
159.23,vehicle.nissan.micra,6.152449171247624,0.0
159.3,vehicle.nissan.micra,6.470577176953256,0.0
159.47,vehicle.nissan.micra,7.579124161404214,0.0
159.55,vehicle.nissan.micra,8.369464719971786,0.0
159.64,vehicle.nissan.micra,9.214546903255336,0.0
159.7,vehicle.nissan.micra,9.694188119549322,0.0
159.87,vehicle.nissan.micra,10.977600008141009,0.0
159.9,vehicle.nissan.micra,11.391844096896262,0.0
160.07,vehicle.nissan.micra,12.836883823961553,0.0
160.21,vehicle.nissan.micra,14.186946615245597,0.0
160.26,vehicle.nissan.micra,14.665460280307428,0.0
160.38,vehicle.nissan.micra,15.145986548311596,0.0
160.43,vehicle.nissan.micra,15.651215933179978,0.0
160.54,vehicle.nissan.micra,7.296122117958233,0.0
160.64,vehicle.nissan.micra,6.900738038272831,0.0
160.78,vehicle.nissan.micra,6.556451403708272,0.0
160.87,vehicle.nissan.micra,6.5096484668919,0.0
160.96,vehicle.nissan.micra,6.528456832899407,0.0
161.06,vehicle.nissan.micra,6.70174699671116,0.0
161.11,vehicle.nissan.micra,6.843167875146365,0.0
161.26,vehicle.nissan.micra,7.426786596110473,0.0
161.31,vehicle.nissan.micra,7.541169797219056,0.0
161.43,vehicle.nissan.micra,6.751085107075053,0.0
161.54,vehicle.nissan.micra,5.031187364130828,0.0
161.68,vehicle.nissan.micra,3.3401187226513107,0.0
161.77,vehicle.nissan.micra,2.507574460858632,0.0
161.8,vehicle.nissan.micra,2.3586566155456614,0.0
161.92,vehicle.nissan.micra,1.5804231723101456,0.0
162.05,vehicle.nissan.micra,1.2607333923125776,0.0
162.14,vehicle.nissan.micra,1.0069950749061995,0.0
162.29,vehicle.nissan.micra,0.6748073691672747,0.0
162.33,vehicle.nissan.micra,0.5381662848710127,0.0
162.43,vehicle.nissan.micra,0.4019319433815164,0.0
162.56,vehicle.nissan.micra,0.10282979769725868,0.0
162.65,vehicle.nissan.micra,0.05277922386115976,0.0
162.82,vehicle.nissan.micra,0.0048892818899136554,0.0
162.87,vehicle.nissan.micra,0.052021819132676,0.0
162.96,vehicle.nissan.micra,0.07433829016772435,0.0
163.04,vehicle.nissan.micra,0.1266528985347669,0.0
163.13,vehicle.nissan.micra,0.17678881273373664,0.0
163.27,vehicle.nissan.micra,0.22642083117994602,0.0
163.36,vehicle.nissan.micra,0.25349698636668083,0.0
163.45,vehicle.nissan.micra,0.1029485569849609,0.0
163.5,vehicle.nissan.micra,0.08987448060294002,0.0
163.64,vehicle.nissan.micra,0.45151212997021256,0.0
163.77,vehicle.nissan.micra,1.1019657482537348,0.0
163.87,vehicle.nissan.micra,1.552290623671381,0.0
163.97,vehicle.nissan.micra,2.0028392107092454,0.0
164.06,vehicle.nissan.micra,2.505778902372044,0.0
164.1,vehicle.nissan.micra,2.505778902372044,0.0
164.25,vehicle.nissan.micra,3.312472641696518,0.0
164.38,vehicle.nissan.micra,4.106621144954875,0.0
164.47,vehicle.nissan.micra,4.376637528956529,0.0
164.51,vehicle.nissan.micra,4.645473281787938,0.0
164.6,vehicle.nissan.micra,5.15559895099479,0.0
164.74,vehicle.nissan.micra,5.6572573041388345,0.0
164.84,vehicle.nissan.micra,6.104274208155711,0.0
164.99,vehicle.nissan.micra,6.131254693002209,0.0
165.04,vehicle.nissan.micra,6.094835448238835,0.0
165.17,vehicle.nissan.micra,5.892028436528149,0.0
165.28,vehicle.nissan.micra,4.730467147842342,0.0
165.37,vehicle.nissan.micra,3.0922231198384043,0.0
165.46,vehicle.nissan.micra,2.129244881704767,0.0
165.55,vehicle.nissan.micra,1.418488243634496,0.0
165.65,vehicle.nissan.micra,0.1506946728268873,0.0
165.78,vehicle.nissan.micra,0.010681952496123165,0.0
165.87,vehicle.nissan.micra,0.015632438854315606,0.0
165.96,vehicle.nissan.micra,0.017025285805782883,0.0
166.05,vehicle.nissan.micra,0.04078686731757795,0.0
166.1,vehicle.nissan.micra,0.05786039961010849,0.0
166.27,vehicle.nissan.micra,0.07858150037292878,0.0
166.36,vehicle.nissan.micra,0.07695031626924417,0.0
166.4,vehicle.nissan.micra,0.07235497489711598,0.0
166.58,vehicle.nissan.micra,0.01853101378780649,0.0
166.68,vehicle.nissan.micra,0.023256663511948106,0.0
166.77,vehicle.nissan.micra,0.15859980985802946,0.0
166.81,vehicle.nissan.micra,0.2346823251912765,0.0
166.98,vehicle.nissan.micra,0.30196627233340206,0.0
167.07,vehicle.nissan.micra,0.2714568729664075,0.0
167.15,vehicle.nissan.micra,0.20664315333659714,0.0
167.27,vehicle.nissan.micra,0.14335622883530072,0.0
167.32,vehicle.nissan.micra,0.11263860723299525,0.0
167.48,vehicle.nissan.micra,0.27963237320315126,0.0
167.57,vehicle.nissan.micra,0.7275869564681156,0.0
167.66,vehicle.nissan.micra,0.9830194566930115,0.0
167.75,vehicle.nissan.micra,1.4993275040052996,0.0
167.85,vehicle.nissan.micra,1.9759511745063725,0.0
167.98,vehicle.nissan.micra,2.753395135492239,0.0
168.07,vehicle.nissan.micra,2.9959023390019763,0.0
168.16,vehicle.nissan.micra,3.5183904660003584,0.0
168.25,vehicle.nissan.micra,4.062883007340814,0.0
168.3,vehicle.nissan.micra,4.329567363016258,0.0
168.47,vehicle.nissan.micra,5.063949033743181,0.0
168.52,vehicle.nissan.micra,5.275868612860703,0.0
168.66,vehicle.nissan.micra,5.794245703743585,0.0
168.75,vehicle.nissan.micra,6.20684321230213,0.0
168.85,vehicle.nissan.micra,6.712443309294332,0.0
168.9,vehicle.nissan.micra,6.994096595935425,0.0
169.09,vehicle.nissan.micra,6.955889896158827,0.0
169.14,vehicle.nissan.micra,6.894092233631753,0.0
169.28,vehicle.nissan.micra,6.837006624107973,0.0
169.32,vehicle.nissan.micra,6.812870337853917,0.0
169.45,vehicle.nissan.micra,6.888931538716627,0.0
169.5,vehicle.nissan.micra,7.329152521319208,0.0
169.65,vehicle.nissan.micra,8.487749985109117,0.0
169.75,vehicle.nissan.micra,9.144095800036217,0.0
169.88,vehicle.nissan.micra,9.750519504851834,0.0
169.93,vehicle.nissan.micra,10.057656027229012,0.0
170.06,vehicle.nissan.micra,10.55849051259776,0.0
170.15,vehicle.nissan.micra,10.661990301422916,0.0
170.23,vehicle.nissan.micra,10.619072179705931,0.0
170.38,vehicle.nissan.micra,10.243643809158561,0.0
170.48,vehicle.nissan.micra,9.822790273998411,0.0
170.52,vehicle.nissan.micra,9.58898390665626,0.0
170.6,vehicle.nissan.micra,9.334273095160148,0.0
170.74,vehicle.nissan.micra,8.76540149531825,0.0
170.83,vehicle.nissan.micra,8.200410383206622,0.0
170.94,vehicle.nissan.micra,7.697844264230836,0.0
171.03,vehicle.nissan.micra,7.652634611182054,0.0
171.15,vehicle.nissan.micra,7.570293642966394,0.0
171.29,vehicle.nissan.micra,7.5194663741039705,0.0
171.34,vehicle.nissan.micra,7.493921665699205,0.0
171.44,vehicle.nissan.micra,7.441673677133314,0.0
171.57,vehicle.nissan.micra,6.625651131795612,0.0
171.66,vehicle.nissan.micra,5.727140904645176,0.0
171.75,vehicle.nissan.micra,5.429617137936725,0.0
171.84,vehicle.nissan.micra,5.029291566681312,0.0
171.97,vehicle.nissan.micra,4.825981185350628,0.0
172.07,vehicle.nissan.micra,4.850746642827645,0.0
172.15,vehicle.nissan.micra,4.912594545296193,0.0
172.23,vehicle.nissan.micra,5.133065307585872,0.0
172.37,vehicle.nissan.micra,5.381325405553433,0.0
172.46,vehicle.nissan.micra,5.71194552318264,0.0
172.56,vehicle.nissan.micra,6.133585112024213,0.0
172.65,vehicle.nissan.micra,6.274878390644338,0.0
172.7,vehicle.nissan.micra,6.515517318493202,0.0
172.86,vehicle.nissan.micra,7.19331064919653,0.0
172.95,vehicle.nissan.micra,7.420013760785042,0.0
173.0,vehicle.nissan.micra,7.649950077868123,0.0
173.14,vehicle.nissan.micra,7.551156387631918,0.0
173.27,vehicle.nissan.micra,7.468558901116805,0.0
173.36,vehicle.nissan.micra,7.388969920237321,0.0
173.45,vehicle.nissan.micra,7.355490028944298,0.0
173.54,vehicle.nissan.micra,7.669151216609871,0.0
173.73,vehicle.nissan.micra,8.234725080405328,0.0
173.77,vehicle.nissan.micra,8.226457728894815,0.0
173.82,vehicle.nissan.micra,8.15392453276567,0.0
173.95,vehicle.nissan.micra,7.83581145606355,0.0
174.05,vehicle.nissan.micra,7.461810244774959,0.0
174.14,vehicle.nissan.micra,7.253741427414887,0.0
174.23,vehicle.nissan.micra,6.864468593112066,0.0
174.37,vehicle.nissan.micra,6.538482578924079,0.0
174.41,vehicle.nissan.micra,6.40548395547169,0.0
174.57,vehicle.nissan.micra,6.091890086363554,0.0
174.66,vehicle.nissan.micra,6.012497520762276,0.0
174.74,vehicle.nissan.micra,5.93176690770103,0.0
174.85,vehicle.nissan.micra,5.893828386757014,0.0
174.94,vehicle.nissan.micra,5.904511815719839,0.0
175.05,vehicle.nissan.micra,5.998822759972455,0.0
175.19,vehicle.nissan.micra,6.165787826648949,0.0
175.29,vehicle.nissan.micra,6.470114512798374,0.0
175.35,vehicle.nissan.micra,6.577545169360108,0.0
175.44,vehicle.nissan.micra,6.924073066457631,0.0
175.54,vehicle.nissan.micra,6.9472860223989485,0.0
175.64,vehicle.nissan.micra,6.866623867253544,0.0
175.79,vehicle.nissan.micra,6.788589432798046,0.0
175.88,vehicle.nissan.micra,6.704157185868174,0.0
175.97,vehicle.nissan.micra,6.658990457199656,0.0
176.06,vehicle.nissan.micra,7.0030735640151605,0.0
176.15,vehicle.nissan.micra,7.261815355853713,0.0
176.24,vehicle.nissan.micra,7.808316551119197,0.0
176.33,vehicle.nissan.micra,8.337555893444264,0.0
176.47,vehicle.nissan.micra,8.900685194558816,0.0
176.56,vehicle.nissan.micra,9.36615878701399,0.0
176.65,vehicle.nissan.micra,9.642599322600338,0.0
176.7,vehicle.nissan.micra,9.900951701977892,0.0
176.86,vehicle.nissan.micra,10.698306652480145,0.0
177.01,vehicle.nissan.micra,11.484188879146505,0.0
177.05,vehicle.nissan.micra,11.729276857807152,0.0
177.16,vehicle.nissan.micra,11.951403780295674,0.0
177.22,vehicle.nissan.micra,12.226105576053026,0.0
177.31,vehicle.nissan.micra,12.708893171542027,0.0
177.44,vehicle.nissan.micra,13.156423379583371,0.0
177.53,vehicle.nissan.micra,13.232075565814897,0.0
177.63,vehicle.nissan.micra,13.185519666435853,0.0
177.75,vehicle.nissan.micra,13.029130977980808,0.0
177.88,vehicle.nissan.micra,12.94764316088339,0.0
177.93,vehicle.nissan.micra,12.911189390034535,0.0
178.07,vehicle.nissan.micra,12.810617338297027,0.0
178.1,vehicle.nissan.micra,12.608854084749975,0.0
178.25,vehicle.nissan.micra,10.47636210148776,0.0
178.34,vehicle.nissan.micra,9.634323687125722,0.0
178.47,vehicle.nissan.micra,6.897584449490754,0.0
178.51,vehicle.nissan.micra,6.897584449490754,0.0
178.68,vehicle.nissan.micra,4.260844231085986,0.0
178.74,vehicle.nissan.micra,3.7036950487278855,0.0
178.89,vehicle.nissan.micra,3.5003273451486288,0.0
178.94,vehicle.nissan.micra,3.4433941358968747,0.0
179.0,vehicle.nissan.micra,3.3934450853101654,0.0
179.21,vehicle.nissan.micra,3.205855535223768,0.0
179.25,vehicle.nissan.micra,3.174389958036885,0.0
179.3,vehicle.nissan.micra,3.174389958036885,0.0
179.48,vehicle.nissan.micra,3.0281231265578845,0.0
179.53,vehicle.nissan.micra,3.0281231265578845,0.0
179.62,vehicle.nissan.micra,2.9875275429389605,0.0
179.76,vehicle.nissan.micra,2.962673971292816,0.0
179.85,vehicle.nissan.micra,2.9154926992579093,0.0
179.97,vehicle.nissan.micra,2.886650989108841,0.0
180.06,vehicle.nissan.micra,2.7228871267378376,0.0
180.15,vehicle.nissan.micra,2.655634414544534,0.0
180.28,vehicle.nissan.micra,2.633837241896769,0.0
180.32,vehicle.nissan.micra,2.633837241896769,0.0
180.41,vehicle.nissan.micra,2.7243799171795793,0.0
180.56,vehicle.nissan.micra,2.883174263356971,0.0
180.65,vehicle.nissan.micra,3.038360938176937,0.0
180.75,vehicle.nissan.micra,3.242825069115079,0.0
180.8,vehicle.nissan.micra,3.358141589446432,0.0
180.95,vehicle.nissan.micra,3.6677365456280038,0.0
181.08,vehicle.nissan.micra,4.078758484006939,0.0
181.17,vehicle.nissan.micra,4.232618723959543,0.0
181.26,vehicle.nissan.micra,4.633798634627057,0.0
181.36,vehicle.nissan.micra,4.810118440888699,0.0
181.45,vehicle.nissan.micra,5.163387045660791,0.0
181.55,vehicle.nissan.micra,5.7031871076154905,0.0
181.7,vehicle.nissan.micra,6.490268207923376,0.0
181.7,vehicle.nissan.micra,6.490268207923376,0.0
181.89,vehicle.nissan.micra,7.27804400994659,0.0
181.94,vehicle.nissan.micra,7.581236492051637,0.0
182.08,vehicle.nissan.micra,8.445722883851703,0.0
182.18,vehicle.nissan.micra,8.424499237792293,0.0
182.22,vehicle.nissan.micra,8.415276282941772,0.0
182.37,vehicle.nissan.micra,8.394648978839852,0.0
182.41,vehicle.nissan.micra,8.370838495976463,0.0
182.56,vehicle.nissan.micra,8.306192761368232,0.0
182.65,vehicle.nissan.micra,8.50988144838186,0.0
182.7,vehicle.nissan.micra,8.79510779806381,0.0
182.85,vehicle.nissan.micra,9.55511902879468,0.0
182.94,vehicle.nissan.micra,10.051611163938777,0.0
183.07,vehicle.nissan.micra,10.564776003776077,0.0
183.14,vehicle.nissan.micra,10.798311287300717,0.0
183.2,vehicle.nissan.micra,11.060125824551335,0.0
183.34,vehicle.nissan.micra,11.768643250388905,0.0
183.48,vehicle.nissan.micra,12.236910238938748,0.0
183.55,vehicle.nissan.micra,12.640104238053858,0.0
183.64,vehicle.nissan.micra,12.710199188501038,0.0
183.73,vehicle.nissan.micra,12.656317164646218,0.0
183.86,vehicle.nissan.micra,12.48989214406922,0.0
183.95,vehicle.nissan.micra,12.247348422352108,0.0
184.04,vehicle.nissan.micra,12.089685079315112,0.0
184.14,vehicle.nissan.micra,11.844701857691701,0.0
184.24,vehicle.nissan.micra,11.373261242853633,0.0
184.35,vehicle.nissan.micra,9.713406389177255,0.0
184.44,vehicle.nissan.micra,8.09391444467858,0.0
184.55,vehicle.nissan.micra,6.178358338354541,0.0
184.67,vehicle.nissan.micra,4.878810705704801,0.0
184.77,vehicle.nissan.micra,4.712384416309423,0.0
184.85,vehicle.nissan.micra,4.28267132924611,0.0
184.93,vehicle.nissan.micra,3.515564864527133,0.0
185.04,vehicle.nissan.micra,0.9985948914166441,0.0
185.13,vehicle.nissan.micra,0.20363017194069014,0.0
185.22,vehicle.nissan.micra,0.13662382647612392,0.0
185.39,vehicle.nissan.micra,0.04573985776298593,0.0
185.45,vehicle.nissan.micra,0.043353213745533456,0.0
185.54,vehicle.nissan.micra,0.11843032572231864,0.0
185.66,vehicle.nissan.micra,0.12259045078190774,0.0
185.71,vehicle.nissan.micra,0.19484831545204528,0.0
185.8,vehicle.nissan.micra,0.21998253498126422,0.0
185.9,vehicle.nissan.micra,0.3447054022891648,0.0
186.02,vehicle.nissan.micra,0.525035471462116,0.0
186.22,vehicle.nissan.micra,0.7180200769074749,0.0
186.27,vehicle.nissan.micra,0.7134355707212053,0.0
186.32,vehicle.nissan.micra,0.7087673440148586,0.0
186.48,vehicle.nissan.micra,0.6943545825070611,0.0
186.53,vehicle.nissan.micra,0.6899273448532088,0.0
186.6,vehicle.nissan.micra,0.6851161418799839,0.0
186.78,vehicle.nissan.micra,1.2798529356220327,0.0
186.87,vehicle.nissan.micra,1.5189574355770437,0.0
186.97,vehicle.nissan.micra,2.018663274653231,0.0
187.01,vehicle.nissan.micra,2.236166521326409,0.0
187.14,vehicle.nissan.micra,2.7842333807889506,0.0
187.25,vehicle.nissan.micra,3.43014865422205,0.0
187.36,vehicle.nissan.micra,4.038493731857431,0.0
187.42,vehicle.nissan.micra,4.34001151885994,0.0
187.5,vehicle.nissan.micra,4.966336827988845,0.0
187.72,vehicle.nissan.micra,6.266365269087847,0.0
187.76,vehicle.nissan.micra,6.266365269087847,0.0
187.88,vehicle.nissan.micra,7.11197134502525,0.0
187.9,vehicle.nissan.micra,7.11197134502525,0.0
188.06,vehicle.nissan.micra,7.240517816049829,0.0
188.15,vehicle.nissan.micra,7.079673570843038,0.0
188.24,vehicle.nissan.micra,5.998589443617925,0.0
188.33,vehicle.nissan.micra,4.085342540243126,0.0
188.42,vehicle.nissan.micra,3.2435300244156253,0.0
188.55,vehicle.nissan.micra,0.6507564858419311,0.0
188.67,vehicle.nissan.micra,0.005172893764649587,0.0
188.76,vehicle.nissan.micra,0.004440142810960132,0.0
188.85,vehicle.nissan.micra,0.004363688140305545,0.0
188.98,vehicle.nissan.micra,0.001432597230457793,0.0
189.0,vehicle.nissan.micra,0.001432597230457793,0.0
189.15,vehicle.nissan.micra,0.001259945463841309,0.0
189.29,vehicle.nissan.micra,0.0,0.0
189.33,vehicle.nissan.micra,0.0,0.0
189.4,vehicle.nissan.micra,0.0,0.0
189.54,vehicle.nissan.micra,0.0,0.0
189.64,vehicle.nissan.micra,0.0,0.0
189.73,vehicle.nissan.micra,0.0,0.0
189.87,vehicle.nissan.micra,0.0,0.0
189.97,vehicle.nissan.micra,0.0,0.0
190.01,vehicle.nissan.micra,0.0,0.0
190.14,vehicle.nissan.micra,0.0,0.0
190.28,vehicle.nissan.micra,0.0,0.0
190.32,vehicle.nissan.micra,0.0,0.0
190.45,vehicle.nissan.micra,0.0,0.0
190.5,vehicle.nissan.micra,0.0,0.0
190.66,vehicle.nissan.micra,0.0,0.0
190.75,vehicle.nissan.micra,0.0,0.0
190.87,vehicle.nissan.micra,0.0,0.0
190.92,vehicle.nissan.micra,0.0,0.0
191.08,vehicle.nissan.micra,0.0,0.0
191.17,vehicle.nissan.micra,0.0,0.0
191.26,vehicle.nissan.micra,0.0,0.0
191.31,vehicle.nissan.micra,0.0,0.0
191.41,vehicle.nissan.micra,0.0,0.0
191.54,vehicle.nissan.micra,0.0,0.0
191.63,vehicle.nissan.micra,0.0,0.0
191.75,vehicle.nissan.micra,0.0,0.0
191.86,vehicle.nissan.micra,0.0,0.0
191.95,vehicle.nissan.micra,0.0,0.0
192.05,vehicle.nissan.micra,0.0,0.0
192.14,vehicle.nissan.micra,0.0,0.0
192.23,vehicle.nissan.micra,0.0,0.0
192.37,vehicle.nissan.micra,0.0,0.0
192.41,vehicle.nissan.micra,0.0,0.0
192.55,vehicle.nissan.micra,0.0,0.0
192.64,vehicle.nissan.micra,0.0,0.0
192.74,vehicle.nissan.micra,0.0,0.0
192.91,vehicle.nissan.micra,0.0,0.0
192.95,vehicle.nissan.micra,0.0,0.0
193.09,vehicle.nissan.micra,0.0,0.0
193.13,vehicle.nissan.micra,0.0,0.0
193.26,vehicle.nissan.micra,0.0,0.0
193.31,vehicle.nissan.micra,0.0,0.0
193.49,vehicle.nissan.micra,0.0,0.0
193.54,vehicle.nissan.micra,0.0,0.0
193.63,vehicle.nissan.micra,0.0,0.0
193.77,vehicle.nissan.micra,0.0,0.0
193.86,vehicle.nissan.micra,0.0,0.0
193.95,vehicle.nissan.micra,0.0,0.0
194.04,vehicle.nissan.micra,0.0,0.0
194.1,vehicle.nissan.micra,0.0,0.0
194.26,vehicle.nissan.micra,0.0,0.0
194.35,vehicle.nissan.micra,0.0,0.0
194.45,vehicle.nissan.micra,0.0,0.0
194.58,vehicle.nissan.micra,0.0,0.0
194.62,vehicle.nissan.micra,0.0,0.0
194.76,vehicle.nissan.micra,0.0,0.0
194.85,vehicle.nissan.micra,0.0,0.0
194.95,vehicle.nissan.micra,0.0,0.0
195.04,vehicle.nissan.micra,0.0,0.0
195.17,vehicle.nissan.micra,0.0,0.0
195.26,vehicle.nissan.micra,0.0,0.0
195.38,vehicle.nissan.micra,0.0,0.0
195.48,vehicle.nissan.micra,0.0,0.0
195.53,vehicle.nissan.micra,0.0,0.0
195.65,vehicle.nissan.micra,0.0,0.0
195.77,vehicle.nissan.micra,0.0,0.0
195.86,vehicle.nissan.micra,0.0,0.0
195.95,vehicle.nissan.micra,0.0,0.0
196.05,vehicle.nissan.micra,0.0,0.0
196.14,vehicle.nissan.micra,0.0,0.0
196.24,vehicle.nissan.micra,0.0,0.0
196.3,vehicle.nissan.micra,0.0,0.0
196.45,vehicle.nissan.micra,0.0,0.0
196.59,vehicle.nissan.micra,0.0,0.0
196.68,vehicle.nissan.micra,0.0,0.0
196.73,vehicle.nissan.micra,0.0,0.0
196.83,vehicle.nissan.micra,0.0,0.0
196.94,vehicle.nissan.micra,0.0,0.0
197.04,vehicle.nissan.micra,0.0,0.0
197.1,vehicle.nissan.micra,0.0,0.0
197.27,vehicle.nissan.micra,0.0,0.0
197.37,vehicle.nissan.micra,0.0,0.0
197.41,vehicle.nissan.micra,0.0,0.0
197.54,vehicle.nissan.micra,0.0,0.0
197.63,vehicle.nissan.micra,0.0,0.0
197.72,vehicle.nissan.micra,0.0,0.0
197.85,vehicle.nissan.micra,0.0,0.0
197.94,vehicle.nissan.micra,0.0,0.0
198.03,vehicle.nissan.micra,0.0,0.0
198.12,vehicle.nissan.micra,0.0,0.0
198.21,vehicle.nissan.micra,0.0,0.0
198.34,vehicle.nissan.micra,0.0,0.0
198.48,vehicle.nissan.micra,0.0,0.0
198.52,vehicle.nissan.micra,0.0,0.0
198.72,vehicle.nissan.micra,0.0,0.0
198.72,vehicle.nissan.micra,0.0,0.0
198.91,vehicle.nissan.micra,0.0,0.0
198.96,vehicle.nissan.micra,0.0,0.0
199.05,vehicle.nissan.micra,0.0,0.0
199.15,vehicle.nissan.micra,0.0,0.0
199.24,vehicle.nissan.micra,0.0,0.0
199.33,vehicle.nissan.micra,0.0,0.0
199.46,vehicle.nissan.micra,0.0,0.0
199.55,vehicle.nissan.micra,0.0,0.0
199.68,vehicle.nissan.micra,0.0,0.0
199.73,vehicle.nissan.micra,0.0,0.0
199.84,vehicle.nissan.micra,0.0,0.0
199.98,vehicle.nissan.micra,0.0,0.0
200.07,vehicle.nissan.micra,0.0,0.0
200.22,vehicle.nissan.micra,0.0,0.0
200.26,vehicle.nissan.micra,0.0,0.0
200.35,vehicle.nissan.micra,0.0,0.0
200.46,vehicle.nissan.micra,0.0,0.0
200.56,vehicle.nissan.micra,0.0,0.0
200.6,vehicle.nissan.micra,0.0,0.0
200.75,vehicle.nissan.micra,0.0,0.0
200.87,vehicle.nissan.micra,0.0,0.0
200.96,vehicle.nissan.micra,0.0,0.0
201.05,vehicle.nissan.micra,0.0,0.0
201.15,vehicle.nissan.micra,0.0,0.0
201.27,vehicle.nissan.micra,0.0,0.0
201.36,vehicle.nissan.micra,0.0,0.0
201.45,vehicle.nissan.micra,0.0,0.0
201.54,vehicle.nissan.micra,0.0,0.0
201.67,vehicle.nissan.micra,0.0,0.0
201.77,vehicle.nissan.micra,0.0,0.0
201.87,vehicle.nissan.micra,0.0,0.0
201.96,vehicle.nissan.micra,0.0,0.0
202.05,vehicle.nissan.micra,0.0,0.0
202.14,vehicle.nissan.micra,0.0,0.0
202.23,vehicle.nissan.micra,0.0,0.0
202.33,vehicle.nissan.micra,0.0,0.0
202.47,vehicle.nissan.micra,0.0,0.0
202.51,vehicle.nissan.micra,0.0,0.0
202.65,vehicle.nissan.micra,0.0,0.0
202.74,vehicle.nissan.micra,0.0,0.0
202.84,vehicle.nissan.micra,0.0,0.0
202.92,vehicle.nissan.micra,0.0,0.0
203.06,vehicle.nissan.micra,0.0,0.0
203.15,vehicle.nissan.micra,0.0,0.0
203.25,vehicle.nissan.micra,0.0,0.0
203.38,vehicle.nissan.micra,0.0,0.0
203.43,vehicle.nissan.micra,0.0,0.0
203.56,vehicle.nissan.micra,0.0,0.0
203.61,vehicle.nissan.micra,0.0,0.0
203.75,vehicle.nissan.micra,0.0,0.0
203.91,vehicle.nissan.micra,0.0,0.0
203.95,vehicle.nissan.micra,0.0,0.0
204.0,vehicle.nissan.micra,0.0,0.0
204.15,vehicle.nissan.micra,0.0,0.0
204.28,vehicle.nissan.micra,0.0,0.0
204.39,vehicle.nissan.micra,0.0,0.0
204.44,vehicle.nissan.micra,0.0,0.0
204.53,vehicle.nissan.micra,0.0,0.0
204.6,vehicle.nissan.micra,0.0,0.0
204.75,vehicle.nissan.micra,0.0,0.0
204.84,vehicle.nissan.micra,0.0,0.0
204.94,vehicle.nissan.micra,0.0,0.0
205.11,vehicle.nissan.micra,0.0,0.0
205.15,vehicle.nissan.micra,0.0,0.0
205.29,vehicle.nissan.micra,0.0,0.0
205.38,vehicle.nissan.micra,0.0,0.0
205.48,vehicle.nissan.micra,0.0,0.0
205.53,vehicle.nissan.micra,0.0,0.0
205.62,vehicle.nissan.micra,0.0,0.0
205.71,vehicle.nissan.micra,0.0,0.0
205.8,vehicle.nissan.micra,0.0,0.0
205.95,vehicle.nissan.micra,0.0,0.0
206.07,vehicle.nissan.micra,0.0,0.0
206.11,vehicle.nissan.micra,0.0,0.0
206.25,vehicle.nissan.micra,0.0,0.0
206.35,vehicle.nissan.micra,0.0,0.0
206.49,vehicle.nissan.micra,0.0,0.0
206.54,vehicle.nissan.micra,0.0,0.0
206.68,vehicle.nissan.micra,0.0,0.0
206.77,vehicle.nissan.micra,0.0,0.0
206.86,vehicle.nissan.micra,0.0,0.0
206.9,vehicle.nissan.micra,0.0,0.0
207.04,vehicle.nissan.micra,0.0,0.0
207.13,vehicle.nissan.micra,0.0,0.0
207.26,vehicle.nissan.micra,0.0,0.0
207.35,vehicle.nissan.micra,0.0,0.0
207.44,vehicle.nissan.micra,0.0,0.0
207.63,vehicle.nissan.micra,0.0,0.0
207.63,vehicle.nissan.micra,0.0,0.0
207.74,vehicle.nissan.micra,0.0,0.0
207.86,vehicle.nissan.micra,0.0,0.0
207.91,vehicle.nissan.micra,0.0,0.0
208.0,vehicle.nissan.micra,0.0,0.0
208.14,vehicle.nissan.micra,0.0,0.0
208.29,vehicle.nissan.micra,0.0,0.0
208.33,vehicle.nissan.micra,0.0,0.0
208.4,vehicle.nissan.micra,0.0,0.0
208.5,vehicle.nissan.micra,0.0,0.0
208.6,vehicle.nissan.micra,0.0,0.0
208.76,vehicle.nissan.micra,0.0,0.0
208.85,vehicle.nissan.micra,0.0,0.0
208.98,vehicle.nissan.micra,0.0,0.0
209.07,vehicle.nissan.micra,0.0,0.0
209.12,vehicle.nissan.micra,0.0,0.0
209.25,vehicle.nissan.micra,0.0,0.0
209.34,vehicle.nissan.micra,0.0,0.0
209.44,vehicle.nissan.micra,0.0,0.0
209.58,vehicle.nissan.micra,0.0,0.0
209.65,vehicle.nissan.micra,0.0,0.0
209.74,vehicle.nissan.micra,0.0,0.0
209.83,vehicle.nissan.micra,0.0,0.0
209.98,vehicle.nissan.micra,0.0,0.0
210.02,vehicle.nissan.micra,0.0,0.0
210.15,vehicle.nissan.micra,0.0,0.0
210.25,vehicle.nissan.micra,0.0,0.0
210.33,vehicle.nissan.micra,0.0,0.0
210.49,vehicle.nissan.micra,0.0,0.0
210.54,vehicle.nissan.micra,0.0,0.0
210.65,vehicle.nissan.micra,0.0,0.0
210.74,vehicle.nissan.micra,0.0,0.0
210.84,vehicle.nissan.micra,0.0,0.0
210.98,vehicle.nissan.micra,0.0,0.0
211.08,vehicle.nissan.micra,0.0,0.0
211.17,vehicle.nissan.micra,0.0,0.0
211.32,vehicle.nissan.micra,0.0,0.0
211.41,vehicle.nissan.micra,0.0,0.0
211.46,vehicle.nissan.micra,0.0,0.0
211.5,vehicle.nissan.micra,0.0,0.0
211.64,vehicle.nissan.micra,0.0,0.0
211.8,vehicle.nissan.micra,0.0,0.0
211.84,vehicle.nissan.micra,0.0,0.0
211.94,vehicle.nissan.micra,0.0,0.0
212.04,vehicle.nissan.micra,0.0,0.0
212.14,vehicle.nissan.micra,0.0,0.0
212.23,vehicle.nissan.micra,0.0,0.0
212.37,vehicle.nissan.micra,0.0,0.0
212.45,vehicle.nissan.micra,0.0,0.0
212.5,vehicle.nissan.micra,0.0,0.0
212.64,vehicle.nissan.micra,0.0,0.0
212.73,vehicle.nissan.micra,0.0,0.0
212.82,vehicle.nissan.micra,0.0,0.0
212.91,vehicle.nissan.micra,0.0,0.0
213.04,vehicle.nissan.micra,0.0,0.0
213.18,vehicle.nissan.micra,0.0,0.0
213.23,vehicle.nissan.micra,0.0,0.0
213.36,vehicle.nissan.micra,0.0,0.0
213.4,vehicle.nissan.micra,0.0,0.0
213.54,vehicle.nissan.micra,0.0,0.0
213.68,vehicle.nissan.micra,0.0,0.0
213.73,vehicle.nissan.micra,0.0,0.0
213.89,vehicle.nissan.micra,0.0,0.0
213.98,vehicle.nissan.micra,0.0,0.0
214.04,vehicle.nissan.micra,0.0,0.0
214.14,vehicle.nissan.micra,0.0,0.0
214.31,vehicle.nissan.micra,0.0,0.0
214.36,vehicle.nissan.micra,0.0,0.0
214.41,vehicle.nissan.micra,0.0,0.0
214.51,vehicle.nissan.micra,0.0,0.0
214.64,vehicle.nissan.micra,0.0,0.0
214.7,vehicle.nissan.micra,0.0,0.0
214.85,vehicle.nissan.micra,0.0,0.0
214.94,vehicle.nissan.micra,0.0,0.0
215.05,vehicle.nissan.micra,0.0,0.0
215.15,vehicle.nissan.micra,0.0,0.0
215.24,vehicle.nissan.micra,0.0,0.0
215.37,vehicle.nissan.micra,0.0,0.0
215.45,vehicle.nissan.micra,0.0,0.0
215.62,vehicle.nissan.micra,0.0,0.0
215.66,vehicle.nissan.micra,0.0,0.0
215.75,vehicle.nissan.micra,0.0,0.0
215.84,vehicle.nissan.micra,0.0,0.0
215.93,vehicle.nissan.micra,0.0,0.0
216.02,vehicle.nissan.micra,0.0,0.0
216.19,vehicle.nissan.micra,0.0,0.0
216.2,vehicle.nissan.micra,0.0,0.0
216.37,vehicle.nissan.micra,0.0,0.0
216.46,vehicle.nissan.micra,0.0,0.0
216.51,vehicle.nissan.micra,0.0,0.0
216.6,vehicle.nissan.micra,0.0,0.0
216.77,vehicle.nissan.micra,0.0,0.0
216.86,vehicle.nissan.micra,0.0,0.0
216.96,vehicle.nissan.micra,0.0,0.0
217.05,vehicle.nissan.micra,0.0,0.0
217.13,vehicle.nissan.micra,0.0,0.0
217.25,vehicle.nissan.micra,0.0,0.0
217.31,vehicle.nissan.micra,0.0,0.0
217.48,vehicle.nissan.micra,0.0,0.0
217.56,vehicle.nissan.micra,0.0,0.0
217.64,vehicle.nissan.micra,0.0,0.0
217.78,vehicle.nissan.micra,0.0,0.0
217.84,vehicle.nissan.micra,0.0,0.0
217.93,vehicle.nissan.micra,0.0,0.0
218.05,vehicle.nissan.micra,0.0,0.0
218.15,vehicle.nissan.micra,0.0,0.0
218.31,vehicle.nissan.micra,0.0,0.0
218.31,vehicle.nissan.micra,0.0,0.0
218.44,vehicle.nissan.micra,0.0,0.0
218.55,vehicle.nissan.micra,0.0,0.0
218.64,vehicle.nissan.micra,0.0,0.0
218.73,vehicle.nissan.micra,0.0,0.0
218.86,vehicle.nissan.micra,0.0,0.0
218.96,vehicle.nissan.micra,0.0,0.0
219.05,vehicle.nissan.micra,0.0,0.0
219.13,vehicle.nissan.micra,0.0,0.0
219.29,vehicle.nissan.micra,0.0,0.0
219.34,vehicle.nissan.micra,0.0,0.0
219.44,vehicle.nissan.micra,0.0,0.0
219.59,vehicle.nissan.micra,0.0,0.0
219.6,vehicle.nissan.micra,0.0,0.0
219.78,vehicle.nissan.micra,0.0,0.0
219.82,vehicle.nissan.micra,0.0,0.0
219.95,vehicle.nissan.micra,0.0,0.0
220.08,vehicle.nissan.micra,0.0,0.0
220.17,vehicle.nissan.micra,0.0,0.0
220.21,vehicle.nissan.micra,0.0,0.0
220.35,vehicle.nissan.micra,0.0,0.0
220.44,vehicle.nissan.micra,0.0,0.0
220.57,vehicle.nissan.micra,0.0,0.0
220.66,vehicle.nissan.micra,0.0,0.0
220.75,vehicle.nissan.micra,0.0,0.0
220.8,vehicle.nissan.micra,0.0,0.0
220.95,vehicle.nissan.micra,0.0,0.0
221.08,vehicle.nissan.micra,0.0,0.0
221.12,vehicle.nissan.micra,0.0,0.0
221.25,vehicle.nissan.micra,0.0,0.0
221.34,vehicle.nissan.micra,0.0,0.0
221.43,vehicle.nissan.micra,0.0,0.0
221.52,vehicle.nissan.micra,0.0,0.0
221.65,vehicle.nissan.micra,0.0,0.0
